chembl_id,smiles,scaffold,pchembl_obs,pIC50_obs,pIC50_pred,pIC50_pred_cv,residual,residual_cv
CHEMBL1767046,CNC(=O)/C(CCCCC[C@H](NCc1ccc(OC)cc1)C(=O)Nc1ccccc1)=N\O,,4.02,4.02,4.187602355672598,4.822514150386359,-0.1676023556725985,-0.8025141503863598
CHEMBL1469,O=C(O)CCCc1ccccc1,,4.03,4.03,4.453454887221108,5.380570638318996,-0.4234548872211077,-1.3505706383189962
CHEMBL3605493,Nc1ccccc1NC(=O)c1ccc(CSC2=N[C@@H](Cc3ccccc3)CO2)cc1,,4.06,4.06,4.411248402447651,4.839502446287614,-0.3512484024476512,-0.7795024462876148
CHEMBL1767047,CNC(=O)/C(CCCCC[C@@H](C(=O)Nc1ccccc1)N(Cc1ccccc1)Cc1ccccc1)=N\O,,4.06,4.06,4.146198375585145,4.44266678770429,-0.08619837558514565,-0.38266678770429063
CHEMBL3605499,Nc1ccccc1NC(=O)c1ccc(CNC2=N[C@@H](c3ccc(O)cc3)CO2)cc1,,4.08,4.08,4.283276332654135,4.5624108579377225,-0.20327633265413514,-0.4824108579377224
CHEMBL3605498,Nc1ccccc1NC(=O)c1ccc(CNC2=NC(c3ccc(C(F)(F)F)cc3)CO2)cc1,,4.09,4.09,4.364429701655197,4.423219714865875,-0.27442970165519753,-0.33321971486587554
CHEMBL3605495,Nc1ccccc1NC(=O)c1ccc(CNC2=N[C@H](c3ccccc3)CO2)cc1,,4.09,4.09,4.404226263668251,4.519188565236085,-0.31422626366825135,-0.4291885652360854
CHEMBL5414244,Nc1ccccc1NC(=O)/C=C/c1ccc(NC(=O)Cc2ccc3ccccc3c2)cn1,,4.11,4.11,4.388740539276133,4.866003021099015,-0.27874053927613307,-0.7560030210990147
CHEMBL1767038,CNC(=O)/C(CCCCCCC(=O)Nc1cccc(-c2cccnc2)c1)=N\O,,4.12,4.12,4.34868512640414,4.839136081802526,-0.22868512640414007,-0.7191360818025263
CHEMBL5399910,CC(C)C(C(=O)Nc1ccc(C(=O)Nc2ccccc2N)nc1)c1ccccc1,,4.12,4.12,4.304769274411255,4.415722972871814,-0.1847692744112548,-0.2957229728718138
CHEMBL4173739,Nc1ccccc1NC(=O)CCCc1ccc(N(CCCl)CCCl)cc1,,4.12,4.12,4.388364883502472,5.080314477304178,-0.2683648835024721,-0.9603144773041778
CHEMBL564916,Nc1ccccc1NC(=O)CCCCCC(c1c[nH]c2ccccc12)c1c[nH]c2ccccc12,,4.13,4.13,4.642153053400467,5.21006049429003,-0.5121530534004668,-1.0800604942900298
CHEMBL2170173,COc1cc(COc2ccc(NC(=O)CCCCCCC(=O)OCCN=[N+]=[N-])cc2)cc(N=[N+]=[N-])c1,,4.17,4.17,4.3485944487362636,4.563226537031749,-0.17859444873626362,-0.39322653703174915
CHEMBL5433683,CCC(C(=O)Nc1ccc(C(=O)Nc2ccccc2N)nc1)c1ccccc1,,4.18,4.18,4.375556189612794,4.592620457237842,-0.19555618961279464,-0.4126204572378427
CHEMBL1767030,CNC(=O)/C(CCCCCCC(=O)Nc1ccc2ccccc2c1)=N\O,,4.19,4.19,4.4571416473092,5.059836701107974,-0.26714164730919965,-0.8698367011079737
CHEMBL3605501,Nc1ccccc1NC(=O)c1ccc(CNC2=N[C@@H](Cc3ccccc3)CO2)cc1,,4.2,4.2,4.2302091005693505,4.494792667777666,-0.030209100569350333,-0.2947926677776662
CHEMBL1767032,CNC(=O)/C(CCCCCCC(=O)NC1c2ccccc2-c2ccccc21)=N\O,,4.23,4.23,4.340329047661283,5.074368054929524,-0.11032904766128215,-0.8443680549295234
CHEMBL3605504,Nc1ccccc1NC(=O)c1ccc(CNC2=NC(c3ccccc3)(c3ccccc3)CO2)cc1,,4.27,4.27,4.402767466299025,4.6244945324622035,-0.13276746629902547,-0.35449453246220397
CHEMBL2170172,Cc1cc(C)cc(COc2ccc(NC(=O)CCCCCCC(=O)OC(C)(C)C)cc2)c1,,4.27,4.27,4.364233567433839,4.585360219559617,-0.09423356743383948,-0.3153602195596177
CHEMBL3605497,Nc1ccccc1NC(=O)c1ccc(CNC2=NC(c3cccc(F)c3)CO2)cc1,,4.28,4.28,4.375282970753759,4.600610187191433,-0.09528297075375836,-0.3206101871914324
CHEMBL539664,Cn1cc(C=O)cc1CCC(=O)NO,,4.28,4.28,4.855696108452168,5.479741392655903,-0.5756961084521679,-1.1997413926559028
CHEMBL5266902,COc1ccc(NC(=O)CCCCCCNC(=O)C(O)(O)C(F)(F)F)cc1,,4.29,4.29,4.505402040426123,5.137189066996287,-0.215402040426123,-0.8471890669962869
CHEMBL3769415,COc1ccc(-c2nc(C(=O)NO)co2)cc1,,4.29,4.29,4.532064676732816,4.866355813211895,-0.24206467673281562,-0.5763558132118947
CHEMBL396097,O=C(NO)C(c1ccccc1)c1ccccc1,,4.3,4.3,4.669740532722525,5.479530329222827,-0.36974053272252494,-1.1795303292228274
CHEMBL2170176,COC(=O)CCCCCCNC(=O)c1cc(-c2ccc(NC(=O)c3cc(CN=[N+]=[N-])cc(N=[N+]=[N-])c3)cc2)on1,,4.33,4.33,4.443415916974658,5.486923580252695,-0.1134159169746578,-1.1569235802526947
CHEMBL5830752,CC(C)C(=O)NC(Cc1ccc(-c2noc(C(F)(F)F)n2)cn1)c1cccc(C(F)(F)F)c1,,4.35,4.35,4.754143950375165,5.40584404435662,-0.4041439503751656,-1.0558440443566202
CHEMBL5878872,CC1(C)CCCN1C(=O)[C@@H]1CCC(=O)N1c1cc(F)c(-c2noc(C(F)(F)F)n2)cc1F,,4.35,4.35,4.388110966973358,4.4003593645367225,-0.03811096697335792,-0.05035936453672285
CHEMBL5749451,FC(F)(F)c1nc(-c2cnc(COc3ccc4ccccc4n3)nc2)no1,,4.35,4.35,4.959268327381576,5.504203579211701,-0.6092683273815762,-1.1542035792117016
CHEMBL5935148,CC1(C)CC(c2ccccc2)N(c2ccc(-c3noc(C(F)(F)F)n3)cc2F)C1=O,,4.35,4.35,4.751581723901844,5.290434206494327,-0.40158172390184443,-0.9404342064943272
CHEMBL5888369,Fc1ccc2ccc(OCc3ccc(-c4noc(C(F)(F)F)n4)cn3)nc2c1,,4.35,4.35,4.8723848134314665,5.279207704142984,-0.5223848134314668,-0.9292077041429847
CHEMBL5782142,Fc1cc(COc2ccccc2)ccc1-c1noc(C(F)(F)F)n1,,4.35,4.35,4.902231546348442,5.600407840717392,-0.552231546348442,-1.2504078407173926
CHEMBL6043486,Fc1cc(CNc2ccc3ccncc3c2)ccc1-c1noc(C(F)(F)F)n1,,4.35,4.35,4.858799702369799,5.390404880940585,-0.5087997023697994,-1.040404880940585
CHEMBL5867217,O=C1NCCc2c(OCc3ccc(-c4noc(C(F)(F)F)n4)c(F)c3)cccc21,,4.35,4.35,4.578159534015995,5.519220779089602,-0.22815953401599565,-1.1692207790896028
CHEMBL5631614,Nc1nc(Cl)c2ncn(Cc3ccc(-c4noc(C(F)(F)F)n4)cc3F)c2n1,,4.35,4.35,4.785307545459045,5.497887938728967,-0.43530754545904493,-1.1478879387289673
CHEMBL5832302,O=C(NC(Cc1ccc(-c2noc(C(F)(F)F)n2)cn1)c1cccc(C(F)(F)F)c1)C(F)(F)F,,4.35,4.35,5.042931599011547,5.379922616926322,-0.6929315990115477,-1.0299226169263225
CHEMBL3770763,O=C(NO)c1coc(-c2ccc(F)cc2)n1,,4.36,4.36,4.5985631979619,4.864342349414968,-0.2385631979618994,-0.5043423494149675
CHEMBL321105,COc1ccc(NC(=O)c2ccc(CNC(=O)OCc3cccnc3)cc2)c(N)c1,,4.36,4.36,4.7456138178969045,5.294409328796023,-0.3856138178969042,-0.9344093287960229
CHEMBL2170168,CC(C)(C)OC(=O)CCCCCCC(=O)Nc1ccc(OCc2cc(CN=[N+]=[N-])cc(N=[N+]=[N-])c2)cc1,,4.37,4.37,4.245802291023301,4.2418937332056945,0.12419770897669924,0.1281062667943056
CHEMBL1171228,O=C(NO)N1CCN(C(=S)N/N=C/c2ccc(Cl)cc2)CC1,,4.37,4.37,4.451352600853372,4.930843841266446,-0.08135260085337226,-0.560843841266446
CHEMBL5396691,CC(C)C(C(=O)Nc1ccc(/C=C/C(=O)Nc2ccccc2N)nc1)c1ccccc1,,4.37,4.37,4.477422973780527,4.620600203392923,-0.10742297378052701,-0.2506002033929233
CHEMBL3274303,Ic1ccccn1,,4.38,4.38,4.98730923867586,5.272483530960232,-0.6073092386758603,-0.8924835309602317
CHEMBL319375,Nc1cc(Cl)ccc1NC(=O)c1ccc(CNC(=O)OCc2cccnc2)cc1,,4.4,4.4,4.777363671598948,5.183918691638219,-0.3773636715989479,-0.7839186916382186
CHEMBL4746267,CCC(=O)CCCCC[C@H](NC(=O)[C@H]1CC12CCN(C)CC2)c1[nH]c(-c2ccccc2F)nc1C#N,,4.4,4.4,4.697304602290799,5.27739550269117,-0.297304602290799,-0.8773955026911695
CHEMBL117,O=c1cc(-c2ccccc2)oc2cc(O)cc(O)c12,,4.4,4.4,4.791747754362449,5.589792461001549,-0.3917477543624486,-1.1897924610015487
CHEMBL5218693,CCC(=O)CCCCC[C@H](NC(=O)[C@H]1CC12CCN(CC)CC2)c1ncc(-c2cc3ccc(C)nc3cc2OC)o1,,4.41,4.41,4.703512973849421,4.988743947502554,-0.29351297384942043,-0.578743947502554
CHEMBL4750027,CCC(=O)CCCCC[C@H](NC(=O)[C@H]1CC12CCN(C)CC2)c1[nH]c(-c2cccnc2OC)nc1C#N,,4.42,4.42,4.81758710271861,5.2141148142627785,-0.3975871027186102,-0.7941148142627785
CHEMBL3770180,O=C(NO)c1noc(-c2ccccc2)n1,,4.42,4.42,4.981334271701392,5.348620195563887,-0.5613342717013925,-0.9286201955638873
CHEMBL2170167,COC(=O)CCCCCCC(=O)Nc1ccc(OCc2cc(CN=[N+]=[N-])cc(N=[N+]=[N-])c2)cc1,,4.43,4.43,4.332788381374312,4.47479980009437,0.09721161862568728,-0.04479980009437057
CHEMBL2170175,COC(=O)CCCCCCC(=O)Nc1cnn(Cc2cc(CN=[N+]=[N-])cc(N=[N+]=[N-])c2)c1,,4.44,4.44,4.770333763071577,5.9975419633469915,-0.330333763071577,-1.5575419633469911
CHEMBL5412379,CCC(C(=O)Nc1ccc(/C=C/C(=O)Nc2ccccc2N)nc1)c1ccccc1,,4.45,4.45,4.478396493550742,4.694248660620089,-0.028396493550741475,-0.2442486606200891
CHEMBL3770119,O=C(NO)c1csc(Cc2ccccc2)n1,,4.46,4.46,4.99173945768783,5.556606859194005,-0.5317394576878298,-1.0966068591940052
CHEMBL2407720,Nc1ccccc1NC(=O)c1ccc(CNC2=N[C@@H](Cc3ccccc3)CS2)cc1,,4.46,4.46,4.82050176492371,4.966238905848572,-0.36050176492371033,-0.5062389058485719
CHEMBL5189207,O=C1NC(=O)/C(=C\c2ccc(OCC(=O)N3N=C(c4ccccc4)CC3c3ccc(Br)cc3)cc2)S1,,4.46,4.46,4.599703851605893,4.693824804211171,-0.13970385160589327,-0.2338248042111708
CHEMBL3771174,Cc1ccc(-c2nc(C(=O)NO)co2)cc1,,4.47,4.47,4.648762907498336,4.644665652820372,-0.1787629074983359,-0.17466565282037205
CHEMBL461173,CC(C)Cc1nc2cc(CCC(=O)NO)ccc2n1CCCO,,4.47,4.47,4.954937237002838,6.296030183993414,-0.4849372370028382,-1.8260301839934145
CHEMBL1169978,O=C(NO)N1CCN(C(=S)N/N=C/c2ccccc2O)CC1,,4.47,4.47,4.493520636093357,4.82969491226871,-0.023520636093357083,-0.35969491226871053
CHEMBL4218901,CC(C)[C@H](NS(=O)(=O)c1cccc(C(=O)NO)c1)C(=O)Nc1ccccc1,,4.47,4.47,4.767894203374762,6.131108297228993,-0.2978942033747627,-1.661108297228993
CHEMBL3605496,Nc1ccccc1NC(=O)c1ccc(CNC2=NC(c3ccc(F)cc3)CO2)cc1,,4.47,4.47,4.402715656038911,4.494264638229166,0.06728434396108884,-0.024264638229166025
CHEMBL5396543,Nc1ccccc1NC(=O)/C=C/c1ccc(NC(=O)Cc2ccccc2)cn1,,4.5,4.5,4.5000340547462985,4.627763058517177,-3.405474629847305e-05,-0.12776305851717673
CHEMBL3771189,O=C(NO)c1coc(-c2ccc(Cl)cc2)n1,,4.51,4.51,4.600115732571257,4.653769820111565,-0.09011573257125693,-0.14376982011156514
CHEMBL4462363,Cc1cccc2c1SC(=S)N1CCN=C21,,4.51,4.51,5.156785254752276,5.530841871499135,-0.6467852547522766,-1.020841871499135
CHEMBL3235787,COc1ccc(-c2ccc(/C=C/C=C/C(=O)NO)cc2)cc1C12CC3CC(CC(C3)C1)C2,,4.51,4.51,4.890159862112984,5.989217720892436,-0.38015986211298447,-1.4792177208924366
CHEMBL5205473,Cc1ccc(C2CC(c3ccccc3)=NN2C(=O)COc2ccc(/C=C3/SC(=O)NC3=O)cc2)cc1,,4.51,4.51,4.646995525231733,5.0176145154737934,-0.13699552523173342,-0.5076145154737937
CHEMBL5432418,Cn1cc(I)[n+](C)c1,,4.51,4.51,4.91477311167561,5.06157742017517,-0.4047731116756106,-0.5515774201751702
CHEMBL4552915,S=C1Sc2c(Cl)cccc2C2=NCCCN12,,4.52,4.52,5.24888638455845,5.667188941331284,-0.7288863845584501,-1.1471889413312848
CHEMBL4468076,O=C(CCCCCCn1cc(-c2ccc(C(=O)c3c(-c4ccc(O)cc4)sc4cc(O)ccc34)cc2)nn1)NO,,4.52,4.52,4.812150188657192,5.1442540746550325,-0.29215018865719244,-0.6242540746550329
CHEMBL5278407,O=C(CCCCCCNC(=O)C(O)(O)C(F)(F)F)Nc1ncc(-c2ccc(O)cc2)s1,,4.52,4.52,4.72921014359035,5.003902707091733,-0.20921014359035084,-0.4839027070917332
CHEMBL1836145,CCCC[C@H]1NC(=O)C[C@H]2/C=C/CCSSC[C@@H](NC1=O)C(=O)N[C@H]([C@@H](C)CC)[C@@H](O)CC(=O)O2,,4.52,4.52,5.097632689106861,6.114579963283523,-0.5776326891068617,-1.5945799632835236
CHEMBL1767037,CNC(=O)/C(CCCCCCC(=O)Nc1cccc(-c2ccc(C(=O)O)cc2)c1)=N\O,,4.53,4.53,4.463036368812451,4.539255276686327,0.06696363118754967,-0.009255276686326752
CHEMBL4853791,Cn1c(SCc2ccc(C(=O)NO)cc2)nnc1-c1ccncc1,,4.53,4.53,4.796067637064871,5.292140283455175,-0.2660676370648707,-0.7621402834551745
CHEMBL4082254,C[C@@H](OCc1ccccc1)[C@@H]1N=C(c2ccccc2)c2ccccc2N(CCCCC(=O)NO)C1=O,,4.53,4.53,4.617104003997726,4.983103936741515,-0.08710400399772578,-0.45310393674151506
CHEMBL3605505,Nc1ccccc1NC(=O)c1ccc(CNC2=N[C@@H](c3ccccc3)[C@H](c3ccccc3)O2)cc1,,4.54,4.54,4.5593071979133635,4.506870011916487,-0.01930719791336344,0.03312998808351342
CHEMBL5823465,Cc1noc([C@H]2CCCCN2c2cc(F)c(-c3noc(C(F)(F)F)n3)cc2F)n1,,4.54,4.54,4.859066782564605,5.213445666766109,-0.3190667825646045,-0.6734456667661091
CHEMBL3770029,COc1ccc2cc(-c3nc(C(=O)NO)co3)ccc2c1,,4.54,4.54,4.767921842630303,4.9957351978953835,-0.22792184263030268,-0.4557351978953834
CHEMBL4869232,C=CCn1c(SCc2ccc(C(=O)NO)cc2)nnc1-c1ccncc1,,4.55,4.55,4.781115082567062,5.24028006010786,-0.23111508256706248,-0.6902800601078605
CHEMBL2170174,COc1cc(COc2ccc(NC(=O)CCCCCCC(=O)OCc3ccc(CN=[N+]=[N-])cc3)cc2)cc(N=[N+]=[N-])c1,,4.55,4.55,4.409598206234172,4.358097154016714,0.14040179376582795,0.19190284598328589
CHEMBL4436916,O=C(NO)c1ccc(NC(=S)N/N=C/c2ccccc2)cc1,,4.56,4.56,4.69999994330715,4.8965828722339015,-0.13999994330715015,-0.33658287223390193
CHEMBL6171061,O=C(NO)c1cccc2[nH]c(C#Cc3ccccc3)cc12,,4.56,4.56,4.7023810226922516,5.030734344538122,-0.14238102269225195,-0.4707343445381227
CHEMBL1096986,O=C(CCCCC[C@@H]1NC(=O)[C@H](Cc2c[nH]c3ccccc23)NC(=O)[C@H]2CCCN2C(=O)[C@H](Cc2c[nH]c3ccccc23)NC1=O)NO,,4.56,4.56,5.354497047644805,6.473493830336301,-0.7944970476448052,-1.9134938303363018
CHEMBL3771326,O=C(NO)c1coc(-c2ccc(-c3ccccc3)cc2)n1,,4.56,4.56,4.683235999736154,4.829529741743399,-0.12323599973615451,-0.2695297417433995
CHEMBL2407731,CC(C)(C)OC(=O)N1C(NCc2ccc(C(=O)Nc3ccccc3N)cc2)=NC(=O)C1Cc1c[nH]c2ccccc12,,4.57,4.57,4.629187669150417,5.1320242564831995,-0.05918766915041651,-0.5620242564831992
CHEMBL5218487,CCC(=O)CCCCC[C@H](NC(=O)[C@H]1CC12CCN(CC)CC2)c1ncc(-c2cc3cn(C)nc3cc2OC)o1,,4.57,4.57,4.760110229009179,5.305700603759889,-0.1901102290091785,-0.7357006037598888
CHEMBL5888879,CN(C(=O)[C@@H]1CCC(=O)N1c1ccc(-c2noc(C(F)(F)F)n2)c(F)c1)C(C)(C)C,,4.57,4.57,4.7621060230086725,4.986446401889245,-0.1921060230086722,-0.4164464018892451
CHEMBL5405819,C[n+]1ccnc(I)c1,,4.57,4.57,5.231542919561966,5.548391749805473,-0.661542919561966,-0.978391749805473
CHEMBL4250582,C[Si](O)(O)CCCCCCC(=O)Nc1ccccc1,,4.57,4.57,5.174746680098947,5.438300131938007,-0.6047466800989465,-0.8683001319380068
CHEMBL5901538,O=C1COC[C@@H](c2ccccc2)N1c1ccc(-c2noc(C(F)(F)F)n2)nc1,,4.57,4.57,5.225813440707452,5.495206594763239,-0.6558134407074521,-0.9252065947632389
CHEMBL4586891,O=C(CCCCCn1cc(-c2ccc(C(=O)c3c(-c4ccc(O)cc4)sc4cc(O)ccc34)cc2)nn1)NO,,4.575,4.575,4.701144597948422,4.835234576639232,-0.12614459794842148,-0.260234576639232
CHEMBL1672332,CCCC(=O)NO,,4.58,4.58,5.137007678480083,5.532738353721204,-0.5570076784800833,-0.9527383537212035
CHEMBL5786694,O=C([C@@H]1CCC(=O)N1c1cc(F)c(-c2noc(C(F)(F)F)n2)cc1F)N1CCC1,,4.58,4.58,4.780048352958519,4.882330318387327,-0.20004835295851908,-0.3023303183873267
CHEMBL5192370,O=C1NC(=O)/C(=C\c2ccc(OCC(=O)N3N=C(c4ccccc4)CC3c3ccc(F)cc3)cc2)S1,,4.58,4.58,4.585546442230865,4.728937552265498,-0.00554644223086509,-0.14893755226549832
CHEMBL5847829,FC(F)(F)c1nc(-c2ccc(N[C@@H]3CCCC[C@H]3c3ccccc3)nc2)no1,,4.58,4.58,4.940205791166173,5.737726947193799,-0.36020579116617313,-1.1577269471937992
CHEMBL3769820,O=C(NO)c1coc(-c2ccc3ccccc3c2)n1,,4.58,4.58,4.8353007614491625,4.889198778101955,-0.25530076144916247,-0.30919877810195473
CHEMBL6062795,CC1(C)CCCN1C(=O)[C@@H]1CCC(=O)N1c1ccc(-c2noc(C(F)(F)F)n2)c(F)c1,,4.6,4.6,4.581537382910966,4.626752441264655,0.01846261708903363,-0.026752441264655147
CHEMBL445599,C=C(C)[C@H](CC=C(C)C)C[C@]12C[C@H](CC=C(C)C)C(C)(C)[C@](CC=C(C)C)(C(=O)C(C(=O)c3ccc(O)c(O)c3)=C1O)C2=O,,4.6,4.6,4.6815432498907015,5.708405601628892,-0.08154324989070183,-1.1084056016288928
CHEMBL5183909,O=C1NC(=O)/C(=C\c2ccc(OCC(=O)N3N=C(c4ccc(F)cc4)CC3c3ccc(Cl)c(Cl)c3)cc2)S1,,4.6,4.6,4.567293557191915,4.878092746807781,0.032706442808084546,-0.27809274680778096
CHEMBL5969697,CC1(C)CCCCN1C(=O)[C@@H]1CCC(=O)N1c1ccc(-c2noc(C(F)(F)F)n2)c(F)c1,,4.6,4.6,4.662672714875808,4.611941514837135,-0.06267271487580839,-0.011941514837135792
CHEMBL2407732,CC(=O)N1C(NCc2ccc(C(=O)Nc3ccccc3N)cc2)=NC(=O)C1Cc1c[nH]c2ccccc12,,4.61,4.61,4.760766601657933,5.300485792496342,-0.15076660165793232,-0.6904857924963421
CHEMBL4069031,C[C@@H]1N=C(c2ccccc2)c2ccccc2N(CCCCC(=O)NO)C1=O,,4.61,4.61,4.7462616759253535,4.924795054040757,-0.1362616759253532,-0.3147950540407569
CHEMBL5422847,Cn1cc(C#N)[n+](C)c1,,4.62,4.62,4.896990521354959,5.00673513069318,-0.27699052135495883,-0.38673513069317966
CHEMBL1800241,CC(=O)Nc1ccc(C(=O)CSc2nc(C)cc(O)n2)cc1,,4.62,4.62,4.904124850310865,5.82750610549005,-0.28412485031086465,-1.20750610549005
CHEMBL4213975,C[C@H](NS(=O)(=O)c1cccc(C(=O)NO)c1)C(=O)Nc1ccccc1,,4.62,4.62,4.74435797131305,6.160357129275745,-0.12435797131305026,-1.540357129275745
CHEMBL5219978,CCC(=O)CCCCC[C@H](NC(=O)[C@H]1CC12CCN(C)CC2)c1ncc(-c2cc3ccc(C4CC4)nc3cc2F)o1,,4.62,4.62,4.738327443025599,5.02359180812855,-0.11832744302559917,-0.40359180812855033
CHEMBL4086281,O=C(CCCCN1C(=O)[C@H](CCC(=O)NC(c2ccccc2)(c2ccccc2)c2ccccc2)N=C(c2ccccc2)c2ccccc21)NO,,4.63,4.63,4.915225844383851,5.049929198646496,-0.28522584438385135,-0.41992919864649636
CHEMBL1096982,O=C(O)CC/C=C\C[C@@H]1NC(=O)[C@H]2CCCN2C(=O)[C@H](Cc2ccccc2)NC(=O)[C@H](Cc2c[nH]c3ccccc23)NC1=O,,4.64,4.64,4.724810731277664,5.744444532738289,-0.08481073127766425,-1.104444532738289
CHEMBL449493,O=C(N[C@@H](CCCCCB(O)O)C(=O)Nc1cccc(-c2ccccc2)c1)c1cccnc1,,4.64,4.64,5.194751705414262,5.999317794880812,-0.5547517054142626,-1.3593177948808126
CHEMBL2407734,CC(=O)N1C(NCc2ccc(C(=O)Nc3ccccc3N)cc2)=NC(=O)C1Cc1ccccc1,,4.64,4.64,4.684221763827357,5.29356256217916,-0.04422176382735721,-0.6535625621791601
CHEMBL5403353,Cn1c(Br)cc[n+]1C,,4.64,4.64,5.073031816582596,5.285349602572616,-0.43303181658259593,-0.6453496025726162
CHEMBL4854089,C=CCn1c(SCc2ccc(C(=O)Nc3ccccc3N)cc2)nnc1-c1ccncc1,,4.65,4.65,4.853287129440501,5.003255466803299,-0.20328712944050054,-0.353255466803299
CHEMBL3415624,O=C(NO)c1ccc(NC2CCN(c3ccc(Cl)cc3)C2=O)c(Cl)c1,,4.65,4.65,5.25529669530882,6.352530556494604,-0.6052966953088195,-1.7025305564946036
CHEMBL6174342,O=C(NO)c1cccc2[nH]c(C#Cc3cccc(C(F)(F)F)c3)cc12,,4.65,4.65,4.7006924877407705,5.113570533355777,-0.050692487740770176,-0.46357053335577625
CHEMBL1767029,CNC(=O)/C(CCCCCCC(=O)Nc1ccccc1)=N\O,,4.655,4.655,4.482945428343509,4.393758344354872,0.17205457165649118,0.26124165564512847
CHEMBL3527525,Cc1[nH]c2ccccc2c1CCNCc1ccc(/C=C/C(N)=O)cc1,,4.66,4.66,4.9594496504484535,5.451767238513121,-0.2994496504484534,-0.7917672385131205
CHEMBL4073372,CC(C)(C)OC(=O)NCCCC[C@@H]1N=C(c2ccccc2)c2ccccc2N(CCCCC(=O)NO)C1=O,,4.66,4.66,4.792581297335866,5.017139008580952,-0.1325812973358662,-0.35713900858095204
CHEMBL337584,O=CN(O)CCCCCNC(=O)c1ccccc1,,4.66,4.66,5.016081574368068,5.4304994178781865,-0.3560815743680674,-0.7704994178781863
CHEMBL4849920,CCC(=O)CCCCC[C@@H]1NC(=O)C2CCN2CCCCCOc2ccccc2-c2cnc1[nH]2,,4.67,4.67,4.930321776015511,5.182272533765964,-0.26032177601551076,-0.5122725337659642
CHEMBL5440724,C#Cc1cnc[n+](C)c1,,4.68,4.68,5.136250270093832,5.351304829688944,-0.45625027009383246,-0.6713048296889443
CHEMBL5798673,O=C1COC[C@@H](c2ccccc2)N1c1ccc(-c2noc(C(F)(F)F)n2)nn1,,4.68,4.68,5.217139630048365,5.349354094004562,-0.5371396300483653,-0.6693540940045626
CHEMBL2333338,CN1CCN(CCNC(=O)c2ccc(C(=O)NO)cc2)CC1,,4.68,4.68,5.257230967910662,5.988971449655304,-0.577230967910662,-1.3089714496553047
CHEMBL4443377,Fc1cccc2c1SC(=S)N1CCCN=C21,,4.68,4.68,5.166167422203746,5.652264843681014,-0.48616742220374665,-0.972264843681014
CHEMBL5822994,CN(C(=O)[C@@H]1CCC(=O)N1c1cc(F)c(-c2noc(C(F)(F)F)n2)cc1F)C(C)(C)C,,4.68,4.68,4.539781223923016,4.72574022235188,0.14021877607698396,-0.045740222351880355
CHEMBL5823580,FC(F)(F)c1nc(-c2ccc(COc3ccc4ccccc4n3)nc2)no1,,4.68,4.68,4.985652634593472,5.259936681818175,-0.30565263459347225,-0.5799366818181753
CHEMBL5272159,O=C(CCCCCCNC(=O)C(O)(O)C(F)(F)F)Nc1ncc(-c2ccccc2)s1,,4.68,4.68,4.869776151709198,5.087830647421839,-0.18977615170919826,-0.4078306474218394
CHEMBL3770606,O=C(NO)c1coc(-c2ccccc2Br)n1,,4.69,4.69,4.76990558179736,4.92894294126113,-0.07990558179735974,-0.23894294126112925
CHEMBL4072618,CSCC[C@@H]1N=C(c2ccccc2)c2ccccc2N(CCCCC(=O)NO)C1=O,,4.69,4.69,4.804387869979648,4.812768573016585,-0.11438786997964723,-0.12276857301658417
CHEMBL5431064,Cn1cc(Br)[n+](C)c1,,4.7,4.7,4.959557428161741,5.141286721960672,-0.25955742816174077,-0.44128672196067154
CHEMBL5085871,COc1ccc(-c2ncc(C(=O)NCCCCCC(=O)NO)s2)c(OC)c1,,4.7,4.7,4.903803726341195,5.263835703607956,-0.20380372634119492,-0.563835703607956
CHEMBL5220278,CCC(=O)CCCCC[C@H](NC(=O)[C@H]1CC12CCN(C)CC2)c1ncc(-c2cc3ccc(C)nc3cc2OC)o1,,4.7,4.7,4.722428643744545,4.653861672348068,-0.022428643744544452,0.046138327651932265
CHEMBL154517,O=C(NO)c1cccc(-c2ccccc2)c1,,4.7,4.7,5.692305151524624,5.974749133261431,-0.992305151524624,-1.2747491332614311
CHEMBL3771009,O=C(NO)c1noc(-c2ccc(Br)cc2)n1,,4.7,4.7,5.041721053978197,5.175621969569072,-0.34172105397819674,-0.47562196956907155
CHEMBL4069885,CC(C)[C@@H]1N=C(c2ccccc2)c2ccccc2N(CCCCC(=O)NO)C1=O,,4.7,4.7,4.666270173060214,4.908231012279938,0.0337298269397861,-0.20823101227993757
CHEMBL3286732,Nc1ccc(-c2cccs2)cc1NC(=O)c1ccc(N2CCC3(CC2)CNC(=O)O3)nc1,,4.7,4.7,4.828741110881845,5.444159163666076,-0.1287411108818448,-0.744159163666076
CHEMBL4546327,O=C(NO)c1ccc(NC(=S)N/N=C/c2ccc(F)cc2)cc1,,4.71,4.71,4.828455661436614,5.226941476126906,-0.1184556614366139,-0.516941476126906
CHEMBL4797893,CCC(=O)CCCCC[C@H](NC(=O)[C@H]1CC12CCN(C)CC2)c1[nH]c(-c2ccc(C(F)(F)F)cc2)nc1C#N,,4.72,4.72,4.855396342451522,5.004506630288315,-0.13539634245152232,-0.28450663028831524
CHEMBL1630108,O=C(/C=C/c1ccc(-c2ccc3ncnc(Nc4ccc(OCc5cccc(F)c5)c(Cl)c4)c3c2)s1)NO,,4.72,4.72,4.969074404607749,6.0048027684008956,-0.24907440460774932,-1.2848027684008958
CHEMBL4204967,O=C(CCN1CCc2ccccc2C1)NO,,4.72,4.72,5.336442927195948,6.144192247012299,-0.6164429271959486,-1.4241922470122992
CHEMBL5830330,O=C([C@@H]1CCC(=O)N1c1cc(F)c(-c2noc(C(F)(F)F)n2)cc1F)N1CCCc2ccccc21,,4.72,4.72,4.923121042291716,4.981789810774014,-0.20312104229171624,-0.2617898107740144
CHEMBL4211116,O=C(NO)c1cccc(S(=O)(=O)N[C@@H](Cc2c[nH]c3ccccc23)C(=O)NCc2ccccc2)c1,,4.72,4.72,5.14200075753164,5.718279302004623,-0.4220007575316407,-0.9982793020046232
CHEMBL5942190,CC(C)(C)OC(=O)N(Cc1ccc(-c2noc(C(F)(F)F)n2)cn1)c1cccc(F)c1,,4.72,4.72,5.167319424936322,5.535645685560575,-0.44731942493632193,-0.8156456855605754
CHEMBL5856228,CC(C)(C)OC(=O)[C@@H]1CCC(=O)N1c1ccc(-c2noc(C(F)(F)F)n2)c(F)c1,,4.72,4.72,5.083488057165752,5.077315286466867,-0.3634880571657524,-0.35731528646686694
CHEMBL5407828,Cn1c(I)cc[n+]1C,,4.72,4.72,4.96555385248813,5.248761134129911,-0.24555385248813,-0.528761134129911
CHEMBL5916341,O=C1CCc2cccnc2N1Cc1ccc(-c2noc(C(F)(F)F)n2)cn1,,4.75,4.75,5.208769707320684,5.503489077003582,-0.458769707320684,-0.7534890770035823
CHEMBL5779972,CN(C)c1cccc(COc2cc(-c3noc(C(F)(F)F)n3)ccn2)n1,,4.77,4.77,5.359983355164533,5.634457251170262,-0.5899833551645335,-0.8644572511702622
CHEMBL4862556,CCC(=O)CCCCC[C@H](NC(=O)[C@H]1CC12CCN(C)CC2)c1ncc(-c2cc3cccnc3cc2OC)o1,,4.77,4.77,4.7633220583491385,4.665968453103011,0.006677941650861108,0.10403154689698901
CHEMBL2235661,CC(CCc1ccc(NS(=O)(=O)c2ccccc2)cc1)CC(=O)NO,,4.77,4.77,5.064447588288088,6.130213443574179,-0.29444758828808837,-1.360213443574179
CHEMBL4793558,CCC(=O)CCCCCC(NC(=O)c1cncs1)c1[nH]c(-c2ccccc2)nc1C(=O)N1CCOCC1,,4.78,4.78,4.970865477967184,5.3422585368988145,-0.19086547796718367,-0.5622585368988142
CHEMBL5178565,COc1ccc(CNC(=O)c2cc(F)ccc2N2CCOCC2)cc1OCC(=O)NO,,4.78,4.78,5.034149686935643,6.076524893374433,-0.25414968693564255,-1.2965248933744329
CHEMBL4788911,CCC(=O)CCCCC[C@H](NC(=O)[C@H]1CC12CCN(C)CC2)c1[nH]c(-c2ccc(F)cc2)nc1C#N,,4.78,4.78,4.878139297576752,4.912991158570389,-0.09813929757675144,-0.13299115857038846
CHEMBL5596998,CCCCCCN(NC(=O)c1ccc(CNC(=O)CN2CCC(c3ccc(NC4CCC(=O)NC4=O)cc3)CC2)cc1)C(=O)OC(C)(C)C,,4.78,4.78,4.835637100402135,5.523327585785452,-0.05563710040213454,-0.743327585785452
CHEMBL3692573,CN1CCN(C(=O)c2ccc(-c3noc(C(F)(F)F)n3)cc2)CC1,,4.79,4.79,5.072319973620916,5.577667091135813,-0.28231997362091565,-0.7876670911358126
CHEMBL4081822,COc1ccc2c(C(=O)c3cc(OC)c(OC)c(OC)c3)cn(S(=O)(=O)c3cccc(/C=C/C(=O)NO)c3)c2c1,,4.79,4.79,5.347052058637561,6.3895675664316505,-0.5570520586375611,-1.5995675664316504
CHEMBL5440841,Cn1cc(Cl)[n+](C)c1,,4.8,4.8,4.978174752484334,4.9774899180790815,-0.1781747524843338,-0.17748991807908165
CHEMBL4079858,O=C1Nc2ccccc2/C1=N/NC(=S)Nc1ccc(C(=O)NO)cc1,,4.8,4.8,4.809336071508829,5.168048473811245,-0.009336071508829313,-0.3680484738112453
CHEMBL5091419,O=C(COc1ccc2cc(/C=C3/SC(=O)NC3=O)ccc2c1)Nc1ccc(Br)cc1,,4.8,4.8,5.147408327619845,5.3171911733556065,-0.34740832761984475,-0.5171911733556067
CHEMBL242039,CCSC(=S)SCC(=O)c1ccc(OC)cc1,,4.8,4.8,4.940606996410624,5.531406336786171,-0.14060699641062424,-0.7314063367861712
CHEMBL5192137,O=C1NC(=O)/C(=C\c2ccc(OCC(=O)N3N=C(c4ccccc4)CC3c3ccc(C(F)(F)F)cc3)cc2)S1,,4.8,4.8,4.6948066317850135,4.730968703642217,0.10519336821498637,0.0690312963577826
CHEMBL5903335,O=C1C(C2CCOCC2)NC[C@@H](c2cc(F)cc(F)c2)N1c1ccc(-c2noc(C(F)(F)F)n2)cn1,,4.8,4.8,5.126926868787731,5.635474823428956,-0.3269268687877309,-0.8354748234289557
CHEMBL3110003,O=C(NO)C1c2ccccc2-c2ccccc21,,4.815,4.815,4.984931498977129,5.238048188639315,-0.169931498977129,-0.4230481886393145
CHEMBL14227,CCCC(=O)O,,4.82,4.82,4.795462025833592,5.298582003632492,0.02453797416640846,-0.4785820036324919
CHEMBL4860287,CC12CC3CC(C)(C1)CC(NCc1ccc(NCc4ccc(C(=O)NO)cc4)cc1)(C3)C2,,4.82,4.82,5.111818975144585,5.692009345601344,-0.29181897514458477,-0.8720093456013434
CHEMBL5080669,COc1cccc(-c2ncc(C(=O)NCCCCCCC(=O)NO)s2)c1,,4.82,4.82,5.0443457451007525,5.3692371252888,-0.22434574510075223,-0.5492371252887995
CHEMBL2407719,Nc1ccccc1NC(=O)c1ccc(CNC2=N[C@@H](c3ccc(O)cc3)CS2)cc1,,4.82,4.82,4.881253433066981,4.9545208972345876,-0.06125343306698028,-0.13452089723458727
CHEMBL5769384,CC1(Cc2ccc(-c3noc(C(F)(F)F)n3)cc2)C(=O)Nc2ccc(F)cc21,,4.82,4.82,4.995457080004661,5.393475983165388,-0.17545708000466043,-0.5734759831653875
CHEMBL2407724,Nc1ccccc1NC(=O)c1ccc(CNC2=N[C@H](c3ccccc3)[C@@H](c3ccccc3)S2)cc1,,4.83,4.83,4.991370449873848,5.0706935242068605,-0.1613704498738482,-0.2406935242068604
CHEMBL4869027,CCC(=O)CCCCC[C@H](NC(=O)C1CN(C)C1)c1ncc(-c2ccccc2)[nH]1,,4.83,4.83,5.303188406918089,5.58074428830334,-0.47318840691808894,-0.7507442883033395
CHEMBL3628319,CCCCCCCC(=O)SCC/C=C/[C@@H]1CC(=O)N[C@H](C(C)C)C(=O)N[C@H](C)C(=O)N[C@H](C(C)C)C(=O)NCC(=O)O1,,4.84,4.84,4.981148065718733,5.349199229292612,-0.14114806571873295,-0.5091992292926122
CHEMBL5092352,COc1ccc(-c2ncc(C(=O)NCCCCCCC(=O)NO)[nH]2)c(OC)c1,,4.84,4.84,5.427227488021108,6.373002751839493,-0.5872274880211084,-1.5330027518394935
CHEMBL3770095,O=C(NO)c1coc(-c2ccc(Br)cc2)n1,,4.84,4.84,4.647387607225861,4.6359560018065595,0.192612392774139,0.20404399819344032
CHEMBL3605416,Nc1ccccc1NC(=O)c1ccc(CSC2=N[C@@H](c3ccccc3)CN2)cc1,,4.84,4.84,5.015231888111723,5.222119940183862,-0.17523188811172297,-0.38211994018386175
CHEMBL5959499,O=C1CCC(c2cccc(Cl)c2)N1c1ccc(-c2noc(C(F)(F)F)n2)cc1F,,4.85,4.85,5.09074720645868,5.43230215644669,-0.2407472064586802,-0.5823021564466906
CHEMBL5070026,COc1cc(-c2ncc(/C=C/C(=O)Nc3ccccc3N)s2)cc(OC)c1OC,,4.85,4.85,4.902209328770045,4.936340431500794,-0.05220932877004536,-0.08634043150079407
CHEMBL115468,O=C(NO)c1cccc2ccccc12,,4.85,4.85,5.477069300162423,5.690871490946668,-0.6270693001624235,-0.8408714909466681
CHEMBL4540416,O=C(/C=C/c1ccc(Cn2cc(Nc3ncc(Cl)c(Nc4ccc(F)cc4)n3)cn2)cc1)NO,,4.85,4.85,5.24475784897243,6.390602213484083,-0.3947578489724304,-1.5406022134840835
CHEMBL5407724,C[n+]1cccc(Cl)c1,,4.85,4.85,5.124743389031847,5.286919367287001,-0.2747433890318476,-0.4369193672870013
CHEMBL5438659,Cn1cc(Cl)c[n+]1C,,4.85,4.85,5.053709859574603,5.1798343098120245,-0.2037098595746034,-0.3298343098120249
CHEMBL5079646,COc1cccc(-c2ncc(/C=C/C(=O)Nc3ccccc3N)s2)c1,,4.87,4.87,4.934343706705916,4.993220483158912,-0.06434370670591605,-0.12322048315891188
CHEMBL5562418,CCCCNNC(=O)c1ccc(N(C)C)cc1,,4.88,4.88,5.596260432188872,6.126512299187039,-0.7162604321888724,-1.2465122991870388
CHEMBL4587389,Cc1ccc2c(c1)SC(=S)N1CCN=C21,,4.89,4.89,5.467165502974282,5.740837400026912,-0.5771655029742826,-0.8508374000269123
CHEMBL4438437,Fc1cccc2c1C1=NCCN1C(=S)S2,,4.89,4.89,5.531478038624524,5.799783854090132,-0.6414780386245242,-0.909783854090132
CHEMBL5894399,Fc1ccccc1NCc1ccc(-c2noc(C(F)(F)F)n2)cc1,,4.89,4.89,5.030804225281802,5.4243277144579665,-0.14080422528180225,-0.5343277144579668
CHEMBL5219074,CCC(=O)CCCCC[C@H](NC(=O)[C@H]1CC12CCN(C)CC2)c1ncc(-c2ccc3nnccc3c2)[nH]1,,4.89,4.89,5.13133787753668,5.266348220344016,-0.24133787753668035,-0.37634822034401605
CHEMBL2047680,N/N=C(\Cc1ccc(O)c(Br)c1)C(=O)NCCS,,4.89,4.89,5.314668819795829,5.964443933470886,-0.42466881979582904,-1.074443933470886
CHEMBL3770484,O=C(NO)c1csc(C(c2ccccc2)c2ccccc2)n1,,4.89,4.89,5.048240667214886,5.456669276805476,-0.15824066721488617,-0.5666692768054764
CHEMBL4753019,O=C(N[C@@H](CCCCNC(=O)c1ccccc1O)c1ncc(-c2ccc3ccccc3c2)[nH]1)c1cncs1,,4.89,4.89,5.1837264810983505,5.560600893420552,-0.29372648109835087,-0.6706008934205521
CHEMBL4781115,O=C(CN1C(=O)S/C(=C/c2ccco2)C1=O)Nc1ccc([N+](=O)[O-])cc1,,4.89,4.89,5.180391753913657,5.706163289070606,-0.29039175391365735,-0.8161632890706061
CHEMBL2407735,Nc1ccccc1NC(=O)c1ccc(CNC2=NC(=O)C(Cc3ccccc3)N2)cc1,,4.89,4.89,4.962234449839972,5.150369597207041,-0.07223444983997229,-0.260369597207041
CHEMBL4476731,S=C1Sc2ccc(Cl)cc2C2=NCCN12,,4.89,4.89,5.502535910684863,5.889922262862158,-0.6125359106848629,-0.9999222628621585
CHEMBL4091540,O=C(CCCCN1C(=O)[C@H](Cc2ccccc2)N=C(c2ccccc2)c2ccccc21)NO,,4.9,4.9,4.96675259553864,5.0660950292304765,-0.06675259553863988,-0.16609502923047614
CHEMBL4746782,CCC(=O)CCCCC[C@H](NC(=O)[C@H]1CC12CCN(C)CC2)c1[nH]c(-c2ccc(-c3cccnc3)cc2)nc1C#N,,4.9,4.9,4.955589096807744,5.011284193057909,-0.05558909680774349,-0.11128419305790871
CHEMBL4547890,C#Cc1ccncc1,,4.9,4.9,5.205924445079884,5.284909353433466,-0.30592444507988326,-0.384909353433466
CHEMBL2407725,Nc1ccccc1NC(=O)c1ccc(CNC2=N[C@@H](c3ccccc3)[C@H](c3ccccc3)S2)cc1,,4.9,4.9,4.991370449873848,5.033058585501653,-0.0913704498738479,-0.13305858550165262
CHEMBL2407721,Nc1ccccc1NC(=O)c1ccc(CNC2=N[C@H](Cc3ccccc3)CS2)cc1,,4.9,4.9,4.82050176492371,4.797858339337363,0.07949823507629006,0.10214166066263708
CHEMBL4760209,CCC(=O)CCCCC[C@H](NC(=O)c1cncs1)c1[nH]c(-c2ccc(F)cc2)nc1C#N,,4.91,4.91,5.036376693940934,5.196708460145041,-0.12637669394093365,-0.28670846014504114
CHEMBL4761973,CCC(=O)CCCCC[C@H](NC(=O)[C@H]1CC12CCN(C)CC2)c1[nH]c(-c2ccc3nn(C)cc3c2)nc1C#N,,4.91,4.91,5.027138136169701,5.0605667822283005,-0.11713813616970103,-0.15056678222830033
CHEMBL552058,Cn1cc(C=O)cc1/C=C/C(=O)NO,,4.91,4.91,5.423185430564013,5.725439766435388,-0.5131854305640129,-0.8154397664353876
CHEMBL5891273,O=C1COC[C@@H](c2ccccc2)N1c1cc(F)c(-c2noc(C(F)(F)F)n2)cc1F,,4.92,4.92,5.11952331148002,5.086361347748722,-0.19952331148001967,-0.16636134774872247
CHEMBL5177326,COc1cc(C(=O)c2csc(-c3ccc(NC(=O)CC(=O)Nc4ccccc4N)cc3)n2)cc(OC)c1OC,,4.92,4.92,5.086754527096352,5.225231891815042,-0.1667545270963524,-0.3052318918150423
CHEMBL5771772,O=C(C(Cc1ccc(-c2noc(C(F)(F)F)n2)cn1)c1cccc(C(F)(F)F)c1)N1CCS(=O)(=O)CC1,,4.92,4.92,4.963613459766821,4.98366781920277,-0.04361345976682074,-0.0636678192027702
CHEMBL3770917,O=C(NO)c1csc(-c2ccccc2)n1,,4.92,4.92,5.079765234382247,5.202602545281971,-0.1597652343822471,-0.2826025452819714
CHEMBL5438923,C[n+]1cccc(C#N)c1,,4.92,4.92,5.124831645107577,5.41705254563483,-0.20483164510757668,-0.4970525456348298
CHEMBL5966396,Fc1cccc(NCc2ccc(-c3noc(C(F)(F)F)n3)cc2)c1,,4.92,4.92,5.0997441390386555,5.370159600167445,-0.1797441390386556,-0.45015960016744483
CHEMBL4065147,O=C(CS)NCCCCCn1ccc2cc(Cl)c(Cl)cc21,,4.925,4.925,5.120102175844384,5.635400108484447,-0.19510217584438383,-0.7104001084844471
CHEMBL5817661,O=C([C@H](Cc1ccc(-c2noc(C(F)(F)F)n2)cn1)c1cccc(C(F)(F)F)c1)N1CCS(=O)(=O)CC1,,4.925,4.925,4.963613459766821,4.996601190541627,-0.038613459766820846,-0.07160119054162717
CHEMBL5176029,COc1cc(C(=O)c2csc(-c3ccc(NC(=O)CCCC(=O)Nc4ccccc4N)cc3)n2)cc(OC)c1OC,,4.93,4.93,4.982480474007863,4.996907344043354,-0.052480474007863265,-0.0669073440433543
CHEMBL152665,O=C(Cc1ccccc1)NO,,4.93,4.93,5.528319496327056,5.776039317118991,-0.5983194963270559,-0.8460393171189917
CHEMBL539180,CC(=O)c1cc(/C=C/C(=O)NO)n(C)c1,,4.95,4.95,5.431732133616932,5.80220506003136,-0.4817321336169318,-0.85220506003136
CHEMBL3919705,N[C@@H](Cc1c[nH]c2ccccc12)C(=O)Nc1ccccc1-c1ccc(NC(=O)CCCCCNC(=O)CS)cc1,,4.95,4.95,5.140526447200717,5.502766528434666,-0.19052644720071665,-0.5527665284346659
CHEMBL5086240,CC(C)(C)OC(=O)CC(O)/C=C/CCSSCC/C=C/C(O)CC(=O)OC(C)(C)C,,4.96,4.96,5.027072768818748,5.632887515661604,-0.0670727688187478,-0.6728875156616043
CHEMBL509089,CC[C@H]1OC(=O)[C@H](C)[C@@H](O[C@H]2C[C@@](C)(OC)[C@@H](O)[C@H](C)O2)[C@H](C)[C@@H](O[C@@H]2O[C@H](C)C[C@H](N(C)Cc3ccc(-c4cn(CCCCCCCCC(=O)NO)nn4)cc3)[C@H]2O)[C@](C)(O)C[C@@H](C)CN(C)[C@H](C)[C@@H](O)[C@]1(C)O,,4.96,4.96,5.769630948737731,5.868841188577241,-0.8096309487377313,-0.9088411885772407
CHEMBL6029223,O=C(CN1CCOCC1)NC(Cc1ccc(-c2noc(C(F)(F)F)n2)cn1)c1cccc(C(F)(F)F)c1,,4.96,4.96,5.075541403009572,5.1513098469609755,-0.11554140300957183,-0.19130984696097553
CHEMBL4860240,C=CCn1c(SCCCCCC(=O)NO)nnc1-c1ccncc1,,4.96,4.96,5.161542593166154,5.604231435265561,-0.2015425931661543,-0.6442314352655609
CHEMBL5270636,O=C(CCCCCCNC(=O)C(O)(O)C(F)(F)F)Nc1ccc(Br)cc1,,4.96,4.96,5.006122387015527,5.06680028625617,-0.046122387015526733,-0.10680028625616966
CHEMBL2401843,C[C@]12CC[C@@H]3c4ccc(O)cc4CC[C@H]3[C@@H]1CC[C@@]2(O)c1cn(CCCC(=O)NO)nn1,,4.96,4.96,5.093884790991372,5.318626562869342,-0.13388479099137207,-0.35862656286934236
CHEMBL4862173,O=C(O)CCCCCSc1nnc(-c2ccncc2)n1-c1ccccc1,,4.96,4.96,4.943773638687819,5.09103858141106,0.016226361312180693,-0.13103858141105995
CHEMBL3970532,Cc1ccc(C(=O)NCCCCCC(=O)Nc2ccccc2N)cc1,,4.97,4.97,5.03907869619242,5.189465253298149,-0.06907869619242035,-0.21946525329814914
CHEMBL2407718,Nc1ccccc1NC(=O)c1ccc(CNC2=N[C@H](c3ccccc3)CS2)cc1,,4.97,4.97,5.082698727582116,4.925261353460157,-0.1126987275821163,0.04473864653984272
CHEMBL5435277,CCCNNC(=O)c1cnc(NCc2ccc(OC)cc2)cn1,,4.97,4.97,5.308157927626748,6.177670663664037,-0.33815792762674857,-1.2076706636640369
CHEMBL499994,CC[C@H]1OC(=O)[C@H](C)[C@@H](O[C@H]2C[C@@](C)(OC)[C@@H](O)[C@H](C)O2)[C@H](C)[C@@H](O[C@@H]2O[C@H](C)C[C@H](N(C)Cc3ccc(-c4cn(CCCCCCCCC(=O)NO)nn4)cc3)[C@H]2O)[C@](C)(OC)C[C@@H](C)C(=O)[C@H](C)[C@@H](O)[C@]1(C)O,,4.98,4.98,5.629870550296339,5.72614253700036,-0.6498705502963382,-0.7461425370003596
CHEMBL5427585,Cn1c(CCC(=O)NO)nc2ccccc2c1=O,,4.98,4.98,5.3289545476005475,5.719785524481129,-0.3489545476005471,-0.7397855244811282
CHEMBL4299475,CC[C@@H]1OC(=O)[C@@H](C)[C@H](O[C@H]2C[C@@](C)(OC)[C@](O)(CN(C)Cc3ccc(-c4cn(CCC(=O)NO)nn4)cc3)[C@H](C)O2)[C@H](C)[C@H](O[C@@H]2O[C@H](C)C[C@H](N(C)C)[C@H]2O)[C@@](C)(OC)C[C@H](C)C(=O)[C@@H](C)[C@@H](O)[C@@]1(C)O,,4.99,4.99,5.41458362552326,5.59134032808902,-0.42458362552326,-0.6013403280890195
CHEMBL5082644,COc1ccccc1-c1ncc(C(=O)NCCCCCCC(=O)NO)s1,,4.99,4.99,5.1679993772793615,5.364575387917917,-0.17799937727936133,-0.37457538791791656
CHEMBL4850081,O=C(CCCCCONC(=O)c1cc2ccccc2[nH]1)NO,,4.99,4.99,5.1662959847412395,5.581827053896927,-0.1762959847412393,-0.5918270538969264
CHEMBL5218926,CCC(=O)CCCCC[C@H](NC(=O)[C@H]1CC12CCN(C)CC2)c1ncc(-c2ccc(-c3ccncc3)cc2)[nH]1,,5.0,5.0,5.120080124507625,5.127724692875333,-0.12008012450762529,-0.12772469287533283
CHEMBL5415067,C#Cc1cn(C)[n+](C)c1,,5.0,5.0,4.973568875218001,4.923257245624006,0.026431124781998605,0.07674275437599398
CHEMBL5919707,O=C(C1CCS(=O)(=O)CC1)N(Cc1cnc(-c2noc(C(F)(F)F)n2)cn1)c1cccc(C(F)(F)F)c1,,5.0,5.0,5.351451729670504,5.433568758518112,-0.3514517296705044,-0.4335687585181116
CHEMBL4216233,O=C(CCCCNCc1ccccc1)NO,,5.0,5.0,5.3640139235625455,5.58290212706748,-0.36401392356254547,-0.5829021270674799
CHEMBL3771355,O=C(NO)c1coc(-c2cccc(-c3ccccc3)c2)n1,,5.0,5.0,4.869851610481439,4.964121701226621,0.13014838951856067,0.03587829877337878
CHEMBL5905474,O=C(C(Cc1ccc(-c2noc(C(F)(F)F)n2)cn1)c1cccc(C(F)(F)F)c1)N1CC[S+]([O-])CC1,,5.0,5.0,4.957547400821717,4.927201590731876,0.042452599178282924,0.07279840926812398
CHEMBL3415973,Nc1nc2ncc(CNc3ccc(C(=O)N[C@@H](CCC(=O)NCCCCCCCC(=O)Nc4cc(-c5cccs5)ccc4N)C(=O)O)cc3)nc2c(=O)[nH]1,,5.0,5.0,4.953871960863413,4.944640875619187,0.04612803913658681,0.05535912438081336
CHEMBL6024372,O=C1CCC(c2ccccc2Cl)N1c1ccc(-c2noc(C(F)(F)F)n2)c(F)c1,,5.0,5.0,5.333297494932896,5.477010927275714,-0.3332974949328964,-0.4770109272757139
CHEMBL5818652,O=C(N1CCOCC1)N(Cc1ccc(-c2noc(C(F)(F)F)n2)cn1)c1cccc(C(F)(F)F)c1,,5.0,5.0,5.47291627850645,5.750577154641061,-0.47291627850644957,-0.7505771546410607
CHEMBL4127020,CC1(C)c2cccc(C(=O)NO)c2CN1c1nc2ccc(C(F)(F)F)cc2[nH]1,,5.0,5.0,5.118090500616747,5.682353119393258,-0.11809050061674675,-0.6823531193932579
CHEMBL5280060,O=C(CCCCCCNC(=O)C(O)(O)C(F)(F)F)Nc1ncc(-c2ccc(Br)cc2)s1,,5.0,5.0,4.857810654110424,5.003021059034888,0.14218934588957577,-0.0030210590348875854
CHEMBL5219118,CCC(=O)CCCCC[C@H](NC(=O)[C@H]1CC12CCN(C)CC2)c1ncc(-c2ccc(-c3cccnc3)cc2)o1,,5.01,5.01,5.019695474337398,5.053661526327459,-0.00969547433739848,-0.04366152632745912
CHEMBL5221068,CCC(=O)CCCCC[C@H](NC(=O)[C@H]1CC12CCN(C)CC2)c1ncc(C2=CC3OC=NC3C=C2)[nH]1,,5.01,5.01,5.068239259698673,5.425401560250265,-0.05823925969867361,-0.415401560250265
CHEMBL5878416,O=C1CCC(c2ccc(-c3noc(C(F)(F)F)n3)cc2)N1c1ccccc1F,,5.01,5.01,5.328976430375761,5.629251700850022,-0.31897643037576096,-0.6192517008500218
CHEMBL4759693,CCC(=O)CCCCC[C@H](NC(=O)[C@H]1CC12CCN(C)CC2)c1[nH]c(-c2ccc3nc(C)ccc3c2)nc1C#N,,5.01,5.01,5.047436437794664,5.084778936018477,-0.0374364377946641,-0.07477893601847718
CHEMBL541000,Cn1cc(C(=O)Cl)cc1/C=C/C(=O)NO,,5.01,5.01,5.257038549906895,5.291845929095558,-0.247038549906895,-0.2818459290955584
CHEMBL5073322,CN1c2ccc(F)cc2C(=O)N2CCc3c([nH]c4ccc(OCc5ccc(/C=C/C(=O)NO)cc5)cc34)C21,,5.01,5.01,5.189109389344423,6.526550278220009,-0.1791093893444229,-1.5165502782200093
CHEMBL4866536,O=C(CCCCCONC(=O)c1ccc2ccccc2n1)NO,,5.01,5.01,5.400133050211476,5.633020628537725,-0.3901330502114764,-0.6230206285377253
CHEMBL572044,CC(C)C[C@H]1CC(=O)N[C@@H](C)C(=O)N[C@@H](CSCC(=O)O)C(=O)N[C@@H](Cc2c[nH]c3ccccc23)C(=O)N1,,5.01,5.01,5.297129303433613,5.675526231743742,-0.28712930343361354,-0.6655262317437423
CHEMBL4789410,COc1cc(Nc2nc(N)nc3c2ncn3Cc2ccc(C(=O)Nc3ccccc3N)cc2)cc(OC)c1,,5.02,5.02,5.286445914091608,5.649571908770923,-0.26644591409160867,-0.6295719087709237
CHEMBL4525499,S=C1Oc2ccccc2C2=NCCCN12,,5.02,5.02,5.449114641771983,5.757942184095874,-0.42911464177198333,-0.7379421840958749
CHEMBL4078721,CC(C)[C@@H]1NC(=O)[C@]2(C)CSC(=N2)c2csc(n2)CNC(=O)C[C@@H](/C=C/CCSCCS)OC1=O,,5.02,5.02,5.6840617600603505,6.606975210595047,-0.6640617600603509,-1.5869752105950479
CHEMBL3605417,Nc1ccccc1NC(=O)c1ccc(CSC2=N[C@@H](c3ccccc3)CO2)cc1,,5.02,5.02,4.62737329947309,4.382994595718383,0.3926267005269093,0.6370054042816164
CHEMBL4759472,CCC(=O)CCCCC[C@H](NC(=O)[C@H]1CC12CCN(CC)CC2)c1[nH]c(-c2ccc(F)cc2)nc1C#N,,5.03,5.03,4.961806488122905,4.904617561292119,0.06819351187709533,0.12538243870788168
CHEMBL3415964,Nc1nc2ncc(CNc3ccc(C(=O)NCCCCCCCC(=O)NO)cc3)nc2c(=O)[nH]1,,5.03,5.03,5.473619205134266,5.672374358005406,-0.443619205134266,-0.642374358005406
CHEMBL5571546,O=C(NOCCN1CCCCC1)c1ccc(-c2noc(C(F)(F)F)n2)cc1,,5.03,5.03,5.228738722673012,5.371162989439661,-0.19873872267301174,-0.3411629894396606
CHEMBL5194080,COc1cc(C(=O)c2csc(-c3ccc(NCC(=O)Nc4ccccc4N)cc3)n2)cc(OC)c1OC,,5.04,5.04,5.172402322408711,5.37603238205556,-0.1324023224087112,-0.33603238205555996
CHEMBL4471751,O=C(NO)[C@H](Cc1ccccc1)n1nnc(-c2ccccc2)c1C#Cc1ccc(-c2ccccc2)cc1,,5.04,5.04,5.792624233240883,6.58535780836175,-0.7526242332408826,-1.54535780836175
CHEMBL5093832,COc1ccc(-c2ncc(C(=O)NCCCCCCC(=O)NO)s2)c(OC)c1,,5.04,5.04,4.989645281597397,5.335481650925229,0.05035471840260275,-0.29548165092522893
CHEMBL4202721,O=C(NO)c1cccc(S(=O)(=O)N[C@H](C(=O)NCc2ccccc2)c2ccccc2)c1,,5.04,5.04,5.383020233869928,5.703272701692063,-0.34302023386992797,-0.6632727016920628
CHEMBL4126661,CC1(C)c2cccc(C(=O)NO)c2CN1c1cnc(C(F)(F)F)cn1,,5.04,5.04,5.173270589955271,5.608989404153533,-0.13327058995527086,-0.568989404153533
CHEMBL5822699,O=C(C1CCS(=O)(=O)CC1)N(Cc1ccc(-c2noc(C(F)(F)F)n2)cn1)c1ccccc1C(F)(F)F,,5.04,5.04,5.361142189118084,5.394022014163049,-0.3211421891180839,-0.354022014163049
CHEMBL5568339,Nc1ccccc1NC(=O)/C=C/c1ccc(CNC(=O)c2ccc(-c3ncc(CNc4ccccc4)s3)cc2)cc1,,5.04,5.04,5.208467911539872,5.593376298623093,-0.16846791153987173,-0.5533762986230926
CHEMBL4456445,O=C(NO)C(c1ccc(-c2ncc(C(F)(F)F)cn2)cc1)c1ccccc1F,,5.04,5.04,5.067470318232683,5.425837489201379,-0.027470318232682978,-0.3858374892013794
CHEMBL5219422,CCC(=O)CCCCC[C@H](NC(=O)[C@H]1CC12CCN(C)CC2)c1ncc(-c2ccc(-c3cnccn3)cc2)[nH]1,,5.04,5.04,5.120080124507625,5.128399626180594,-0.08008012450762525,-0.08839962618059438
CHEMBL5281058,COc1ccc2sc(NC(=O)CCCCCCNC(=O)C(O)(O)C(F)(F)F)nc2c1,,5.05,5.05,4.976066772045655,4.946175946509632,0.07393322795434454,0.10382405349036805
CHEMBL5199527,COc1cc(C(=O)c2csc(-c3ccc(OCCCC(=O)NO)cc3)n2)cc(OC)c1OC,,5.05,5.05,5.1848507791673395,5.423168450930906,-0.13485077916733967,-0.37316845093090656
CHEMBL5219969,CCC(=O)CCCCC[C@H](NC(=O)[C@H]1CC12CCN(C)CC2)c1ncc(-c2ccc3nn(C)cc3c2)[nH]1,,5.05,5.05,5.176827948932038,5.212176287132787,-0.1268279489320383,-0.16217628713278742
CHEMBL5434827,Cn1cc(I)c[n+]1C,,5.05,5.05,4.982762814060304,5.033180894062184,0.06723718593969608,0.01681910593781577
CHEMBL5171372,COc1cc(C(=O)c2csc(-c3ccc(NC(=O)CCCCC(=O)Nc4ccccc4N)cc3)n2)cc(OC)c1OC,,5.06,5.06,5.025362777387379,5.026260131195737,0.03463722261262081,0.03373986880426294
CHEMBL4864941,CC12CC3CC(C)(C1)CC(NCc1ccc(C(=O)NO)cc1)(C3)C2,,5.06,5.06,5.287540313703902,5.542739847446383,-0.22754031370390226,-0.48273984744638376
CHEMBL3585962,O=C(CCCCCCc1nc(-c2ccc(F)cc2)no1)NO,,5.06,5.06,5.626078764855418,5.892517375024713,-0.5660787648554182,-0.8325173750247137
CHEMBL4856735,O=C(NO)c1ccc(CN2CCCCc3cc(Cl)ccc32)cc1,,5.06,5.06,5.3995946129734165,5.747010725947872,-0.33959461297341687,-0.6870107259478724
CHEMBL5172143,COc1cc(C(=O)c2csc(-c3ccc(NC(=O)CCCCCC(=O)Nc4ccccc4N)cc3)n2)cc(OC)c1OC,,5.07,5.07,5.047984321722737,4.994467380209984,0.022015678277263362,0.07553261979001658
CHEMBL5415287,COc1cc(Cn2ccc3cc(C(=O)NCC45C[C@H]6C[C@@H](C4)C[C@@H](C5)C6)ccc32)ccc1C(=O)NO,,5.07,5.07,5.567016432798131,6.394946841319703,-0.497016432798131,-1.3249468413197025
CHEMBL4165724,CN(Cc1ccc(C(=O)NO)cc1F)CC12CC3CC(CC(C3)C1)C2,,5.07,5.07,5.196699114537612,5.2940715074916955,-0.12669911453761173,-0.22407150749169524
CHEMBL4095398,O=C(CCCCN1C(=O)[C@H](CCC(=O)NO)N=C(c2ccccc2)c2ccccc21)NO,,5.07,5.07,4.923882207601629,5.014363638207138,0.1461177923983712,0.05563636179286213
CHEMBL5171822,CN(Cc1ccc(C(=O)NO)cc1[18F])CC12CC3CC(CC(C3)C1)C2,,5.07,5.07,5.196699114537612,5.354447502488863,-0.12669911453761173,-0.2844475024888631
CHEMBL5745120,CC1(C(=O)NC(Cc2ccc(-c3noc(C(F)(F)F)n3)cn2)c2cccc(C(F)(F)F)c2)COC1,,5.07,5.07,5.043694934533386,5.176389667467346,0.026305065466614153,-0.10638966746734546
CHEMBL4848392,CCC(=O)CCCCC[C@@H]1NC(=O)C2CCN2CCCCCCOc2ccccc2-c2cnc1[nH]2,,5.08,5.08,4.950242290086363,4.910308537226219,0.1297577099136369,0.16969146277378133
CHEMBL5879893,Cc1noc([C@@H]2CCC(=O)N2c2cc(F)c(-c3noc(C(F)(F)F)n3)cc2F)n1,,5.08,5.08,5.037149093895989,5.145070800166153,0.04285090610401099,-0.0650708001661533
CHEMBL5399941,O=C(NCC12C[C@H]3C[C@@H](C1)C[C@@H](C2)C3)c1ccc2c(ccn2Cc2ccc(C(=O)NO)c(Br)c2)c1,,5.08,5.08,5.557927824060952,6.079497428820314,-0.47792782406095213,-0.9994974288203142
CHEMBL3585970,Cc1ccc(-c2noc(CCCCCCC(=O)Nc3ccccc3N)n2)cc1,,5.08,5.08,5.129026796301454,5.2142963773027455,-0.04902679630145368,-0.13429637730274546
CHEMBL5194919,COc1cc(C(=O)c2csc(-c3ccc(NCCC(=O)Nc4ccccc4N)cc3)n2)cc(OC)c1OC,,5.08,5.08,4.997475898083946,4.976871021899266,0.08252410191605364,0.10312897810073451
CHEMBL4083761,CC(C)(C)OC(=O)n1c(C[C@@H]2N=C(c3ccccc3)c3ccccc3N(CCCCC(=O)NO)C2=O)cc2ccccc21,,5.08,5.08,4.94626264586146,4.964653828629025,0.13373735413853982,0.11534617137097491
CHEMBL3356920,O=C1CC[C@H](C(=O)N[C@H](CCCCCS)C(=O)Nc2ccccc2)N1,,5.09,5.09,6.473411146692786,6.822844507611451,-1.3834111466927865,-1.7328445076114507
CHEMBL4084736,O=C(CCCCN1C(=O)[C@@H](CS)N=C(c2ccccc2)c2ccccc21)NO,,5.09,5.09,5.000426402572841,5.070421660627371,0.08957359742715898,0.01957833937262876
CHEMBL3770566,O=C(NO)c1coc(-c2cccs2)n1,,5.09,5.09,4.844581223995008,4.725513258844669,0.24541877600499173,0.3644867411553312
CHEMBL5592317,O=C(NO)c1ccc(CC(=O)N2CCc3c(c4ccccc4n3Cc3ccccc3)C2)cc1,,5.09,5.09,5.476336740560843,5.747804055204606,-0.3863367405608429,-0.6578040552046058
CHEMBL5413048,C#Cc1ccc[n+](C)c1,,5.09,5.09,5.185119272568961,5.210437521217602,-0.09511927256896158,-0.12043752121760232
CHEMBL5953614,Cc1nc2cc(F)ccc2n1Cc1ccc(-c2noc(C(F)(F)F)n2)cc1F,,5.09,5.09,5.251766723938967,5.257700619965727,-0.16176672393896752,-0.16770061996572672
CHEMBL3605503,Nc1ccccc1NC(=O)c1ccc(CNC2=NC[C@H](c3ccccc3)O2)cc1,,5.09,5.09,4.74381694788997,4.606100367954868,0.34618305211003,0.48389963204513187
CHEMBL5566291,O=C(COc1ccc2c(c1)OC1(CCN(Cc3cc(Cl)cc(Cl)c3)CC1)CC2=O)NO,,5.1,5.1,5.293416923238061,5.957081335495946,-0.19341692323806114,-0.8570813354959466
CHEMBL4633968,Cc1coc(C(=O)CCCCC[C@H](NC(=O)C2CCN(C)CC2)c2ncc(-c3ccc(F)cc3)[nH]2)n1,,5.1,5.1,5.456874144389737,6.257276864761025,-0.35687414438973697,-1.157276864761025
CHEMBL2407736,Nc1ccccc1NC(=O)c1ccc(CNC2=NC(=O)C(c3ccccc3)N2)cc1,,5.1,5.1,5.041974173693861,5.0513443443767265,0.05802582630613884,0.04865565562327312
CHEMBL5805926,COc1ccccc1C1CCC(=O)N1c1ccc(-c2noc(C(F)(F)F)n2)cc1F,,5.1,5.1,5.222040964053662,5.342843173429933,-0.12204096405366194,-0.24284317342993322
CHEMBL5591477,NC(Cc1ccc(Cl)cc1Cl)C(=O)N1Cc2ccccc2C1,,5.1,5.1,5.247440846027782,5.6309112865554205,-0.1474408460277825,-0.5309112865554209
CHEMBL3628320,CCCCCCCCSSCC/C=C/[C@@H]1CC(=O)N[C@H](C(C)C)C(=O)N[C@H](C)C(=O)N[C@H](C(C)C)C(=O)NCC(=O)O1,,5.1,5.1,5.062776803629806,5.197631648271731,0.03722319637019389,-0.09763164827173121
CHEMBL5400766,C[n+]1cccc(Br)c1,,5.1,5.1,5.258745605785613,5.232969254505733,-0.15874560578561336,-0.13296925450573305
CHEMBL4878864,CCCCCCC(=O)N(O)C1CC(=O)C(c2ccc(Cl)cc2)C1=O,,5.11,5.11,5.261483340020747,5.91133911023387,-0.15148334002074648,-0.8013391102338696
CHEMBL4529006,COc1ccc2c(c1)C1=NCCN1C(=S)S2,,5.11,5.11,5.301534802730728,5.635943038987923,-0.19153480273072798,-0.5259430389879229
CHEMBL4857194,Cn1c(SCc2ccc(C(=O)Nc3ccccc3N)cc2)nnc1-c1ccncc1,,5.11,5.11,5.034145704331326,4.951559207163525,0.07585429566867408,0.15844079283647527
CHEMBL1630117,O=C(NO)c1ccc(-c2ccc3ncnc(Nc4ccc(OCc5cccc(F)c5)c(Cl)c4)c3c2)o1,,5.11,5.11,5.364672475387424,5.869301664375932,-0.2546724753874239,-0.7593016643759318
CHEMBL4858289,O=C(NO)c1ccc(CN2C(=O)C(Cc3ccccc3)N(Cc3ccccn3)C2=O)cc1,,5.11,5.11,5.423179718252065,5.700583262749706,-0.3131797182520648,-0.5905832627497061
CHEMBL321283,Nc1ccc(Cl)cc1NC(=O)c1ccc(CNC(=O)OCc2cccnc2)cc1,,5.11,5.11,4.993431654846837,4.818821167683952,0.11656834515316294,0.29117883231604846
CHEMBL5220715,CCC(=O)CCCCC[C@H](NC(=O)[C@H]1CC12CCN(CC)CC2)c1ncc(-c2cc3cccnc3nc2OC)o1,,5.12,5.12,5.003766649840185,4.980637331578048,0.11623335015981517,0.13936266842195177
CHEMBL5090794,COc1cccc(NC(=O)COc2ccc3cc(/C=C4/SC(=O)NC4=O)ccc3c2)c1,,5.12,5.12,5.17467945150227,5.329684260729716,-0.054679451502269494,-0.20968426072971624
CHEMBL3415965,Nc1nc2ncc(CNc3ccc(C(=O)NCCCCCCCCC(=O)NO)cc3)nc2c(=O)[nH]1,,5.12,5.12,5.46595137645533,5.589875140859847,-0.3459513764553295,-0.4698751408598465
CHEMBL5073824,Cc1cccc(NC(=O)COc2ccc3cc(/C=C4/SC(=O)NC4=O)ccc3c2)n1,,5.12,5.12,5.174890255945201,5.271652070514158,-0.05489025594520047,-0.15165207051415752
CHEMBL3585984,O=C(CCCCCCc1nc(-c2ccc(F)cc2)no1)C(F)(F)F,,5.12,5.12,5.4890085389682906,5.577384594303792,-0.36900853896829044,-0.4573845943037922
CHEMBL5981827,CC(C)(C)OC(=O)[C@@H]1CCC(=O)N1c1ccc(-c2noc(C(F)(F)F)n2)c(F)c1F,,5.13,5.13,5.1118983632725135,5.038242426233064,0.018101636727486436,0.09175757376693561
CHEMBL4870114,CC12CC3CC(C)(C1)CC(NS(=O)(=O)c1ccc(/C=C/C(=O)NO)cc1)(C3)C2,,5.13,5.13,5.374006833681985,6.08333726797057,-0.2440068336819854,-0.9533372679705705
CHEMBL4741850,CC(C)c1cc(C(=O)N2Cc3ccc(NC(=O)CCCCC(=O)NO)cc3C2)c(O)cc1O,,5.13,5.13,5.398120501500985,5.766518425370079,-0.2681205015009853,-0.6365184253700793
CHEMBL585164,[N-]=[N+]=NCc1cc(COc2ccc(NC(=O)CCCCCCC(=O)NO)cc2)cc(N=[N+]=[N-])c1,,5.13,5.13,5.490864557991658,6.319327643675172,-0.3608645579916585,-1.1893276436751723
CHEMBL5188491,COc1cc(C(=O)c2csc(-c3ccc(OCCCCCCC(=O)Nc4ccccc4N)cc3)n2)cc(OC)c1OC,,5.13,5.13,4.986125762286125,5.0716057754126975,0.14387423771387464,0.05839422458730237
CHEMBL5872055,CC(C)(C(=O)N(Cc1ccc(-c2noc(C(F)(F)F)n2)cn1)c1cccc(F)c1)n1cccn1,,5.13,5.13,5.428286303841615,5.514646943759402,-0.29828630384161503,-0.3846469437594022
CHEMBL2401844,C[C@]12CC[C@@H]3c4ccc(O)cc4CC[C@H]3[C@@H]1CC[C@@]2(O)c1cn(CCCCC(=O)NO)nn1,,5.13,5.13,5.1303473421432475,5.344829188357907,-0.0003473421432476087,-0.21482918835790699
CHEMBL4095934,Cc1cc(C)cc(C(=O)N(CCCCCC(=O)NO)CC(=O)NC2CCCCC2)c1,,5.13,5.13,5.379708202620934,5.888234908630389,-0.2497082026209343,-0.7582349086303894
CHEMBL6053849,O=C([C@@H]1CCC(=O)N1c1cc(F)c(-c2noc(C(F)(F)F)n2)cc1F)N1CCc2ccccc2C1,,5.13,5.13,4.97089354439274,4.922224872586041,0.1591064556072599,0.2077751274139592
CHEMBL5087514,Cc1cc(Br)ccc1NC(=O)COc1ccc2cc(/C=C3/SC(=O)NC3=O)ccc2c1,,5.13,5.13,5.181203610720733,5.265487119478015,-0.05120361072073276,-0.1354871194780154
CHEMBL5218556,CCC(=O)CCCCC[C@H](NC(=O)[C@H]1CC12CCN(C)CC2)c1ncc(-c2ccc3nc(C)ccc3c2)[nH]1,,5.14,5.14,5.184801587280242,5.19342281627275,-0.04480158728024275,-0.05342281627275014
CHEMBL4866619,Cn1c(SCCCCCC(=O)Nc2ccccc2N)nnc1-c1ccncc1,,5.14,5.14,5.097373600704541,4.985386593931002,0.042626399295458306,0.15461340606899743
CHEMBL6175332,CN(C)c1ccc(C(=O)N(CC(=O)NCc2ccccc2)Cc2ccc(C(=O)NNCCCc3ccccc3)cc2)cc1,,5.14,5.14,5.359595873423819,5.769570193045803,-0.21959587342381948,-0.6295701930458035
CHEMBL5094339,O=C(COc1ccc2cc(/C=C3/SC(=O)NC3=O)ccc2c1)Nc1cccc(F)n1,,5.14,5.14,5.0884459284578725,5.139232205248237,0.05155407154212721,0.000767794751762807
CHEMBL4299409,CC[C@@H]1OC(=O)[C@@H](C)[C@H](O[C@H]2C[C@@](C)(OC)[C@](O)(CN(C)Cc3ccc(-c4cn(CC(=O)NO)nn4)cc3)[C@H](C)O2)[C@H](C)[C@H](O[C@@H]2O[C@H](C)C[C@H](N(C)C)[C@H]2O)[C@@](C)(OC)C[C@H](C)C(=O)[C@@H](C)[C@@H](O)[C@@]1(C)O,,5.15,5.15,5.327679687468054,5.420939005906954,-0.17767968746805352,-0.2709390059069534
CHEMBL5575926,O=C(NOCCN1CCOCC1)c1ccc(-c2noc(C(F)(F)F)n2)cc1,,5.15,5.15,5.334258096511647,5.447709199572629,-0.18425809651164649,-0.29770919957262887
CHEMBL566641,CC(=O)NCCCC[C@@H]1NC(=O)C[C@H](CC(C)C)NC(=O)[C@H](Cc2c[nH]c3ccccc23)NC(=O)[C@H](CSCCC(=O)O)NC1=O,,5.15,5.15,5.313608025003747,5.66013295356027,-0.1636080250037466,-0.5101329535602694
CHEMBL4857970,Cn1c(SCCCCCC(=O)NO)nnc1-c1ccncc1,,5.15,5.15,5.195090322971088,5.3044202572550905,-0.04509032297108728,-0.15442025725509012
CHEMBL6144448,Cc1ccc(-c2csc(C(=O)NOCCCCCC(=O)NO)n2)cc1,,5.15,5.15,5.269044399255355,5.48039546809566,-0.1190443992553547,-0.33039546809565934
CHEMBL343717,O=CN(O)CCCCCNC(=O)c1ccc2ccccc2c1,,5.16,5.16,5.36197745057785,5.498304580909053,-0.20197745057785,-0.33830458090905324
CHEMBL4741084,CCC(=O)CCCCC[C@H](NC(=O)C12CCN(CC1)CC2)c1[nH]c(-c2ccc(F)cc2)nc1C#N,,5.16,5.16,5.127618545681934,5.062321810853811,0.03238145431806583,0.09767818914618953
CHEMBL3235463,O=C(/C=C/c1ccc(-c2ccc(O)c(C34CC5CC(CC(C5)C3)C4)c2)cc1)NO,,5.16,5.16,5.226333665971117,5.29749713615421,-0.06633366597111667,-0.13749713615420944
CHEMBL6030185,O=C1CC[C@@H](CN2CCOCC2)N1c1ccc(-c2noc(C(F)(F)F)n2)c(F)c1,,5.16,5.16,5.440899372189175,5.362092383495019,-0.28089937218917527,-0.20209238349501923
CHEMBL4556055,CN(C)c1ccc2c(c1)SC(=S)N1CCN=C21,,5.16,5.16,5.377146660005573,5.517554021856833,-0.21714666000557248,-0.35755402185683316
CHEMBL4876454,CC(C)(C)OC(=O)Nc1ccc(-c2cc(NC(=O)CCCCCCC(=O)NO)no2)cc1,,5.16,5.16,5.462810991847542,6.194859900082522,-0.3028109918475419,-1.0348599000825223
CHEMBL5571522,CCN(CC)CCCCNC(=O)c1ccc(-c2noc(C(F)(F)F)n2)cc1,,5.17,5.17,5.204517255326553,5.42035477060552,-0.03451725532655292,-0.25035477060552047
CHEMBL3110288,Oc1cccn(CCCCCCn2cc(-c3ccccc3)nn2)c1=S,,5.17,5.17,5.37452909853825,5.529516398387717,-0.2045290985382504,-0.35951639838771676
CHEMBL141082,O=CN(O)CCCCCC(=O)Nc1ccccc1,,5.17,5.17,5.399741953806868,5.502627125360696,-0.2297419538068679,-0.3326271253606965
CHEMBL507617,CC[C@H]1OC(=O)[C@H](C)[C@@H](O)[C@H](C)[C@@H](O[C@@H]2O[C@H](C)C[C@H](N(C)Cc3ccc(-c4cn(CCCCCCCC(=O)NO)nn4)cc3)[C@H]2O)[C@](C)(O)C[C@@H](C)CN(C)[C@H](C)[C@@H](O)[C@]1(C)O,,5.17,5.17,5.668404898102548,5.688820385269802,-0.49840489810254773,-0.5188203852698017
CHEMBL4444176,O=C(CCC1C(=O)N(c2ccc(Cl)cc2)C(=O)N1Cc1ccc(Br)cc1)Nc1ccc(C(=O)NO)cc1,,5.17,5.17,5.360436496627116,5.773811922855364,-0.19043649662711637,-0.603811922855364
CHEMBL4080343,Cc1ccc(NC(=O)CN(CCCCCC(=O)NO)C(=O)c2ccc(N(C)C)cc2)cc1,,5.17,5.17,5.448589657933659,5.846399355311634,-0.27858965793365886,-0.6763993553116343
CHEMBL4579366,O=C(NO)c1ccc(CN2c3ccccc3C[C@@H]3CCCCC[C@H]32)cc1,,5.17,5.17,5.429299824232263,5.425147530177197,-0.2592998242322633,-0.25514753017719727
CHEMBL6142430,O=C(NO)c1ccc(CN2c3ccccc3SC[C@H]3CCCCC[C@H]32)cc1,,5.17,5.17,5.469212868209618,5.546213197395587,-0.2992128682096178,-0.3762131973955869
CHEMBL5764116,Cc1noc([C@@H]2CCC(=O)N2c2ccc(-c3noc(C(F)(F)F)n3)c(F)c2)n1,,5.17,5.17,5.313351388643374,5.3619595794726145,-0.14335138864337438,-0.19195957947261455
CHEMBL4437833,Cc1ncc(-c2ccc(C(C(=O)NO)c3ccccc3F)cc2)cn1,,5.17,5.17,5.208956247516722,5.398458003124052,-0.03895624751672244,-0.22845800312405196
CHEMBL4080570,O=C(CCCCN1C(=O)CN=C(c2ccccc2)c2ccccc21)NO,,5.17,5.17,5.0971433032417215,5.2778231786070045,0.07285669675827844,-0.10782317860700452
CHEMBL4748244,CCC(=O)CCCCC[C@H](NC(=O)[C@H]1CC12CCN(C)CC2)c1[nH]c(-c2ccc(F)cc2)nc1C(N)=O,,5.17,5.17,5.101705569063428,5.137465931196864,0.06829443093657162,0.032534068803135696
CHEMBL227118,O=C(CCCCCNC(=O)NC12CC3CC(CC(C3)C1)C2)NO,,5.17,5.17,5.401827951836149,5.939025707033681,-0.23182795183614946,-0.7690257070336814
CHEMBL3526942,Cc1[nH]c2cc(O)ccc2c1CCNCc1ccc(/C=C/C(N)=O)cc1,,5.17,5.17,5.150745082707163,5.2228465149252425,0.019254917292837348,-0.052846514925242616
CHEMBL4790678,Nc1nc(Nc2ccc(F)c(Cl)c2)c2ncn(Cc3ccc(C(=O)Nc4ccccc4N)cc3)c2n1,,5.17,5.17,5.228655784574945,5.276263012536389,-0.05865578457494536,-0.10626301253638903
CHEMBL566817,O=C(O)CCCCC[C@@H]1NC(=O)[C@H](Cc2c(F)c(F)c(F)c(F)c2F)NC(=O)C[C@H](Cc2ccc(O)cc2)NC(=O)[C@H](Cc2cccc3ccccc23)NC1=O,,5.17,5.17,5.29437787894906,5.7699595895924425,-0.12437787894906016,-0.5999595895924426
CHEMBL245741,O=C(NO)c1cccc(Oc2ccccc2)c1,,5.18,5.18,5.482432950319761,6.039968998966374,-0.30243295031976114,-0.8599689989663739
CHEMBL5594027,O=C(NO)c1ccc(NC(=O)N2CCc3c(c4ccccc4n3Cc3ccccc3)C2)cc1,,5.18,5.18,5.448939702247946,5.769627977631641,-0.2689397022479465,-0.5896279776316415
CHEMBL5850094,CCc1nnc([C@@H]2CCC(=O)N2c2cc(F)c(-c3noc(C(F)(F)F)n3)cc2F)o1,,5.18,5.18,5.19633443025692,5.631394864036084,-0.016334430256920385,-0.4513948640360841
CHEMBL5206573,COc1cc(C(=O)c2csc(-c3ccc(C#CCCC(=O)Nc4ccccc4N)cc3)n2)cc(OC)c1OC,,5.18,5.18,5.188817473053213,5.0395398371522155,-0.00881747305321312,0.14046016284778418
CHEMBL5072376,O=C(COc1ccc2cc(/C=C3/SC(=O)NC3=O)ccc2c1)Nc1ccc(F)cc1,,5.18,5.18,5.145521351891299,5.1155246545375315,0.03447864810870094,0.06447534546246825
CHEMBL3110285,Oc1cccn(CCCn2cc(-c3ccccc3)nn2)c1=S,,5.19,5.19,5.454422196925684,5.48305604922351,-0.2644221969256835,-0.2930560492235097
CHEMBL6017638,O=C1CCC(c2c(F)cccc2F)N1c1ccc(-c2noc(C(F)(F)F)n2)cc1F,,5.19,5.19,5.341365957531572,5.553534918691403,-0.15136595753157156,-0.36353491869140253
CHEMBL3415450,O=C(NO)c1ccc(NC2CC(=O)N(c3ccccc3)C2)cc1,,5.2,5.2,5.883161757207034,6.4542390985512625,-0.6831617572070341,-1.2542390985512624
CHEMBL6102723,O=C(CCCCCONC(=O)c1nc(-c2ccc(F)cc2)cs1)NO,,5.2,5.2,5.182018213084131,5.262607244331228,0.017981786915869158,-0.062607244331228
CHEMBL5759828,O=C(C1CCS(=O)(=O)CC1)N(Cc1ccc(-c2noc(C(F)(F)F)n2)nn1)c1cccc(C(F)(F)F)c1,,5.2,5.2,5.364011121562291,5.41473384023559,-0.16401112156229125,-0.2147338402355894
CHEMBL5204835,COc1cc(C(=O)c2csc(-c3ccc(NC(=O)CCCC(=O)NO)cc3)n2)cc(OC)c1OC,,5.2,5.2,5.2716020328241555,5.403185169901009,-0.07160203282415534,-0.2031851699010092
CHEMBL4785376,CCC(=O)CCCCC[C@H](NC(=O)[C@H]1CC12CCN(CC)CC2)c1[nH]c(-c2ccc(F)cc2)nc1C(N)=O,,5.2,5.2,5.166417207245287,5.121330948537953,0.03358279275471343,0.07866905146204761
CHEMBL5220926,CCC(=O)CCCCC[C@H](NC(=O)[C@H]1CC12CCN(CC)CC2)c1ncc(-c2cc3ccc(C)nc3cc2OC)[nH]1,,5.2,5.2,5.197193101494487,5.248564286194951,0.002806898505513189,-0.04856428619495112
CHEMBL5992729,CN(C(=O)[C@@H]1COCC(=O)N1c1ccc(-c2noc(C(F)(F)F)n2)c(F)c1)C(C)(C)C,,5.2,5.2,5.102537627446505,5.086662822106158,0.09746237255349488,0.11333717789384234
CHEMBL5924419,CC(C)(C)OC(=O)[C@@H]1CCC(=O)N1c1ccc(-c2noc(C(F)(F)F)n2)cc1F,,5.21,5.21,5.168584222088976,5.133970208040645,0.04141577791102424,0.07602979195935511
CHEMBL5786009,O=C1COC[C@@H](c2ccccc2)N1c1cnc(-c2noc(C(F)(F)F)n2)cn1,,5.21,5.21,5.18659887848966,5.22689804533182,0.02340112151034024,-0.016898045331820377
CHEMBL4439820,CC[C@H](Nc1ncnc2[nH]cnc12)c1nc(NCCCC(=O)NO)c2ccccc2n1,,5.21,5.21,5.603836103764495,5.9426633781954665,-0.39383610376449507,-0.7326633781954666
CHEMBL5947786,CC(C)(C)OC(=O)N1CCN(c2ccc(-c3noc(C(F)(F)F)n3)cn2)[C@@H](c2ccccc2)C1,,5.21,5.21,5.342250210571411,5.481540549851324,-0.13225021057141095,-0.27154054985132436
CHEMBL511749,CC(C)(C)OC(=O)Nc1ccc(-c2cc(C(=O)NCCCCCCC(=O)NO)no2)cc1,,5.21,5.21,5.328857143772039,5.931904834977769,-0.11885714377203893,-0.721904834977769
CHEMBL6053817,O=C(NC(Cc1ccc(-c2noc(C(F)(F)F)n2)cn1)c1cccc(C(F)(F)F)c1)C1CCOCC1,,5.21,5.21,5.131459835102072,5.1619712963870725,0.07854016489792759,0.04802870361292744
CHEMBL4460757,C=C(c1cc(OC)c(OC)c(OC)c1)c1ccc2c(c1)cc(/C=C/C(=O)NO)n2C,,5.21,5.21,5.6847979861128515,6.292595011652851,-0.4747979861128515,-1.0825950116528507
CHEMBL421589,Nc1ccc(F)cc1NC(=O)c1ccc(CNC(=O)OCc2cccnc2)cc1,,5.22,5.22,5.3144241822632825,5.372491093889044,-0.09442418226328275,-0.15249109388904447
CHEMBL3966183,NCC(=O)Nc1ccccc1-c1ccc(NC(=O)CCCCCNC(=O)CS)cc1,,5.22,5.22,5.2272398893436645,5.271838040755231,-0.007239889343664707,-0.05183804075523124
CHEMBL569122,CC(C)C[C@H]1CC(=O)N[C@@H](C)C(=O)N[C@@H](CSCCC(=O)O)C(=O)N[C@@H](Cc2c[nH]c3ccccc23)C(=O)N1,,5.22,5.22,5.126316261693994,5.055356368790269,0.09368373830600607,0.16464363120973058
CHEMBL5898733,Cc1noc([C@@H]2CCC(=O)N2c2ccc(-c3noc(C(F)(F)F)n3)c(F)c2F)n1,,5.22,5.22,5.290724960932373,5.293025083511688,-0.07072496093237302,-0.07302508351168857
CHEMBL2387320,O=C(CCCCCCC(=O)NC[C@H]1O[C@@H]2O[C@H]3[C@H](O)[C@@H](O)[C@@H](O[C@H]4[C@H](O)[C@@H](O)[C@@H](O[C@H]5[C@H](O)[C@@H](O)[C@@H](O[C@H]6[C@H](O)[C@@H](O)[C@@H](O[C@H]7[C@H](O)[C@@H](O)[C@@H](O[C@H]8[C@H](O)[C@@H](O)[C@@H](O[C@H]1[C@H](O)[C@H]2O)O[C@@H]8CO)O[C@@H]7CO)O[C@@H]6CO)O[C@@H]5CO)O[C@@H]4CO)O[C@@H]3CO)NO,,5.22,5.22,5.296835487949339,5.855450443260555,-0.07683548794933959,-0.635450443260555
CHEMBL5879974,O=c1ccc2ccccc2n1Cc1ncc(-c2noc(C(F)(F)F)n2)cn1,,5.22,5.22,5.297136362241053,5.358168742013834,-0.07713636224105347,-0.13816874201383467
CHEMBL4777961,CCCCCCCCCCCCCCCCNNC(=O)c1cccs1,,5.22,5.22,5.485327402538526,6.460029284012274,-0.26532740253852616,-1.240029284012274
CHEMBL6024336,O=C1OC[C@@H](c2ccccc2)N1c1cc(F)c(-c2noc(C(F)(F)F)n2)cc1F,,5.22,5.22,5.1199416031498775,5.0944123327928725,0.1000583968501223,0.12558766720712722
CHEMBL4175555,CS(=O)(=O)Nc1ccc(-c2ccnc(Nc3ccc(N4CCC(C(=O)Nc5ccc(/C=C/C(=O)NO)cc5)CC4)cc3)n2)cc1,,5.22,5.22,5.33220156359983,6.2869856263963,-0.11220156359983058,-1.0669856263963
CHEMBL5791593,Cc1nc2ccc(F)cc2n1Cc1ccc(-c2noc(C(F)(F)F)n2)cc1F,,5.23,5.23,5.221003653857091,5.319841678065428,0.008996346142909672,-0.08984167806542764
CHEMBL4868119,C=CCn1c(SCCCCCC(=O)Nc2ccccc2N)nnc1-c1ccncc1,,5.23,5.23,5.100791374042542,4.972741727290828,0.12920862595745852,0.2572582727091728
CHEMBL502430,CC[C@H]1OC(=O)[C@H](C)[C@@H](O[C@H]2C[C@@](C)(OC)[C@@H](O)[C@H](C)O2)[C@H](C)[C@@H](O[C@@H]2O[C@H](C)C[C@H](N(C)Cc3ccc(-c4cn(CCCCCCCC(=O)NO)nn4)cc3)[C@H]2O)[C@](C)(OC)C[C@@H](C)C(=O)[C@H](C)[C@@H](O)[C@]1(C)O,,5.23,5.23,5.629870550296339,5.663807644905497,-0.3998705502963382,-0.43380764490549684
CHEMBL6102213,O=C(CCCCCCOc1cccc2cccnc12)NO,,5.23,5.23,5.738107097893536,6.045837730426987,-0.5081070978935358,-0.8158377304269866
CHEMBL5757097,N#Cc1cccc(NCc2ccc(-c3noc(C(F)(F)F)n3)cc2)c1,,5.24,5.24,5.382852559088625,5.615349851182559,-0.1428525590886247,-0.37534985118255904
CHEMBL6146648,COc1ccc(-c2csc(C(=O)NOCCCCCC(=O)NO)n2)cc1,,5.24,5.24,5.355539846260129,5.5032391263045985,-0.1155398462601287,-0.26323912630459834
CHEMBL5082258,Cc1cccc2sc(NC(=O)COc3ccc4cc(/C=C5/SC(=O)NC5=O)ccc4c3)nc12,,5.24,5.24,5.232324093975386,5.341508229646865,0.007675906024614321,-0.10150822964686501
CHEMBL5913853,Cc1nc2ccc(F)cc2n1Cc1ccc(-c2noc(C(F)(F)F)n2)cn1,,5.25,5.25,5.296485349522332,5.354509345241167,-0.04648534952233163,-0.1045093452411674
CHEMBL5779542,O=C1CCc2cccc(C(F)(F)F)c2N1Cc1ccc(-c2noc(C(F)(F)F)n2)cn1,,5.25,5.25,5.281056768122989,5.328194887534759,-0.031056768122988743,-0.07819488753475934
CHEMBL4569890,Brc1cncs1,,5.25,5.25,5.224044553504127,5.79973654038454,0.02595544649587289,-0.54973654038454
CHEMBL4856631,CCC(=O)CCCCC[C@H](NC(=O)[C@H]1CC12CCN(C)CC2)c1ncc(-c2ccc3c(=O)n(C)ccc3c2)[nH]1,,5.25,5.25,5.389443158221377,5.424538089243171,-0.13944315822137732,-0.17453808924317116
CHEMBL3657470,Oc1cccn(Cc2ccc(Cn3cc(-c4ccccc4)nn3)cc2)c1=S,,5.26,5.26,5.50039865714397,5.5526141579698125,-0.24039865714397024,-0.2926141579698127
CHEMBL4642817,Cc1ccc(NC(=O)C(Cc2c[nH]c3ccccc23)NC(=O)c2ccc(C(=O)NO)cc2)cc1,,5.26,5.26,5.863790764133697,6.353031914738274,-0.6037907641336968,-1.0930319147382743
CHEMBL5888700,CC(C)(C)OC(=O)C1COCC(=O)N1c1ccc(-c2noc(C(F)(F)F)n2)c(F)c1,,5.26,5.26,5.283254609641672,5.31678755808106,-0.02325460964167192,-0.056787558081060396
CHEMBL5219739,CCC(=O)CCCCC[C@H](NC(=O)[C@H]1CC12CCN(C)CC2)c1ncc(-c2ccc(-c3cccnc3)cc2)[nH]1,,5.26,5.26,5.126448385026764,5.1437971115233,0.13355161497323564,0.11620288847669968
CHEMBL3605415,Nc1ccccc1NC(=O)c1ccc(CNC2=N[C@@H](c3ccccc3)CN2)cc1,,5.26,5.26,5.011719362557569,4.932942828535712,0.24828063744243067,0.32705717146428803
CHEMBL4299445,CC[C@@H]1OC(=O)[C@H](C)[C@@H](O[C@@H]2C[C@](C)(OC)[C@H](O)[C@@H](C)O2)[C@@H](C)[C@@H](O[C@@H]2O[C@H](C)C[C@H](N(C)Cc3ccc(-c4cn(CCCCC(=O)NO)nn4)cc3)[C@H]2O)[C@](C)(O)C[C@@H](C)CN(C)[C@H](C)[C@@H](O)[C@]1(C)O,,5.27,5.27,5.755309739744067,5.807232940620272,-0.48530973974406777,-0.5372329406202727
CHEMBL6146485,O=C(CCCCCONC(=O)c1nc(-c2ccsc2)cs1)NO,,5.27,5.27,5.2620735569297405,5.194054779530103,0.007926443070259026,0.07594522046989649
CHEMBL4776685,CCC(=O)CCCCC[C@H](NC(=O)C1CN(C)C1)c1[nH]c(-c2ccccc2)nc1C(N)=O,,5.27,5.27,5.408937431347111,5.512362097317584,-0.13893743134711123,-0.24236209731758418
CHEMBL4872625,Nc1ccccc1NC(=O)c1ccc(CSc2nnc(-c3ccncc3)n2-c2ccccc2)cc1,,5.27,5.27,5.145913658336106,4.9442810405275015,0.12408634166389376,0.32571895947249807
CHEMBL5281042,O=C(CCCCCCN(Cc1ccc2ccccc2c1)Cc1ccc2ccccc2c1)NO,,5.27,5.27,5.902914727461056,6.549330253759559,-0.6329147274610563,-1.279330253759559
CHEMBL4761318,CCC(=O)CCCCCC(NC(=O)c1cncs1)c1[nH]c(-c2ccccc2)nc1C(=O)NCCN(C)C,,5.27,5.27,5.219942444913507,5.23120038148034,0.05005755508649301,0.03879961851965952
CHEMBL4465980,S=C1Sc2cc(Cl)ccc2C2=NCCCN12,,5.27,5.27,5.839991394348964,6.082218513195223,-0.5699913943489641,-0.8122185131952238
CHEMBL5218918,CCC(=O)CCCCC[C@H](NC(=O)[C@H]1CC12CCN(C)CC2)c1ncc(-c2ccc3nc(C4CC4)ccc3c2)[nH]1,,5.27,5.27,5.234651008847284,5.168002809081864,0.03534899115271539,0.10199719091813542
CHEMBL6133389,Cc1c(F)c(N)cc(C(=O)Nc2cc(-c3ccc(C(=O)NCc4ccc(/C=C/C(=O)NO)cc4)cc3)ccc2N2CCN(C)CC2)c1Cl,,5.28,5.28,5.401849287562541,6.2094502352634,-0.12184928756254099,-0.9294502352634
CHEMBL3110016,O=C(NO)[C@@H]1[C@H](c2ccccc2)[C@H]1c1cccc(-c2ncc(F)cn2)c1,,5.28,5.28,5.4972130814609095,5.954665515617158,-0.21721308146090923,-0.6746655156171579
CHEMBL5093602,CC(C)(C)OC(=O)Nc1ccc(-c2ncc(C(=O)NCCCCCCC(=O)NO)s2)cc1,,5.28,5.28,5.248529442982488,5.291478989050267,0.03147055701751267,-0.011478989050266897
CHEMBL6143889,COc1cccc(-c2csc(C(=O)NOCCCCCC(=O)NO)n2)c1,,5.28,5.28,5.444349517386255,5.435877002229432,-0.16434951738625436,-0.15587700222943202
CHEMBL4471619,O=C(NO)c1ccc(CN2c3ccccc3C[C@@H]3CCCC[C@H]32)cc1,,5.28,5.28,5.485073334089114,5.580373470663167,-0.20507333408911332,-0.30037347066316666
CHEMBL5967136,Cc1cc(OCc2ccc(-c3noc(C(F)(F)F)n3)c(F)c2)cc(C)n1,,5.28,5.28,5.40031545892346,5.409347970081214,-0.12031545892345985,-0.12934797008121368
CHEMBL3335300,O=C(CCCCc1ccn(Cc2ccc(-c3ccccc3)cc2)n1)NO,,5.28,5.28,5.614017721848469,5.769830364075043,-0.33401772184846834,-0.48983036407504255
CHEMBL5822602,Cc1noc([C@@H]2CCC(=O)N2c2ccc(-c3noc(C(F)(F)F)n3)cc2F)n1,,5.28,5.28,5.381258593751284,5.365150504818928,-0.10125859375128332,-0.08515050481892761
CHEMBL5267343,O=C(CCCCCCNC(=O)C(O)(O)C(F)(F)F)Nc1nc2ccccc2s1,,5.28,5.28,5.277494146012763,5.161764860590143,0.002505853987237572,0.1182351394098573
CHEMBL5882942,CN1CCN(c2ccc(-c3noc(C(F)(F)F)n3)cn2)C(c2cccc(F)c2)C1O,,5.28,5.28,5.391788895307759,5.667169689803682,-0.11178889530775837,-0.3871696898036818
CHEMBL6133552,O=C(NO)c1ccc(CN2c3ccccc3SC[C@H]3CCCC[C@H]32)cc1,,5.28,5.28,5.505271579046297,5.549622416427078,-0.22527157904629647,-0.26962241642707774
CHEMBL5921288,COCC(=O)NC(Cc1ccc(-c2noc(C(F)(F)F)n2)cn1)c1cccc(C(F)(F)F)c1,,5.28,5.28,5.1749963885187915,5.108444877519273,0.10500361148120874,0.17155512248072746
CHEMBL5985186,O=C1CC(NCc2ccc(-c3noc(C(F)(F)F)n3)cn2)CCN1,,5.29,5.29,5.490410030451912,5.574528815895821,-0.20041003045191186,-0.284528815895821
CHEMBL3775654,COc1ccc(N(C)c2nc(C)nc3ccccc23)cc1OCCCCC(=O)NO,,5.29,5.29,5.525820937118972,6.032011369030133,-0.23582093711897212,-0.7420113690301333
CHEMBL5758886,O=C1CCCC(c2ccccc2)N1c1ccc(-c2noc(C(F)(F)F)n2)cn1,,5.29,5.29,5.463656434992764,5.592860564106637,-0.17365643499276384,-0.30286056410663686
CHEMBL2407716,Nc1ccccc1NC(=O)c1ccc(CSC2=N[C@@H](c3ccccc3)CS2)cc1,,5.29,5.29,5.109794578010952,5.037921461436337,0.1802054219890481,0.252078538563663
CHEMBL4568644,O=C(CCCCn1cc(Nc2ncc(Cl)c(Nc3ccc(F)cc3)n2)cn1)NO,,5.29,5.29,5.310204143397106,5.489985337733371,-0.0202041433971063,-0.1999853377333709
CHEMBL5206232,COc1cc(C(=O)c2csc(-c3ccc(NC(=O)CCC(=O)NO)cc3)n2)cc(OC)c1OC,,5.29,5.29,5.251703445629757,5.459778799073683,0.03829655437024293,-0.16977879907368276
CHEMBL4639586,COc1nc2ccccc2cc1-c1cnc([C@@H](N)CCCCCC(=O)c2cnoc2C)[nH]1,,5.3,5.3,5.475127811009641,5.9883745371261305,-0.17512781100964148,-0.6883745371261307
CHEMBL6000904,O=C1COC[C@@H](c2ccccc2)N1c1ccc(-c2noc(C(F)(F)F)n2)cn1,,5.3,5.3,5.418767689778321,5.394273352318317,-0.11876768977832075,-0.09427335231831702
CHEMBL277805,Nc1ccccc1NC(=O)CCCCCC(=O)Nc1ccccc1,,5.3,5.3,5.055576901962536,4.906619495579827,0.24442309803746376,0.3933805044201728
CHEMBL5412663,C=Cc1ccc[n+](C)c1,,5.3,5.3,5.292353326823413,5.372647147536222,0.007646673176586738,-0.07264714753622226
CHEMBL3086767,CCOC(=O)NCCCC(=O)NCCc1ccccc1,,5.3,5.3,5.246462089049519,5.42052651329128,0.05353791095048077,-0.1205265132912805
CHEMBL5422346,C=Cc1cnc[n+](C)c1,,5.3,5.3,5.2986834873195905,5.350971552826129,0.001316512680409332,-0.05097155282612942
CHEMBL3415448,O=C(NO)c1ccc(OC2CCN(c3ccccc3)C2=O)cc1,,5.31,5.31,5.71372997269004,6.398886996596384,-0.40372997269004074,-1.0888869965963845
CHEMBL3335298,O=C(CCCCc1ccn(Cc2ccc(-n3ccc4ccccc43)cc2)n1)NO,,5.31,5.31,5.656916925409776,5.857708422670867,-0.3469169254097766,-0.5477084226708673
CHEMBL569812,CCC(=O)CCCSC[C@@H]1NC(=O)[C@H](C)NC(=O)C[C@H](CC(C)C)NC(=O)[C@H](Cc2c[nH]c3ccccc23)NC1=O,,5.31,5.31,5.434149177442597,5.64202045549073,-0.12414917744259757,-0.33202045549073045
CHEMBL6091978,O=C(CCCCCONC(=O)c1nc(-c2ccc(C(F)(F)F)cc2)cs1)NO,,5.31,5.31,5.2784536255690515,5.337355256884333,0.0315463744309481,-0.02735525688433338
CHEMBL5785366,O=C(/C=C/c1ccc(CNCC23CC4CC(CC(C4)C2)C3)c(F)c1)NO,,5.31,5.31,5.4365575343781485,5.710918212560882,-0.12655753437814887,-0.40091821256088256
CHEMBL5591346,COc1ccc(Cn2ccc3ccc(CC(=O)NO)cc32)cc1,,5.31,5.31,5.7255389449927145,6.36434353080102,-0.41553894499271493,-1.0543435308010203
CHEMBL4468802,COc1ccc(/C=C(\C)C(=O)c2cc(OC)c(OC)c(OC)c2)cc1OCCCCCCCC(=O)NO,,5.31,5.31,5.638680436823172,6.04576503714981,-0.3286804368231726,-0.7357650371498101
CHEMBL5780417,O=c1ccc2ccc(C(F)(F)F)cc2n1Cc1ccc(-c2noc(C(F)(F)F)n2)cn1,,5.31,5.31,5.490801316698472,5.685801837499762,-0.18080131669847255,-0.37580183749976204
CHEMBL5802645,Cn1nccc1OCc1ccc(-c2noc(C(F)(F)F)n2)c(F)c1,,5.32,5.32,5.488615057208584,5.553975269470717,-0.1686150572085836,-0.2339752694707169
CHEMBL501640,CC[C@H]1OC(=O)[C@H](C)[C@@H](O)[C@H](C)[C@@H](O[C@@H]2O[C@H](C)C[C@H](N(C)Cc3ccc(-c4cn(CCCCCC(=O)NO)nn4)cc3)[C@H]2O)[C@](C)(OC)C[C@@H](C)C(=O)[C@H](C)[C@@H](O)[C@]1(C)O,,5.32,5.32,5.615980619656214,5.691102287445359,-0.2959806196562136,-0.37110228744535867
CHEMBL3109993,O=C(NO)[C@@H]1[C@H](c2ccccc2)[C@H]1c1ccnc(C2CC2)c1,,5.32,5.32,5.682035810157759,6.102962103036697,-0.3620358101577583,-0.7829621030366969
CHEMBL6133873,O=C(CCCCCONC(=O)c1nc(-c2ccc(N3CCCC3)cc2)cs1)NO,,5.32,5.32,5.481210505958959,5.738247068316201,-0.1612105059589588,-0.41824706831620073
CHEMBL5404196,C[n+]1cccc(I)c1,,5.33,5.33,5.232684882029181,5.1944241298697165,0.09731511797081893,0.1355758701302836
CHEMBL446811,CC[C@H]1OC(=O)[C@H](C)[C@@H](O[C@H]2C[C@@](C)(OC)[C@@H](O)[C@H](C)O2)[C@H](C)[C@@H](O[C@@H]2O[C@H](C)C[C@H](N(C)Cc3ccc(-c4cn(CCCCCC(=O)NO)nn4)cc3)[C@H]2O)[C@](C)(O)C[C@@H](C)CN(C)[C@H](C)[C@@H](O)[C@]1(C)O,,5.33,5.33,5.776021768253943,5.826786315198683,-0.44602176825394313,-0.4967863151986833
CHEMBL5075646,O=C(NO)c1ccc(/C=C/c2ccnc(-c3ccccc3O)c2)cc1,,5.33,5.33,5.726111278359752,6.184575849311363,-0.3961112783597516,-0.8545758493113631
CHEMBL4742036,CCC(=O)CCCCCC(NC(=O)c1cncs1)c1[nH]c(-c2ccccc2)nc1C(N)=O,,5.33,5.33,5.137709748079937,5.135113803897365,0.19229025192006333,0.1948861961026349
CHEMBL5845113,Cc1cccc(CCOc2cc(-c3noc(C(F)(F)F)n3)ccn2)n1,,5.34,5.34,5.572106013721866,5.625532748537829,-0.23210601372186623,-0.28553274853782895
CHEMBL5271954,O=C(CCCCCCN(Cc1cc2ccccc2[nH]1)Cc1cc2ccccc2[nH]1)NO,,5.34,5.34,5.7208617119688245,6.2414801150724255,-0.3808617119688247,-0.9014801150724256
CHEMBL100282,COc1ccc(N)c(NC(=O)c2ccc(CNC(=O)OCc3cccnc3)cc2)c1,,5.34,5.34,5.257962365537916,5.079854774207115,0.08203763446208345,0.26014522579288446
CHEMBL5815233,CC(C)N1CCC(NCc2ccc(-c3noc(C(F)(F)F)n3)cn2)C1=O,,5.34,5.34,5.476439576941411,5.5958984977850115,-0.1364395769414113,-0.2558984977850116
CHEMBL4546345,Ic1ccncc1,,5.34,5.34,5.236296828061674,5.150847415056882,0.10370317193832612,0.18915258494311793
CHEMBL4859950,CCC(=O)CCCCC[C@H](NC(=O)[C@H]1CC12CCN(C)CC2)c1ncc(-c2ccc3c(c2)C2CCC3C2)[nH]1,,5.34,5.34,5.233906633866297,5.218266074669877,0.10609336613370246,0.12173392533012262
CHEMBL5950464,Nc1cccnc1COCc1ccc(-c2noc(C(F)(F)F)n2)c(F)c1,,5.35,5.35,5.419488446008819,5.397263879852401,-0.06948844600881898,-0.04726387985240166
CHEMBL6102231,CSN1C(=O)C[C@H]1CC/C=C/C(=O)Nc1ccccc1,,5.35,5.35,5.429608390239466,5.57305757639214,-0.07960839023946598,-0.22305757639214008
CHEMBL5218854,CCC(=O)CCCCC[C@H](NC(=O)[C@H]1CC12CCN(C(C)C)CC2)c1ncc(-c2cc3ccc(C)nc3cc2OC)[nH]1,,5.35,5.35,5.305798649407347,5.34153159360168,0.044201350592652844,0.008468406398320028
CHEMBL5923589,CC(=O)NC(Cc1ccc(-c2noc(C(F)(F)F)n2)cn1)c1cccc(C(F)(F)F)c1,,5.35,5.35,5.159575161607496,5.231196655614014,0.19042483839250401,0.11880334438598528
CHEMBL4299487,CC[C@H]1OC(=O)[C@@H](C)[C@H](O[C@@H]2C[C@](C)(OC)[C@@](O)(CN(C)Cc3ccc(-c4cn(CC(=O)NO)nn4)cc3)[C@@H](C)O2)[C@H](C)[C@H](O[C@H]2O[C@@H](C)C[C@@H](N(C)C)[C@@H]2O)[C@@](C)(O)C[C@H](C)CN(C)[C@@H](C)[C@H](O)[C@@]1(C)O,,5.35,5.35,5.468448105351914,5.6309326747133985,-0.11844810535191463,-0.2809326747133989
CHEMBL5400421,Nc1ccc(-c2cccs2)cc1NC(=O)c1ccc(-c2cn(C[S+]([O-])c3ccccc3)nn2)cc1,,5.35,5.35,5.32504813479078,5.257803174956026,0.024951865209219548,0.09219682504397397
CHEMBL5089186,O=C(COc1ccc2cc(/C=C3/SC(=O)NC3=O)ccc2c1)Nc1ccccc1,,5.35,5.35,5.286550673236498,5.205217150786185,0.0634493267635019,0.144782849213815
CHEMBL5927861,O=C1OC[C@@H](c2ccccc2)N1c1ccc(-c2noc(C(F)(F)F)n2)c(F)c1,,5.35,5.35,5.319906585001197,5.319182734268615,0.03009341499880236,0.030817265731384325
CHEMBL5218535,CCC(=O)CCCCC[C@H](NC(=O)[C@H]1CC12CCN(C)CC2)c1ncc(-c2ccc3ncccc3c2)[nH]1,,5.36,5.36,5.222591215478015,5.135341349384518,0.1374087845219849,0.22465865061548218
CHEMBL5742474,FC(F)(F)c1nc(-c2ccnc(OCc3cnn4c3OCCC4)c2)no1,,5.36,5.36,5.475295015719,5.6176140344167305,-0.11529501571900003,-0.25761403441673014
CHEMBL4856207,O=C(NO)c1ccc(CN2CCCCc3cc(Br)ccc32)cc1,,5.36,5.36,5.685725773877488,5.779281551223719,-0.3257257738774877,-0.4192815512237189
CHEMBL3110005,O=C(NO)C1[C@H](c2ccccc2)[C@H]1c1ccccc1,,5.37,5.37,5.595776253124942,5.826794726897788,-0.2257762531249421,-0.45679472689778766
CHEMBL5870520,OCc1cccc(NCc2ccc(-c3noc(C(F)(F)F)n3)cc2)c1,,5.37,5.37,5.604510493408423,6.069227003794369,-0.23451049340842278,-0.6992270037943689
CHEMBL3692688,CCN(CC)CCNC(=O)c1ccc(-c2noc(C(F)(F)F)n2)cc1,,5.37,5.37,5.2969057639814,5.279153584236546,0.07309423601860043,0.09084641576345387
CHEMBL2337873,Oc1cccn(Cc2ccc(-c3ccccc3)cc2)c1=S,,5.37,5.37,5.589085786068275,5.700351673750189,-0.2190857860682751,-0.33035167375018926
CHEMBL5399226,C[n+]1cncc(Cl)c1,,5.37,5.37,5.217506889775681,5.094617961625236,0.15249311022431922,0.27538203837476427
CHEMBL5955355,O=C(C1CCS(=O)(=O)CC1)N(Cc1ccc(-c2noc(C(F)(F)F)n2)cc1)c1cccc(C(F)(F)F)c1,,5.37,5.37,5.44393575806653,5.513648694088095,-0.07393575806653008,-0.14364869408809522
CHEMBL5756061,CC(C)(C)OC(=O)N1CC(=O)N(c2ccc(-c3noc(C(F)(F)F)n3)cc2)[C@H](c2ccccc2)C1,,5.37,5.37,5.491658704904934,5.547818918387713,-0.12165870490493358,-0.1778189183877128
CHEMBL3759869,CC(=O)SCCCCCCNC(=O)c1cc(-c2ccc(F)cc2)nn1C,,5.38,5.38,5.36579654029249,5.4859439531601515,0.01420345970750958,-0.1059439531601516
CHEMBL6028720,FC(F)(F)c1nc(-c2ccc(CNC3Cc4ccccc4C3)nc2)no1,,5.38,5.38,5.537062676358332,5.567769056691433,-0.15706267635833182,-0.18776905669143318
CHEMBL4848719,CC12CC3CC(C)(C1)CC(NC(=O)CCCCCC(=O)NO)(C3)C2,,5.38,5.38,5.784597816042647,5.941171329596704,-0.40459781604264666,-0.5611713295967045
CHEMBL2023528,COc1cccc2c1C(=O)c1c(O)c3c(c(O)c1C2=O)C[C@@](O)(C(C)=O)C[C@@H]3O[C@H]1C[C@H](NCc2ccc(-c3cn(CCCCCC(=O)NO)nn3)cc2)[C@H](O)[C@H](C)O1,,5.38,5.38,5.873467073740983,6.167435410535667,-0.493467073740983,-0.7874354105356671
CHEMBL5803661,C[Si]1(C)CCC(NCc2ccc(-c3noc(C(F)(F)F)n3)cn2)CC1,,5.38,5.38,5.5887071848930745,5.658728754838433,-0.2087071848930746,-0.27872875483843274
CHEMBL4084319,O=C(NO)c1ccc(Cl)c(OCc2ccc(Cl)cc2Cl)c1,,5.38,5.38,5.696962063884767,5.884255680417476,-0.316962063884767,-0.5042556804174758
CHEMBL5192330,COc1cc(C(=O)c2csc(-c3ccc(NC(=O)CCCCCC(=O)NO)cc3)n2)cc(OC)c1OC,,5.38,5.38,5.510242142400475,5.5404490577376535,-0.13024214240047538,-0.1604490577376536
CHEMBL2407717,Nc1ccccc1NC(=O)c1ccc(CNC2=N[C@@H](c3ccccc3)CS2)cc1,,5.39,5.39,5.082698727582116,4.925261353460157,0.30730127241788363,0.46473864653984265
CHEMBL4526647,O=C(CCCCCN1C(=O)c2cccc3c(Nc4ccccc4)ccc(c23)C1=O)NO,,5.39,5.39,5.705646508071608,6.120705261040509,-0.315646508071608,-0.7307052610405096
CHEMBL5266056,Nc1ccccc1NC(=O)c1ccc(CNc2nc(-c3ccccc3)cs2)cc1,,5.39,5.39,5.323391764464759,5.249658794887342,0.06660823553524065,0.1403412051126578
CHEMBL4451298,CNc1nc(Nc2cnn(CCCCCCC(=O)NO)c2)ncc1Cl,,5.39,5.39,5.678527594524805,6.020278870975902,-0.2885275945248056,-0.6302788709759026
CHEMBL5276841,O=C(CCCCCCN(Cc1ccc(-c2ccccc2)s1)Cc1ccc(-c2ccccc2)s1)NO,,5.39,5.39,5.497279165193152,6.125874272967748,-0.10727916519315261,-0.7358742729677479
CHEMBL3110004,O=C(NCC1(c2nc(-c3ccccc3)cs2)CCOCC1)c1cccc(-c2noc(C(F)(F)F)n2)c1,,5.4,5.4,5.520221998200311,5.629945357327912,-0.12022199820031076,-0.229945357327912
CHEMBL4748996,O=C(NO)c1ccc(-c2cn(CC34CC5CC(CC(C5)C3)C4)nn2)s1,,5.4,5.4,5.722678010541527,6.152193053148839,-0.32267801054152656,-0.7521930531488383
CHEMBL6146959,O=C(CCCCCONC(=O)c1nc(-c2ccccc2)cs1)NO,,5.4,5.4,5.2619778603127125,5.293217536191833,0.13802213968728783,0.10678246380816692
CHEMBL4851023,O=C(NO)c1ccc(CN2C(=O)C(Cc3ccccc3)N(Cc3ccc(Cl)cc3)C2=O)cc1,,5.4,5.4,5.724479341504287,5.821893283420458,-0.32447934150428637,-0.4218932834204576
CHEMBL498908,CC[C@H]1OC(=O)[C@H](C)[C@@H](O[C@H]2C[C@@](C)(OC)[C@@H](O)[C@H](C)O2)[C@H](C)[C@@H](O[C@@H]2O[C@H](C)C[C@H](N(C)Cc3ccc(-c4cn(CCCCCC(=O)NO)nn4)cc3)[C@H]2O)[C@](C)(OC)C[C@@H](C)C(=O)[C@H](C)[C@@H](O)[C@]1(C)O,,5.4,5.4,5.635710772762036,5.7075718346734154,-0.23571077276203578,-0.3075718346734151
CHEMBL5085291,O=C(COc1ccc2cc(/C=C3/SC(=O)NC3=O)ccc2c1)Nc1ccc([N+](=O)[O-])cc1,,5.4,5.4,5.2372717783458285,5.171369020882453,0.1627282216541719,0.22863097911754693
CHEMBL4212751,O=C(CCCCCCN(Cc1ccccc1)Cc1ccccc1)NO,,5.4,5.4,5.7518276433651625,5.822424169273208,-0.35182764336516215,-0.42242416927320736
CHEMBL55895,O=C(CCCc1ccccc1)NO,,5.4,5.4,5.633194989124965,5.753774579420533,-0.23319498912496428,-0.3537745794205325
CHEMBL8260,O=c1cc(-c2ccccc2)oc2cc(O)c(O)c(O)c12,,5.4,5.4,5.294192998625282,5.85887910534834,0.10580700137471855,-0.4588791053483394
CHEMBL5947493,CCOC(=O)N1CCN(c2ccc(-c3noc(C(F)(F)F)n3)cn2)C(c2ccccc2)C1,,5.4,5.4,5.46251146912152,5.5963970236217495,-0.06251146912152006,-0.19639702362174916
CHEMBL2401845,C[C@]12CC[C@@H]3c4ccc(O)cc4CC[C@H]3[C@@H]1CC[C@@]2(O)c1cn(CCCCCC(=O)NO)nn1,,5.4,5.4,5.233787423086,5.176915371643072,0.16621257691399993,0.22308462835692833
CHEMBL3622730,C/C=C1\NC(=O)c2csc(n2)CNC(=O)C[C@@H](/C=C/CCSC(=O)CCCCCCC)OC(=O)[C@H](C(C)C)NC1=O,,5.4,5.4,5.355721277336575,5.477609862955681,0.04427872266342536,-0.07760986295568095
CHEMBL5957274,CN1CCN(c2ccc(-c3noc(C(F)(F)F)n3)cc2)C(c2ccccc2)C1,,5.41,5.41,5.456676895562584,5.537965199654318,-0.04667689556258381,-0.12796519965431763
CHEMBL5178280,COc1cc(C(=O)c2csc(-c3ccc(NC(=O)/C=C/C(=O)NO)cc3)n2)cc(OC)c1OC,,5.41,5.41,5.63036177667281,5.931345358470544,-0.2203617766728101,-0.5213453584705441
CHEMBL4871032,CN(c1cccc2ccccc12)S(=O)(=O)C1CC2OC1C(c1ccc(NC(=O)CCCCCCC(=O)O)cc1)=C2c1ccc(O)cc1,,5.41,5.41,5.437297505928498,5.398389197130536,-0.02729750592849811,0.011610802869464365
CHEMBL5936289,CCCCNNC(=O)c1ccc(-c2cc(C(=O)OCC)ccc2F)cc1,,5.41,5.41,5.480122779314956,5.696716583695215,-0.07012277931495614,-0.286716583695215
CHEMBL178727,O=C(CS)NCCCCCC(=O)Nc1ccccc1,,5.41,5.41,5.49747594612184,5.722790961752038,-0.08747594612183995,-0.3127909617520377
CHEMBL4568168,COc1ccc(/C=C/C(=O)c2cc(OC)c(OC)c(OC)c2)cc1OCCCCCCC(=O)NO,,5.41,5.41,5.6113927002223765,5.855914169042425,-0.20139270022237632,-0.44591416904242465
CHEMBL5219409,CCC(=O)CCCCC[C@H](NC(=O)[C@H]1CC12CCN(C)CC2)c1ncc(-c2cc3ccc(C)nc3cc2OC)[nH]1,,5.41,5.41,5.20447478156585,4.974445533968211,0.2055252184341505,0.43555446603178893
CHEMBL5940307,FC(F)(F)c1nc(-c2ccc(CNc3ncccn3)cc2)no1,,5.41,5.41,5.66648605024595,5.723908209632727,-0.2564860502459503,-0.3139082096327268
CHEMBL4555432,CC[C@H](Nc1ncnc2[nH]cnc12)c1nc2cccc(CCc3ccc(C(=O)NO)cc3)c2c(=O)n1-c1ccccc1,,5.42,5.42,6.156846634914892,6.405432726863136,-0.7368466349148921,-0.9854327268631362
CHEMBL4876405,O=C(CCCCCONC(=O)c1ccc2ccccc2c1)NO,,5.42,5.42,5.7885171451009185,6.194009063687531,-0.3685171451009186,-0.7740090636875312
CHEMBL5218537,CCC(=O)CCCCC[C@H](NC(=O)[C@H]1CC12CCN(C)CC2)c1ncc(-c2cc3ccc(C4CC4)nc3cc2OC)[nH]1,,5.42,5.42,5.270040782856476,5.074199420253661,0.14995921714352356,0.3458005797463386
CHEMBL3577298,CC1=C(C)C(=O)C(CONC(=O)CCCCCCC(=O)Nc2ccccc2)=C(C)C1=O,,5.42,5.42,5.405141040061883,5.383436099160739,0.014858959938116811,0.03656390083926109
CHEMBL6010352,CC(C)(C)OC(=O)[C@@H]1COCC(=O)N1c1ccc(-c2noc(C(F)(F)F)n2)c(F)c1,,5.42,5.42,5.283254609641672,5.245495435175601,0.13674539035832822,0.17450456482439858
CHEMBL5209153,COc1ccc(CC(=O)N[C@@H](CCC(=O)O)C(=O)NCc2ccccc2)cc1,,5.42,5.42,5.448441190465099,5.541875980649083,-0.028441190465098742,-0.121875980649083
CHEMBL5881055,CC(=O)N1CCC(CNCc2ccc(-c3noc(C(F)(F)F)n3)cn2)CC1,,5.42,5.42,5.51391589374174,5.606541896612667,-0.09391589374174014,-0.18654189661266685
CHEMBL6142590,O=C(CCCCCONC(=O)c1nc(-c2cc3ccccc3o2)cs1)NO,,5.43,5.43,5.398441611595902,5.363306703654041,0.03155838840409775,0.06669329634595833
CHEMBL3357475,N#Cc1ccc(NC2CCc3ccc(C(=O)NO)cc3C2)cc1Cl,,5.43,5.43,5.613217927721127,6.069900243647646,-0.18321792772112744,-0.639900243647646
CHEMBL5076163,COc1ccc(-c2ncc(/C=C/C(=O)NO)s2)cc1,,5.43,5.43,5.639029237310327,5.988720856568426,-0.20902923731032708,-0.5587208565684261
CHEMBL5971717,CS(=O)(=O)NC(Cc1ccc(-c2noc(C(F)(F)F)n2)cn1)c1cccc(C(F)(F)F)c1,,5.43,5.43,5.4372289854549996,5.408684841832201,-0.007228985454999837,0.021315158167798387
CHEMBL4226433,O=C(CCCCCNC(=O)c1cc(-c2ccc(F)cc2)[nH]n1)NO,,5.43,5.43,5.711640247460499,5.921414491590308,-0.28164024746049954,-0.4914144915903087
CHEMBL3694284,O=C(NO)c1ccc2c(c1)CC(Nc1ccc([N+](=O)[O-])cc1)CC2,,5.43,5.43,5.958413752990161,6.234569102822574,-0.5284137529901614,-0.8045691028225743
CHEMBL4789155,CC(C)c1cc(C(=O)N2Cc3ccc(NC(=O)CCCCCCCCC(=O)NO)cc3C2)c(O)cc1O,,5.43,5.43,5.676647594070494,5.888458190682169,-0.2466475940704944,-0.458458190682169
CHEMBL2333345,O=C(NO)C1CCCCC1,,5.43,5.43,5.646639008488398,5.810475278368477,-0.21663900848839823,-0.3804752783684773
CHEMBL5424996,CCc1nc2ccc(/C=C/CC(=O)NO)cc2c(=O)n1-c1ccccc1,,5.43,5.43,5.568577698991002,5.767411367722994,-0.13857769899100258,-0.3374113677229946
CHEMBL5404427,Cc1nc2ccc(/C=C/CC(=O)NO)cc2c(=O)n1-c1ccccc1,,5.43,5.43,5.536407270274539,5.659036164546321,-0.10640727027453956,-0.22903616454632125
CHEMBL5859614,CCCCNNC(=O)c1ccc(-c2cc(C)cc(F)c2)cc1,,5.44,5.44,5.537180931234262,5.735097649782125,-0.09718093123426197,-0.29509764978212427
CHEMBL6168431,CN1CCC2(CC1)C(=O)N(Cc1c(F)cc(C(=O)NO)cc1F)CN2c1ccccc1,,5.44,5.44,5.560746643798099,5.914406723003275,-0.12074664379809885,-0.47440672300327424
CHEMBL5417754,C[n+]1cnccc1C#N,,5.44,5.44,5.366105336597197,5.328207105661109,0.07389466340280304,0.11179289433889128
CHEMBL4450285,O=C(CCC1C(=O)N(c2ccc(Cl)cc2)C(=O)N1Cc1ccccc1)Nc1ccc(C(=O)NO)cc1,,5.44,5.44,5.420818773621851,5.463826299169977,0.019181226378149674,-0.023826299169976473
CHEMBL5219039,CCC(=O)CCCCC[C@H](NC(=O)[C@H]1CC12CCN(C)CC2)c1ncc(-c2cc3ccncc3nc2OC)[nH]1,,5.44,5.44,5.205984869940281,5.004268694297461,0.23401513005971974,0.4357313057025394
CHEMBL5219811,CCC(=O)CCCCC[C@H](NC(=O)[C@H]1CC12CCN(C)CC2)c1ncc(-c2ccc3nccnc3c2)[nH]1,,5.44,5.44,5.22464067590556,5.104700176754765,0.21535932409444047,0.33529982324523555
CHEMBL5998589,O=C1CCC(c2ccccc2)N1c1ccc(-c2noc(C(F)(F)F)n2)c(F)c1,,5.44,5.44,5.386201226857962,5.393023865214416,0.05379877314203796,0.04697613478558438
CHEMBL5072502,COc1ccc2[nH]cc(CCN(Cc3ccc(C(=O)NO)cc3)C(=O)/C=C/c3ccc(O)c(OC)c3)c2c1,,5.45,5.45,5.696338272482202,6.291702668043708,-0.24633827248220186,-0.8417026680437081
CHEMBL4205609,COc1cccc(C(=O)c2ccc3c(ccn3S(=O)(=O)c3cccc(/C=C/C(=O)NO)c3)c2)c1,,5.45,5.45,5.590895672507726,5.751240379032632,-0.1408956725077255,-0.3012403790326319
CHEMBL3622729,C/C=C1\NC(=O)c2csc(n2)CNC(=O)C[C@@H](/C=C/CCS)OC(=O)[C@H](C(C)C)NC1=O,,5.45,5.45,5.669343863848551,6.013138456398474,-0.2193438638485512,-0.563138456398474
CHEMBL5911420,CN(C)CC(=O)N(Cc1ccc(-c2noc(C(F)(F)F)n2)cc1)c1cccc(C(F)(F)F)c1,,5.46,5.46,5.531193618708317,5.584798655391445,-0.07119361870831664,-0.1247986553914453
CHEMBL4099942,CC(C)[C@@H]1NC(=O)[C@]2(C)CSC(=N2)c2csc(n2)CNC(=O)C[C@@H](/C=C/CCC(=O)NO)OC1=O,,5.46,5.46,5.550062464350368,5.913408971444255,-0.09006246435036847,-0.4534089714442553
CHEMBL5269954,CN1CCC2(CC1)c1ccccc1N(Cc1ccc(C(=O)NO)cc1)C2c1ccccc1F,,5.46,5.46,5.527596590421052,5.794329111456409,-0.0675965904210516,-0.33432911145640887
CHEMBL5181507,O=C(NO)c1ccc(CNCc2ccccc2)cc1,,5.46,5.46,5.81711301216067,6.02981044669054,-0.3571130121606698,-0.56981044669054
CHEMBL5865949,Fc1ccccc1OCc1ccc(-c2noc(C(F)(F)F)n2)cn1,,5.46,5.46,5.41789668756834,5.358637351282814,0.0421033124316601,0.1013626487171857
CHEMBL187632,COc1ccc(NC(=O)c2cccc(COc3ccccc3)n2)cc1C(=O)NO,,5.46,5.46,5.490670279840987,5.876283707670929,-0.03067027984098747,-0.4162837076709289
CHEMBL4866683,O=C(NO)c1ccc(CN2C(=O)C(Cc3ccccc3)N(Cc3cccnc3)C2=O)cc1,,5.46,5.46,5.600408820511024,5.663615675969828,-0.14040882051102432,-0.20361567596982777
CHEMBL5436404,C=Cc1cc[n+](C)cc1,,5.47,5.47,5.316724940425628,5.245508986483923,0.15327505957437193,0.2244910135160767
CHEMBL3774414,COc1ccc(N(C)c2nc(C)nc3ccccc23)cc1OCCCC(=O)NO,,5.47,5.47,5.584352784662755,6.0804508820761995,-0.11435278466275545,-0.6104508820761998
CHEMBL6059599,O=C(C1CCS(=O)(=O)CC1)N(Cc1ccc(-c2noc(C(F)(F)F)n2)cc1F)c1cccc(C(F)(F)F)c1,,5.47,5.47,5.373754475319142,5.36992582268263,0.09624552468085756,0.1000741773173699
CHEMBL5746456,CC(Cn1cncn1)C(=O)N(Cc1ccc(-c2noc(C(F)(F)F)n2)cc1)c1cccc(C(F)(F)F)c1,,5.47,5.47,5.622031302489143,5.682003211886608,-0.1520313024891431,-0.21200321188660798
CHEMBL5957701,Fc1cc(COc2cnc3c(c2)COC3)ccc1-c1noc(C(F)(F)F)n1,,5.47,5.47,5.470496042880299,5.404191540048979,-0.0004960428802993633,0.06580845995102091
CHEMBL4782216,O=C(N[C@@H](CCCCNC(=O)c1ncccc1O)c1ncc(-c2ccc3ccccc3c2)[nH]1)c1cncs1,,5.47,5.47,5.260303701782549,5.001313038676272,0.20969629821745084,0.4686869613237281
CHEMBL5740369,Cc1n[nH]c(CC(=O)N(Cc2ccc(-c3noc(C(F)(F)F)n3)cn2)c2cccc(F)c2)n1,,5.47,5.47,5.57649982107846,5.736015719701447,-0.10649982107846068,-0.2660157197014472
CHEMBL4855392,CN(c1ccccc1Cl)S(=O)(=O)C1CC2OC1C(c1ccc(NC(=O)CCCCCCC(=O)O)cc1)=C2c1ccc(O)cc1,,5.47,5.47,5.498700300892345,5.248763463274262,-0.02870030089234543,0.22123653672573784
CHEMBL5219241,CCC(=O)CCCCC[C@H](NC(=O)[C@H]1CC12CCN(C)CC2)c1ncc(-c2cnc3ncccc3c2)[nH]1,,5.47,5.47,5.206775292197245,5.148269806418265,0.2632247078027543,0.32173019358173516
CHEMBL5897543,COc1ccc(NCc2ccc(-c3noc(C(F)(F)F)n3)cn2)cn1,,5.47,5.47,5.640256814769903,5.633888652426601,-0.1702568147699033,-0.16388865242660167
CHEMBL5801184,COCCn1nc(C(=O)N(Cc2ccc(-c3noc(C(F)(F)F)n3)cc2)c2cccc(C(F)(F)F)c2)ccc1=O,,5.48,5.48,5.577868361456228,5.719392899906174,-0.09786836145622768,-0.23939289990617318
CHEMBL6189220,CCC(CC)(c1ccc(C(=O)NCCCCC(=O)NO)cc1)c1ccc(OCC(O)C(C)(C)C)c(C)n1,,5.48,5.48,5.55848992988696,5.711501299987565,-0.07848992988695969,-0.2315012999875643
CHEMBL3110286,Oc1cccn(CCCCn2cc(-c3ccccc3)nn2)c1=S,,5.48,5.48,5.455382141300891,5.412701125945908,0.024617858699109263,0.0672988740540923
CHEMBL2381522,Cc1cccc(C(=O)NO)c1,,5.48,5.48,5.887539400812047,6.19089322965996,-0.40753940081204654,-0.7108932296599599
CHEMBL5189769,COc1cc(C(=O)c2csc(-c3ccc(NC(=O)CCCCC(=O)NO)cc3)n2)cc(OC)c1OC,,5.48,5.48,5.34581464827701,5.3164498897579655,0.13418535172299073,0.16355011024203492
CHEMBL5592165,O=C(NO)c1ccc(C(=O)N2CCc3c(c4ccccc4n3Cc3ccccc3)C2)cc1,,5.48,5.48,5.531552359628962,5.544238810780849,-0.05155235962896132,-0.06423881078084825
CHEMBL6004718,Cc1nc(C)n(CC(=O)N(Cc2ccc(-c3noc(C(F)(F)F)n3)cc2)c2cccc(C(F)(F)F)c2)n1,,5.48,5.48,5.631648330708825,5.683899670525388,-0.15164833070882455,-0.20389967052538793
CHEMBL4070647,CC(C)(C)Oc1ccc(C[C@@H]2N=C(c3ccccc3)c3ccccc3N(CCCCC(=O)NO)C2=O)cc1,,5.48,5.48,5.2244297597507545,4.945427565215771,0.2555702402492459,0.5345724347842298
CHEMBL5891868,Cc1ncc(C(=O)N(Cc2ccc(-c3noc(C(F)(F)F)n3)cn2)c2cccc(F)c2)cn1,,5.48,5.48,5.486625245369739,5.5605863065768215,-0.006625245369738408,-0.08058630657682109
CHEMBL5926095,O=C1NCCCCC1NCc1ccc(-c2noc(C(F)(F)F)n2)cn1,,5.48,5.48,5.575463176927025,5.582691997130683,-0.09546317692702466,-0.102691997130683
CHEMBL5832307,FC(F)(F)c1nc(-c2ccc(N3CCCCC3c3cccnc3)nc2)no1,,5.48,5.48,5.636305050669734,5.676918006403731,-0.15630505066973388,-0.19691800640373014
CHEMBL4784481,COc1cccc(-c2ccc3c(NC(=O)C4CCC(C(=O)NO)CC4)n[nH]c3c2)c1,,5.48,5.48,5.818140796937319,7.288086048562381,-0.3381407969373189,-1.8080860485623802
CHEMBL3734952,CC[C@H]1OC(=O)[C@H](C)C(=O)[C@H](C)[C@@H](O[C@@H]2O[C@H](C)C[C@H](N(C)Cc3ccc(-c4cn(CCCCC(=O)NO)nn4)cc3)[C@H]2O)[C@@](C)(OC)C[C@@H](C)C2=NCCN3C(=O)O[C@@]1(C)[C@H]3[C@H]2C,,5.49,5.49,5.6858774401306595,5.675562724276512,-0.19587744013065933,-0.18556272427651166
CHEMBL3735212,CC[C@H]1OC(=O)[C@H](C)C(=O)[C@H](C)[C@@H](O[C@@H]2O[C@H](C)C[C@H](N(C)Cc3cccc(-c4cn(CCCCCC(=O)NO)nn4)c3)[C@H]2O)[C@@](C)(OC)C[C@@H](C)C2=NCCN3C(=O)O[C@@]1(C)[C@H]3[C@H]2C,,5.49,5.49,5.919333163771624,6.221918297917332,-0.42933316377162356,-0.731918297917332
CHEMBL4299384,CC[C@@H]1OC(=O)[C@@H](C)[C@H](O[C@@H]2C[C@](C)(OC)[C@@](O)(CN(C)C)[C@@H](C)O2)[C@H](C)[C@H](O[C@@H]2O[C@H](C)C[C@H](N(C)Cc3ccc(-c4cn(CCCCCC(=O)NO)nn4)cc3)[C@H]2O)[C@@](C)(OC)C[C@H](C)C(=O)[C@@H](C)[C@@H](O)[C@@]1(C)O,,5.5,5.5,5.635458788194381,5.766110538159191,-0.13545878819438073,-0.2661105381591913
CHEMBL3764561,CC(C)n1cnc2c(NCCCCCCC(=O)NO)nc(N)nc21,,5.5,5.5,5.74372597700301,6.1678069402901805,-0.24372597700300958,-0.6678069402901805
CHEMBL3585981,Cc1ccc(-c2noc(CCCCCCC(=O)C(F)(F)F)n2)cc1,,5.5,5.5,5.62037626749021,5.6682225613167745,-0.1203762674902098,-0.1682225613167745
CHEMBL4469327,S=C1Sc2c(Cl)cccc2C2=NCCN12,,5.5,5.5,5.302965944683375,5.2008965831421445,0.19703405531662543,0.29910341685785546
CHEMBL5824337,FC(F)(F)c1nc(-c2ccc(N3CCCCC3c3ccccn3)nc2)no1,,5.5,5.5,5.643000681698059,5.59726678515935,-0.14300068169805868,-0.09726678515935028
CHEMBL4587363,Cc1cc(C)cc(C(=O)N(CC(=O)NCc2ccccc2)Cc2ccc(C(=O)Nc3cc(-c4ccccc4)ccc3N)cc2)c1,,5.5,5.5,5.40542916655954,5.351885759494682,0.0945708334404598,0.1481142405053184
CHEMBL3585986,O=C(CCCCCCc1nc(-c2ccc([N+](=O)[O-])cc2)no1)C(F)(F)F,,5.5,5.5,5.651740260138982,5.694725902562686,-0.15174026013898168,-0.19472590256268596
CHEMBL5208700,O=C(NO)c1ccc(CNCc2cccs2)cc1,,5.5,5.5,5.866720145638139,6.074027916510641,-0.3667201456381388,-0.5740279165106408
CHEMBL4797308,Cc1cc2cc(NCc3cc(C(=O)NO)ccc3Cl)ccc2n(C)c1=O,,5.5,5.5,6.049093546039522,6.427915539016469,-0.5490935460395221,-0.9279155390164693
CHEMBL4457162,O=C(NO)c1ccc(CN2c3ccccc3Sc3cccnc32)cc1,,5.51,5.51,5.818598116577141,6.026308484099106,-0.30859811657714165,-0.5163084840991061
CHEMBL5892217,Cc1nccnc1C(=O)N(Cc1ccc(-c2noc(C(F)(F)F)n2)cn1)c1cccc(F)c1,,5.51,5.51,5.525308053803458,5.618005684964868,-0.015308053803457788,-0.10800568496486829
CHEMBL4474286,O=C(NO)c1ccc(Cn2c(=O)n(CCc3ccccc3)c(=O)c3ccc(C4CC4)cc32)cc1,,5.51,5.51,5.935640371773785,6.256336115827175,-0.42564037177378555,-0.7463361158271749
CHEMBL5946809,FC(F)(F)c1nc(-c2ccc(CNc3cccnc3)cc2)no1,,5.51,5.51,5.5880232717770735,5.618483724611123,-0.07802327177707369,-0.10848372461112366
CHEMBL4647720,O=C(CCCCC(=O)NCCCN1c2ccccc2CCc2ccc(Cl)cc21)NO,,5.51,5.51,5.7059012246578185,5.869638430288806,-0.19590122465781867,-0.3596384302888058
CHEMBL5178391,COc1cc(C(=O)c2csc(-c3ccc(/C=C/C(=O)Nc4ccccc4N)cc3)n2)cc(OC)c1OC,,5.51,5.51,5.642688091604354,5.784129839635829,-0.13268809160435424,-0.2741298396358296
CHEMBL3891027,CCCCCC[C@@H](CCCCCC(=O)Nc1ccccc1)C(=O)NO,,5.51,5.51,5.9197591192959855,6.001406467992039,-0.40975911929598574,-0.49140646799203935
CHEMBL5221097,CCC(=O)CCCCC[C@H](NC(=O)[C@H]1CC12CCN(CC)CC2)c1ncc(-c2cc3cn(C)nc3cc2OC)[nH]1,,5.51,5.51,5.260033951744575,5.132947818478679,0.24996604825542512,0.3770521815213206
CHEMBL6031881,CC(C)(C(=O)N(Cc1ccc(-c2noc(C(F)(F)F)n2)cn1)c1cccc(F)c1)n1cncn1,,5.51,5.51,5.424444863089246,5.432138621914883,0.08555513691075411,0.0778613780851165
CHEMBL2337867,Cc1ccccc1-c1ccc(Cn2cccc(O)c2=S)cc1,,5.51,5.51,5.686300957133216,5.8833663281990365,-0.17630095713321658,-0.3733663281990367
CHEMBL2094337,O=C(NO)c1sc2ccccc2c1Cl,,5.51,5.51,5.448907223296533,5.454543579662955,0.061092776703466356,0.055456420337044676
CHEMBL5851957,O=C1CCC(c2ccccc2Cl)N1c1ccc(-c2noc(C(F)(F)F)n2)cc1F,,5.51,5.51,5.401820966799032,5.438198626447873,0.108179033200968,0.07180137355212679
CHEMBL6041746,CC(C)c1ncncc1C(=O)N(Cc1ccc(-c2noc(C(F)(F)F)n2)cn1)c1cccc(F)c1,,5.51,5.51,5.636663861138741,5.74009785628893,-0.1266638611387414,-0.2300978562889302
CHEMBL4646090,CC(C)(C)c1cc(CN(C(=O)c2cccc(C(F)(F)F)c2)c2ccc(C(=O)NO)cc2)cc(C(C)(C)C)c1,,5.52,5.52,5.9934425205017,6.856001227044786,-0.47344252050170077,-1.336001227044786
CHEMBL5184464,O=C(O)CC[C@H](NC(=O)Cc1ccc(Br)cc1)C(=O)NCc1ccccc1,,5.52,5.52,5.484150366317358,5.409290169134822,0.03584963368264127,0.1107098308651775
CHEMBL5811224,COCc1cccc(CCOc2cc(-c3noc(C(F)(F)F)n3)ccn2)c1,,5.52,5.52,5.585030015755374,5.495302517287635,-0.06503001575537404,0.024697482712364938
CHEMBL5792493,O=C(N(Cc1ccc(-c2noc(C(F)(F)F)n2)cn1)c1cccc(F)c1)C1(CN2CCOCC2)CC1,,5.52,5.52,5.4836731958838545,5.429308278918182,0.036326804116145084,0.09069172108181789
CHEMBL4214401,O=C(NO)c1cccc(S(=O)(=O)N[C@@H](Cc2c[nH]c3ccccc23)C(=O)Nc2ccccc2)c1,,5.52,5.52,5.420214974319647,5.603837386046754,0.09978502568035275,-0.0838373860467545
CHEMBL5901369,Cc1noc([C@@H]2COCC(=O)N2c2ccc(-c3noc(C(F)(F)F)n3)cc2)n1,,5.52,5.52,5.785873401035138,5.873486939313997,-0.26587340103513846,-0.35348693931399744
CHEMBL217651,CC(=O)CCCCC[C@H](NC(=O)C1CCCCN1C)C(=O)Nc1nc(-c2ccccc2)cs1,,5.52,5.52,5.594263629306848,5.852057305659996,-0.0742636293068486,-0.3320573056599967
CHEMBL5182740,O=C(CCCCCOc1cccc(-c2nnc(-c3ccccc3)s2)c1)NO,,5.52,5.52,5.673616072590693,5.759528091662152,-0.153616072590693,-0.2395280916621525
CHEMBL5757701,Cn1nc(C(=O)N(Cc2ccc(-c3noc(C(F)(F)F)n3)cc2)c2cccc(C(F)(F)F)c2)ccc1=O,,5.52,5.52,5.565052521874489,5.581051040164768,-0.04505252187448949,-0.061051040164768366
CHEMBL5995237,Cc1nccc(OCc2ccc(-c3noc(C(F)(F)F)n3)c(F)c2)n1,,5.52,5.52,5.616043083756018,5.605467527135984,-0.096043083756018,-0.08546752713598416
CHEMBL3335283,O=C(CCCCc1ccn(Cc2cccc(-c3ccccc3)c2)n1)NO,,5.53,5.53,5.773216450412599,5.8715945065539685,-0.2432164504125991,-0.3415945065539683
CHEMBL3775581,Cc1nc2c(c(N(C)c3ccc(OCC(=O)NO)cc3)n1)CCC2,,5.53,5.53,5.734082567034498,6.034943994251728,-0.20408256703449812,-0.504943994251728
CHEMBL5412573,CCCCN(Cc1ccc(C(=O)NO)cc1)C(=O)CCCCn1cc(COc2cccc(Cc3cnc(NC(=O)CSc4nc(C)cc(C)n4)s3)c2)nn1,,5.53,5.53,5.60315091961865,5.697142493216919,-0.07315091961864972,-0.16714249321691899
CHEMBL4225451,O=C(CCCCCCNC(=O)c1cc(-c2ccc(F)cc2)[nH]n1)NO,,5.53,5.53,5.869608316038612,6.032084729373841,-0.3396083160386114,-0.5020847293738404
CHEMBL5978462,Cn1c([C@@H]2CCC(=O)N2c2ccc(-c3noc(C(F)(F)F)n3)cc2)nc2ccccc21,,5.54,5.54,5.6745705748402475,5.767307907806238,-0.13457057484024748,-0.22730790780623789
CHEMBL4216804,Cc1c2ccc(N(C)c3ccnc(Nc4ccc(/C=C/C(=O)NO)cc4)n3)cc2nn1C,,5.54,5.54,5.652075829634748,6.049408342343235,-0.11207582963474838,-0.5094083423432352
CHEMBL6144214,O=C(NO)c1ccc(CN2c3ccccc3[S+]([O-])C[C@H]3CCCC[C@H]32)cc1,,5.54,5.54,5.530241035034548,5.547486241554331,0.009758964965452144,-0.007486241554331308
CHEMBL5198194,CC1(NCC(=O)NCc2ccc(/C=C/C(=O)NO)cc2)CCN(c2cnc(-c3cccc(Cl)c3Cl)c(N)n2)CC1,,5.54,5.54,5.667303777799107,6.3658016214921105,-0.1273037777991073,-0.8258016214921104
CHEMBL5277375,O=C(O)CCC(NC(=O)Cc1ccc(Br)cc1)C(=O)NCc1ccc([N+](=O)[O-])cc1,,5.54,5.54,5.576075648607741,5.553884976274469,-0.03607564860774115,-0.013884976274469274
CHEMBL4469098,O=C(NO)c1ccc(CN2c3ccccc3CC[C@@H]3CCCC[C@H]32)cc1,,5.54,5.54,5.471884260423823,5.460718916215784,0.06811573957617689,0.07928108378421594
CHEMBL5433087,Cc1o[n+](C)c(C)c1I,,5.54,5.54,5.3844560733990825,5.311500312425084,0.15554392660091754,0.22849968757491634
CHEMBL2337866,CN(C)c1ccc(-c2ccc(Cn3cccc(O)c3=S)cc2)cc1,,5.54,5.54,5.640621250725768,5.718543354910463,-0.10062125072576755,-0.17854335491046314
CHEMBL6064557,Cc1n[nH]c2c1CC(NCc1ccc(-c3noc(C(F)(F)F)n3)cn1)CC2,,5.54,5.54,5.690664547599679,6.00699851416606,-0.1506645475996793,-0.4669985141660602
CHEMBL5187307,COc1ccc(CNC(=O)[C@H](CCC(=O)O)NC(=O)Cc2ccc(Br)cc2)cc1,,5.54,5.54,5.50251472132261,5.54473626715556,0.03748527867738982,-0.004736267155560192
CHEMBL5917567,O=C(NCc1ccc(-c2noc(C(F)(F)F)n2)cc1)C1CCCC1,,5.54,5.54,5.633481944204925,5.615126473398913,-0.09348194420492462,-0.07512647339891299
CHEMBL3235790,N#CCc1ccc(-c2ccc(/C=C/C(=O)NO)cc2Cl)cc1C12CC3CC(CC(C3)C1)C2,,5.54,5.54,5.438541187200943,5.294836472913643,0.10145881279905744,0.24516352708635747
CHEMBL3694327,O=C(NO)c1ccc2c(c1)CC(NC(=O)c1ccc(-c3ccccc3)cc1)CN2,,5.54,5.54,5.722992890367422,6.055173474372971,-0.18299289036742206,-0.515173474372971
CHEMBL5220120,CCC(=O)CCCCC[C@H](NC(=O)[C@H]1CC12CCN(CC)CC2)c1ncc(-c2ccc3ccncc3c2)[nH]1,,5.54,5.54,5.305684433297522,5.260094124841021,0.23431556670247833,0.27990587515897936
CHEMBL3357476,O=C(NO)c1ccc2c(c1)CC(Nc1ccccn1)CC2,,5.54,5.54,5.984901800282252,6.09552776239175,-0.4449018002822518,-0.5555277623917503
CHEMBL101167,Cc1ccc(N)c(NC(=O)c2ccc(CNC(=O)OCc3cccnc3)cc2)c1,,5.55,5.55,5.437667109258389,5.270119372102112,0.11233289074161057,0.2798806278978878
CHEMBL139192,O=CN(O)CCCCCCCC(=O)Nc1ccccc1,,5.55,5.55,5.538284098083291,5.541028949183874,0.011715901916709015,0.008971050816126258
CHEMBL5266442,Cc1cc(CNCCCCCCC(=O)NO)ccc1F,,5.55,5.55,5.737195454070591,6.082381942879298,-0.1871954540705909,-0.5323819428792982
CHEMBL5914347,O=C1NCCc2ccccc2C1NCc1ccc(-c2noc(C(F)(F)F)n2)cn1,,5.55,5.55,5.438781354990644,5.353048009001146,0.11121864500935619,0.19695199099885397
CHEMBL5855531,O=C(CC1COC1)N(Cc1ccc(-c2noc(C(F)(F)F)n2)cc1)c1cccc(C(F)(F)F)c1,,5.55,5.55,5.560292212866202,5.608615286254925,-0.010292212866201744,-0.05861528625492518
CHEMBL5794701,O=C1NCCCC1NCc1ccc(-c2noc(C(F)(F)F)n2)cn1,,5.55,5.55,5.556769821894848,5.556132685740438,-0.006769821894848427,-0.006132685740437793
CHEMBL4644775,COc1cc(Oc2ccc3nc(/C=C/C(=O)NO)ccc3c2)cc(OC)c1OC,,5.55,5.55,6.0326071692245815,6.306044826841985,-0.4826071692245817,-0.7560448268419853
CHEMBL4866436,O=C(NO)c1ccc(CN2CCCCc3cc(-c4cc[nH]n4)ccc32)cc1,,5.55,5.55,5.859874866455798,6.143768427689096,-0.3098748664557984,-0.5937684276890964
CHEMBL3694322,COc1cccc(C(=O)NC2CNc3ccc(C(=O)NO)cc3C2)c1,,5.55,5.55,5.675989122593018,6.204286347834819,-0.1259891225930181,-0.6542863478348195
CHEMBL4649487,CCc1nc(N)nc(N)c1-c1ccc(-c2cn(CCCCCC(=O)NO)nn2)cc1,,5.55,5.55,5.647430495933712,5.857987626412116,-0.097430495933712,-0.30798762641211574
CHEMBL6006636,O=C1COC[C@@H](CNCc2ccc(-c3noc(C(F)(F)F)n3)cn2)N1,,5.55,5.55,5.634094900655054,5.648316571088441,-0.08409490065505398,-0.09831657108844105
CHEMBL5951361,O=C(c1cncnc1)N(Cc1ccc(-c2noc(C(F)(F)F)n2)cc1)c1cccc(C(F)(F)F)c1,,5.55,5.55,5.59830527420968,5.648645075309027,-0.048305274209679894,-0.09864507530902689
CHEMBL4210107,COc1ccc(C(=O)c2ccc3c(ccn3Cc3ccc(/C=C/C(=O)NO)cc3)c2)cc1,,5.55,5.55,5.871716873650536,6.0960650289572715,-0.32171687365053625,-0.5460650289572717
CHEMBL4537561,O=C(NO)c1ccc(Cn2c3c(c4cc(F)ccc42)CSCC3)cc1,,5.55,5.55,5.753199207826199,5.891017855028913,-0.2031992078261995,-0.34101785502891335
CHEMBL5218553,CCC(=O)CCCCC[C@H](NC(=O)[C@H]1CC12CCN(CC)CC2)c1ncc(-c2ccc3cnccc3c2)[nH]1,,5.55,5.55,5.345271994104964,5.330020107499857,0.20472800589503581,0.2199798925001426
CHEMBL4218789,O=C(/C=C/c1cccc(S(=O)(=O)n2ccc3cc(C(=O)c4ccc(F)cc4)ccc32)c1)NO,,5.56,5.56,5.7615392828178145,5.909412654538059,-0.20153928281781486,-0.34941265453805936
CHEMBL2337864,Oc1cccn(Cc2ccc(-c3ccncc3)cc2)c1=S,,5.56,5.56,5.6346616554682125,5.612040561377081,-0.0746616554682129,-0.05204056137708157
CHEMBL4441436,O=C(NO)c1ccc(Cn2c(=O)n(CCc3ccccc3)c(=O)c3ccc(O)cc32)cc1,,5.56,5.56,5.932321781536901,6.108075251168501,-0.3723217815369013,-0.548075251168501
CHEMBL4069631,CN(C)c1ccc(C(=O)N(CCCCCC(=O)NO)CC(=O)NCc2ccccc2)cc1,,5.56,5.56,5.652671385438769,5.736928877374202,-0.09267138543876907,-0.17692887737420282
CHEMBL4066043,O=C(NO)c1ccc(CC(=O)N(CCO)c2ccccc2)cc1,,5.56875,5.56875,5.897018861581463,6.4361638738095035,-0.3282688615814635,-0.8674138738095039
CHEMBL5802539,Cc1nc(Cl)cnc1COc1ccc(-c2noc(C(F)(F)F)n2)cn1,,5.57,5.57,5.667182893605757,5.776556588685295,-0.0971828936057566,-0.20655658868529514
CHEMBL5904441,FC(F)(F)c1nc(-c2ccc(N3CCOC[C@H]3c3ccccc3)nc2)no1,,5.57,5.57,5.6236834703168865,5.619190561313995,-0.05368347031688625,-0.049190561313994685
CHEMBL3694325,O=C(NO)c1ccc2c(c1)CC(NC(=O)c1cccc(C(F)(F)F)c1)CN2,,5.57,5.57,5.7340248054536485,5.937819575911196,-0.16402480545364817,-0.36781957591119596
CHEMBL2012812,CC(C)C[C@H]1CC(=O)N[C@@H](C)C(=O)N[C@@H](CCCCCC(N)=O)C(=O)N[C@@H](Cc2c[nH]c3ccccc23)C(=O)N1,,5.57,5.57,5.811663324654816,6.014443999292438,-0.24166332465481588,-0.44444399929243783
CHEMBL4576116,CN(C)c1ccc2c(c1)SC(=S)N1CCCN=C21,,5.57,5.57,5.652780321877242,5.701900849932693,-0.08278032187724182,-0.13190084993269302
CHEMBL4873778,CCCc1ccc2c(c1)CCC(=O)N2Cc1ccc(C(=O)NO)cc1,,5.57,5.57,5.848022957811147,5.951215945223881,-0.27802295781114683,-0.3812159452238806
CHEMBL5902634,Cn1ncc(NCc2ccc(-c3noc(C(F)(F)F)n3)cn2)n1,,5.57,5.57,5.644445837105611,5.6986071495892245,-0.07444583710561048,-0.12860714958922426
CHEMBL3770136,O=C(NO)c1coc(C(c2ccccc2)c2ccccc2)n1,,5.57,5.57,5.1303554841122105,4.704692573224688,0.43964451588778974,0.8653074267753125
CHEMBL572374,[N-]=[N+]=Nc1ccc(-c2csc(NC(=O)CCCCCCC(=O)NO)n2)cc1,,5.57,5.57,5.804946328140241,6.239356236487158,-0.23494632814024108,-0.6693562364871575
CHEMBL567457,CC1(C)NC(=O)C[C@H](Cc2c[nH]c3ccccc23)NC(=O)[C@H](Cc2cccc3ccccc23)NC(=O)[C@H](CCCCCC(=O)O)NC1=O,,5.57,5.57,5.635869101930362,5.746223093067783,-0.0658691019303621,-0.17622309306778305
CHEMBL5597296,CCCCCCNNC(=O)c1ccc(CNC(=O)CN2CCC(c3ccc(NC4CCC(=O)NC4=O)cc3)CC2)cc1,,5.57,5.57,5.605424415353534,5.6346936520509985,-0.03542441535353369,-0.0646936520509982
CHEMBL6037359,CC(=O)N1CCN(CC(=O)N(Cc2ccc(-c3noc(C(F)(F)F)n3)cc2)c2cccc(C(F)(F)F)c2)CC1,,5.58,5.58,5.497523733018641,5.503575250040198,0.08247626698135946,0.07642474995980209
CHEMBL5946050,Cc1nc(OCc2ccc(-c3noc(C(F)(F)F)n3)c(F)c2)c2cnn(C)c2n1,,5.58,5.58,5.646744368254708,5.627806076864433,-0.06674436825470753,-0.04780607686443261
CHEMBL6062628,O=C1Nc2ccccc2CC1NCc1ccc(-c2noc(C(F)(F)F)n2)cn1,,5.58,5.58,5.5839542657922845,5.528761051881278,-0.003954265792284417,0.05123894811872187
CHEMBL6050084,CN1CC(C(=O)N(Cc2ccc(-c3noc(C(F)(F)F)n3)cn2)c2cccc(F)c2)CCC1=O,,5.58,5.58,5.613324644870061,5.6488380874166495,-0.033324644870060816,-0.06883808741664943
CHEMBL6040748,O=c1ccc2ccc(Br)cc2n1Cc1ccc(-c2noc(C(F)(F)F)n2)cc1,,5.58,5.58,5.612262384307422,5.715852431593957,-0.032262384307421677,-0.13585243159395688
CHEMBL3694326,O=C(NO)c1ccc2c(c1)CC(NC(=O)c1ccc(Cl)c(Cl)c1)CN2,,5.58,5.58,5.471046753637243,5.6193120718572205,0.10895324636275738,-0.03931207185722041
CHEMBL5591748,Cn1c2c(c3ccccc31)CN(Cc1ccc(C(=O)NO)cc1)CC2,,5.58,5.58,5.721304515723702,5.880423744334476,-0.14130451572370184,-0.30042374433447616
CHEMBL5994421,O=C(C1CCS(=O)(=O)C1)N(Cc1ccc(-c2noc(C(F)(F)F)n2)cn1)c1cccc(F)c1,,5.58,5.58,5.58264885806827,5.513255132539664,-0.002648858068269533,0.06674486746033637
CHEMBL5271192,CN(C)c1cccc2c(SNCCCCCC(=O)NO)cccc12,,5.59,5.59,5.839473977869755,6.029175544780491,-0.249473977869755,-0.4391755447804915
CHEMBL3622727,C/C=C1\NC(=O)c2csc(n2)[C@@H](C(C)C)NC(=O)C[C@@H](/C=C/CCS)OC(=O)[C@H](C(C)C)NC1=O,,5.59,5.59,5.641975549885568,5.6777913030310865,-0.05197554988556785,-0.08779130303108662
CHEMBL3585965,O=C(CCCCCCc1nc(-c2ccc([N+](=O)[O-])cc2)no1)NO,,5.59,5.59,5.841022398248938,5.943719976971447,-0.25102239824893857,-0.35371997697144675
CHEMBL5069541,COc1ccc(-c2ncc(/C=C/C(=O)NO)s2)c(OC)c1OC,,5.59,5.59,5.647306221695874,5.6827204125789486,-0.05730622169587374,-0.0927204125789487
CHEMBL2417782,CC(C)(C)OC(=O)Nc1cccc(-c2csc(NC(=O)CCCCCCC(=O)NO)n2)c1,,5.59,5.59,5.716476611761377,5.985643815970299,-0.12647661176137692,-0.3956438159702991
CHEMBL4550526,CC(C)(C)OC(=O)Nc1cccc(-c2csc(NC(=O)CCCCCC(=O)NO)n2)c1,,5.59,5.59,5.6328986519245134,5.600976281190439,-0.04289865192451359,-0.010976281190439252
CHEMBL4299368,CC[C@H]1OC(=O)[C@H](C)[C@@H](O[C@@H]2C[C@](C)(OC)[C@@](O)(CN(C)Cc3ccc(-c4cn(CCCC(=O)NO)nn4)cc3)[C@@H](C)O2)[C@@H](C)[C@@H](O[C@H]2O[C@@H](C)C[C@@H](N(C)C)[C@@H]2O)[C@](C)(OC)C[C@@H](C)C(=O)[C@H](C)[C@H](O)[C@]1(C)O,,5.6,5.6,5.666914595281614,5.62240493694413,-0.06691459528161392,-0.02240493694413015
CHEMBL3110277,Cc1ccc(-c2cn(CCCCCn3cccc(O)c3=S)nn2)cc1,,5.6,5.6,5.617068891707912,5.625395794434373,-0.017068891707912037,-0.02539579443437301
CHEMBL5953624,CNC(=O)c1ccccc1NCc1ccc(-c2noc(C(F)(F)F)n2)cn1,,5.6,5.6,5.752547094049991,5.910214009026525,-0.15254709404999112,-0.3102140090265255
CHEMBL5751427,CC(C)C(=O)N1CCC(C(=O)N(Cc2ccc(-c3noc(C(F)(F)F)n3)cc2)c2cccc(C(F)(F)F)c2)CC1,,5.6,5.6,5.633144886687202,5.6666995969907825,-0.033144886687201947,-0.06669959699078287
CHEMBL5830383,O=C(NC(Cc1ccc(-c2noc(C(F)(F)F)n2)cn1)c1cccc(C(F)(F)F)c1)c1ncccn1,,5.6,5.6,5.326602746146073,5.1329375860058635,0.27339725385392644,0.46706241399413617
CHEMBL5969224,O=C(CC1CNCCO1)N(Cc1ccc(-c2noc(C(F)(F)F)n2)cc1)c1cccc(C(F)(F)F)c1,,5.6,5.6,5.659295883050766,5.790573291385395,-0.059295883050766385,-0.19057329138539547
CHEMBL6149703,O=C(CCCCCONC(=O)c1nc(-c2cccs2)cs1)NO,,5.6,5.6,5.329067824734252,5.260578421675543,0.27093217526574787,0.3394215783244565
CHEMBL5999147,O=C(C1CCS(=O)(=O)CC1)N(Cc1ccc(-c2noc(C(F)(F)F)n2)cn1)c1cccc(C(F)(F)F)c1,,5.6,5.6,5.4238515419542015,5.463797372157494,0.17614845804579815,0.13620262784250592
CHEMBL3335288,O=C(CCCCc1ccn(-c2ccccc2)n1)NO,,5.6,5.6,5.711379959638813,5.796709650289451,-0.1113799596388132,-0.19670965028945098
CHEMBL4517827,Cc1ccc2c(=O)n(CCc3ccccc3)c(=O)n(Cc3ccc(C(=O)NO)cc3)c2c1,,5.6,5.6,5.976195208332961,6.261509969146232,-0.3761952083329616,-0.6615099691462323
CHEMBL5768336,FC(F)(F)c1nc(-c2ccc(CNc3cccc4[nH]ncc34)cc2)no1,,5.6,5.6,5.608894671728033,5.662544393241042,-0.008894671728032932,-0.06254439324104233
CHEMBL5816615,O=C1CC[C@@H](c2ccccc2)N1c1ccc(-c2noc(C(F)(F)F)n2)cn1,,5.606667,5.606667,5.5018835731276425,5.472565691759256,0.10478342687235731,0.1341013082407443
CHEMBL2425955,Cc1nc2cc(/C=C/C(=O)NO)ccc2c(=O)n1-c1ccccc1,,5.61,5.61,5.974311645099965,5.981856853870962,-0.3643116450999644,-0.3718568538709617
CHEMBL4526274,O=C(CCCCCn1cc(Nc2ncc(Cl)c(Nc3ccc(Cl)cc3)n2)cn1)NO,,5.61,5.61,5.599818752579201,5.7661001823642835,0.010181247420799622,-0.15610018236428314
CHEMBL4299429,CC[C@@H]1OC(=O)[C@@H](C)[C@H](O[C@H]2C[C@@](C)(OC)[C@@H](O)[C@H](C)O2)[C@H](C)[C@H](O[C@@H]2O[C@H](C)C[C@H](N(C)Cc3ccc(-c4cn(CCC(=O)NO)nn4)cc3)[C@H]2O)[C@@](C)(OC)C[C@H](C)C(=O)[C@@H](C)[C@@H](O)[C@@]1(C)O,,5.61,5.61,5.468604848985905,5.351443741777282,0.1413951510140956,0.2585562582227183
CHEMBL4761444,CCCCNNC(=O)c1ccc(-c2ccccc2)cc1,,5.61,5.61,5.737396408323115,5.898318141385431,-0.12739640832311494,-0.28831814138543077
CHEMBL5200566,C#CCN(C)CCCOc1cc(NC(=O)CCCCCCCCC(=O)NO)ccc1Cl,,5.61,5.61,5.956423243636223,6.111154243149038,-0.3464232436362229,-0.5011542431490374
CHEMBL3736170,CC[C@H]1OC(=O)[C@H](C)C(=O)[C@H](C)[C@@H](O[C@@H]2O[C@H](C)C[C@H](N(C)Cc3ccccc3-c3cn(CCCCCCC(=O)NO)nn3)[C@H]2O)[C@@](C)(OC)C[C@@H](C)C2=NCCN3C(=O)O[C@@]1(C)[C@H]3[C@H]2C,,5.61,5.61,5.792809410517234,5.9410643755261265,-0.18280941051723332,-0.3310643755261262
CHEMBL4303643,CCCCNNC(=O)c1ccc(Br)cc1,,5.6175,5.6175,5.697111730073512,5.71930682446713,-0.07961173007351263,-0.10180682446712996
CHEMBL5781246,O=C1COC[C@H](CNCc2ccc(-c3noc(C(F)(F)F)n3)cn2)N1,,5.62,5.62,5.634094900655054,5.642495733003451,-0.0140949006550537,-0.02249573300345098
CHEMBL1830399,CCCCc1nc2cc(/C=C/C(=O)NO)ccc2n1CCN(C)C,,5.62,5.62,6.068920802449412,6.412571688115806,-0.448920802449412,-0.7925716881158058
CHEMBL5937939,O=C1COc2ccccc2N1Cc1ccc(-c2noc(C(F)(F)F)n2)cn1,,5.62,5.62,5.514793423357968,5.378847489121968,0.10520657664203181,0.2411525108780319
CHEMBL3415969,Nc1nc2ncc(CNc3ccc(C(=O)N[C@@H](CCC(=O)NCCCCCCCC(=O)NO)C(=O)O)cc3)nc2c(=O)[nH]1,,5.62,5.62,5.517225343496357,5.339457160850623,0.1027746565036427,0.28054283914937717
CHEMBL3585966,O=C(CCCCCCc1nc(-c2cccc([N+](=O)[O-])c2)no1)NO,,5.62,5.62,5.932120934391612,6.014560660237807,-0.31212093439161226,-0.3945606602378069
CHEMBL4283105,O=C(NO)c1ccc(Cn2c3c(c4cc(F)ccc42)C[S+]([O-])CC3)cc1,,5.62,5.62,5.773470351444113,5.834006704827661,-0.15347035144411247,-0.2140067048276606
CHEMBL5184156,O=C(/C=C/C1CCN(CCc2ccccc2)CC1)NO,,5.62,5.62,6.094826533154514,6.343039698918711,-0.4748265331545136,-0.7230396989187104
CHEMBL3694323,O=C(NO)c1ccc2c(c1)CC(NC(=O)c1ccc(Cl)cc1)CN2,,5.62,5.62,5.69815731570198,5.931365594143326,-0.07815731570198015,-0.311365594143326
CHEMBL5893533,CN(Cc1ccc2c(c1)CCC(C(=O)NO)=C2)CC12CC3CC(CC(C3)C1)C2,,5.62,5.62,5.545620288437133,5.562735486029665,0.07437971156286682,0.05726451397033472
CHEMBL5178597,CCNc1nc(Cl)nc2c1ncn2Cc1ccc(C(=O)Nc2ccccc2N)cc1,,5.62,5.62,5.636814137485455,5.531091250298477,-0.016814137485455127,0.08890874970152307
CHEMBL5193360,O=C(CCCCCCOc1cccc(-c2nnc(-c3ccccc3)s2)c1)NO,,5.62,5.62,5.7341375881039855,5.776116518399345,-0.11413758810398544,-0.1561165183993447
CHEMBL3415968,Nc1nc2ncc(CNc3ccc(C(=O)N[C@@H](CCC(=O)NCCCCCCC(=O)NO)C(=O)O)cc3)nc2c(=O)[nH]1,,5.62,5.62,5.57679872256428,5.555426064191296,0.04320127743572044,0.06457393580870452
CHEMBL5886301,O=C(C1COCCO1)N(Cc1ccc(-c2noc(C(F)(F)F)n2)cc1)c1cccc(C(F)(F)F)c1,,5.62,5.62,5.599323254007492,5.669118647028181,0.020676745992507684,-0.04911864702818125
CHEMBL5912534,CN1CCOC(CNCc2ccc(-c3noc(C(F)(F)F)n3)cn2)C1,,5.62,5.62,5.642256531595516,5.792460650771105,-0.02225653159551566,-0.17246065077110462
CHEMBL5206154,O=C(/C=C/C=C/c1csc(Br)n1)NO,,5.62,5.62,5.729562139843729,5.791898006269793,-0.10956213984372898,-0.17189800626979324
CHEMBL4299449,CC[C@H]1OC(=O)[C@H](C)[C@@H](O[C@@H]2C[C@](C)(OC)[C@H](O)[C@@H](C)O2)[C@H](C)[C@@H](O[C@@H]2O[C@H](C)C[C@H](N(C)C)[C@H]2O)[C@@](C)(O)C[C@@H](C)CN(Cc2ccc(-c3cn(CCCCCC(=O)NO)nn3)cc2)[C@@H](C)[C@@H](O)[C@]1(C)O,,5.62,5.62,5.765351294467624,5.803207963395398,-0.1453512944676243,-0.18320796339539758
CHEMBL6044369,Cc1ncc(CC(=O)N(Cc2ccc(-c3noc(C(F)(F)F)n3)cn2)c2cccc(F)c2)s1,,5.62,5.62,5.634188421951847,5.62648582413401,-0.014188421951846664,-0.006485824134009555
CHEMBL5823649,Cn1ccc(NCc2ccc(-c3noc(C(F)(F)F)n3)cn2)cc1=O,,5.62,5.62,5.717395450295144,5.679797501409956,-0.09739545029514396,-0.05979750140995588
CHEMBL454025,CC[C@H]1OC(=O)[C@H](C)[C@@H](O)[C@H](C)[C@@H](O[C@@H]2O[C@H](C)C[C@H](N(C)Cc3ccc(NC(=O)CCCCCCC(=O)NO)cc3)[C@H]2O)[C@](C)(O)C[C@@H](C)CN(C)[C@H](C)[C@@H](O)[C@]1(C)O,,5.63,5.63,5.658486847570137,5.97384893319375,-0.028486847570136753,-0.3438489331937502
CHEMBL4636526,O=C(CCCCCCC(=O)NCCCN1c2ccccc2CCc2ccc(Cl)cc21)NO,,5.63,5.63,6.016047768868317,6.125497010613195,-0.38604776886831704,-0.49549701061319507
CHEMBL5209383,CCCNNC(=O)c1ccc(Nc2ccccc2)cc1,,5.63,5.63,5.706754138107157,5.972168112679386,-0.07675413810715703,-0.34216811267938585
CHEMBL152162,O=C(CCc1ccccc1)NO,,5.63,5.63,5.583170440820879,5.527871216022334,0.04682955917912057,0.10212878397766545
CHEMBL4646266,O=C(/C=C/c1ccc2cc(Oc3ccc([N+](=O)[O-])cc3)ccc2n1)NO,,5.63,5.63,5.870687272323177,5.985011586997081,-0.24068727232317677,-0.35501158699708135
CHEMBL481718,O=C(NO)c1ccc(CN2C(=O)CNC(=O)[C@H]2Cc2ccccc2)cc1,,5.63,5.63,6.3215474625719335,6.66201540465725,-0.6915474625719336,-1.0320154046572503
CHEMBL4450063,CC(C)[C@@H](C(=O)NO)n1nnc(-c2ccccc2)c1C#Cc1ccccc1,,5.64,5.64,5.907211427974024,6.6493741548317615,-0.26721142797402475,-1.0093741548317618
CHEMBL5085184,O=C(COc1ccc2ccccc2c1/C=C1\SC(=O)NC1=O)Nc1ccc([N+](=O)[O-])cc1,,5.64,5.64,5.405705429911206,5.242737468322139,0.23429457008879329,0.3972625316778604
CHEMBL570490,CC(C)C[C@H]1CC(=O)N[C@@H](C)C(=O)N[C@@H](CCCCCC(=O)O)C(=O)N[C@@H](Cc2c[nH]c3ccccc23)C(=O)N1,,5.64,5.64,5.604166978935362,5.738111543063972,0.03583302106463737,-0.09811154306397274
CHEMBL5889368,CC(Oc1nccc(-c2noc(C(F)(F)F)n2)c1Cl)c1cccnc1,,5.64,5.64,5.665773176584272,5.605203770624307,-0.025773176584272584,0.03479622937569271
CHEMBL5936681,Cc1nnc(CC(=O)N(Cc2ccc(-c3noc(C(F)(F)F)n3)cc2)c2cccc(C(F)(F)F)c2)n1C,,5.64,5.64,5.581177904907674,5.561082128626936,0.05882209509232528,0.07891787137306405
CHEMBL6037578,CCCCNNC(=O)c1ccc(-c2cccc(F)c2F)cc1,,5.64,5.64,5.604006328474309,5.537518889143223,0.03599367152569055,0.10248111085677625
CHEMBL5869954,CC(=O)NCCC(=O)N(Cc1ccc(-c2noc(C(F)(F)F)n2)cc1)c1cccc(C(F)(F)F)c1,,5.64,5.64,5.565429704134057,5.591457095542259,0.07457029586594288,0.04854290445774101
CHEMBL5908860,O=C(Cc1cnccn1)N(Cc1ccc(-c2noc(C(F)(F)F)n2)cc1)c1cccc(C(F)(F)F)c1,,5.64,5.64,5.671172777262175,5.648370914105891,-0.031172777262175266,-0.008370914105891636
CHEMBL4532057,Fc1cccc2c1C1=NCCCN1C(=S)S2,,5.64,5.64,5.736338378655808,5.620711589589913,-0.0963383786558083,0.019288410410086776
CHEMBL5839429,CNc1ccccc1NC(=O)[C@@H]1CCC(=O)N1c1ccc(-c2noc(C(F)(F)F)n2)cc1,,5.64,5.64,5.614404017185738,5.450836375386496,0.02559598281426201,0.18916362461350378
CHEMBL2408778,Nc1ncnc2c1c(-c1ccc(Cl)cc1)nn2-c1cccc(-c2cnnn2CCCCCC(=O)NO)c1,,5.64,5.64,5.733489921266523,6.055788203413666,-0.09348992126652345,-0.4157882034136664
CHEMBL2407723,Nc1ccccc1NC(=O)c1ccc(CNC2=NC[C@H](c3ccccc3)S2)cc1,,5.64,5.64,5.358597364270901,5.328016611631468,0.2814026357290986,0.3119833883685317
CHEMBL5440898,C[n+]1ccnc(Cl)c1,,5.64,5.64,5.338405708566367,5.154096756487494,0.3015942914336325,0.4859032435125057
CHEMBL5747542,O=C(N1CCOCC1)N(Cc1ccc(-c2noc(C(F)(F)F)n2)cc1)c1cccc(C(F)(F)F)c1,,5.64,5.64,5.566587415678592,5.641082720045883,0.07341258432140751,-0.0010827200458836117
CHEMBL5797106,COCCN1Cc2ccccc2N(Cc2ccc(-c3noc(C(F)(F)F)n3)cn2)C1=O,,5.64,5.64,5.471562442793891,5.316571281896557,0.16843755720610876,0.3234287181034423
CHEMBL5915294,Fc1cc(COc2[nH]nc3c2COCC3)ccc1-c1noc(C(F)(F)F)n1,,5.64,5.64,5.747637610868612,6.154607981671737,-0.10763761086861212,-0.5146079816717375
CHEMBL4583053,S=C1Sc2cccc(I)c2C2=NCCN12,,5.64,5.64,5.904132074337326,6.022235946942551,-0.26413207433732655,-0.3822359469425516
CHEMBL5919684,O=C(Cn1cnc2ccccc21)N(Cc1ccc(-c2noc(C(F)(F)F)n2)cc1)c1cccc(C(F)(F)F)c1,,5.64,5.64,5.67339267724329,5.625318057853956,-0.03339267724328998,0.014681942146043347
CHEMBL5766757,O=C(CC1CCS(=O)(=O)C1)N(Cc1ccc(-c2noc(C(F)(F)F)n2)cn1)c1cccc(F)c1,,5.64,5.64,5.56614101866825,5.5555218235989035,0.07385898133174962,0.08447817640109623
CHEMBL3735456,CC[C@H]1OC(=O)[C@H](C)C(=O)[C@H](C)[C@@H](O[C@@H]2O[C@H](C)C[C@H](N(C)Cc3ccc(-c4cn(CCCC(=O)NO)nn4)cc3)[C@H]2O)[C@@](C)(OC)C[C@@H](C)C2=NCCN3C(=O)O[C@@]1(C)[C@H]3[C@H]2C,,5.65,5.65,5.685796547390018,5.717464287580841,-0.03579654739001725,-0.06746428758084022
CHEMBL4299364,CC[C@@H]1OC(=O)[C@H](C)[C@@H](O[C@H]2C[C@@](C)(OC)[C@](O)(CN(C)Cc3ccc(-c4cn(CCC(=O)NO)nn4)cc3)[C@H](C)O2)[C@@H](C)[C@@H](O[C@@H]2O[C@H](C)C[C@H](N(C)C)[C@H]2O)[C@](C)(O)C[C@@H](C)CN(C)[C@H](C)[C@@H](O)[C@]1(C)O,,5.65,5.65,5.58605212541052,5.51757662204049,0.06394787458948059,0.1324233779595101
CHEMBL3356939,O=C1CCC[C@@H](C(=O)N[C@@H](CCCCCS)C(=O)N2CCc3ccccc3C2)N1,,5.65,5.65,5.897481186797167,6.561674436038995,-0.24748118679716669,-0.9116744360389948
CHEMBL4856920,N#Cc1ccc2c(c1)CCCCN2Cc1ccc(C(=O)NO)cc1,,5.65,5.65,5.673814191096367,5.75784884059054,-0.023814191096366955,-0.10784884059054001
CHEMBL3694296,O=C(NO)c1ccc2c(c1)CC(Nc1nccc(-c3ccc(F)c(Cl)c3)n1)CC2,,5.65,5.65,5.816542946363966,5.82063252949791,-0.1665429463639656,-0.17063252949790986
CHEMBL5079482,COc1cc(-c2ncc(/C=C/C(=O)NO)s2)cc(OC)c1OC,,5.65,5.65,5.627079921004761,5.730761740810779,0.022920078995239734,-0.0807617408107788
CHEMBL5202479,COc1ccc(CNC(=O)c2cc(C(=O)Nc3ccccc3N)ccc2N2CCOCC2)cc1O,,5.65,5.65,5.568121853737354,5.430090355661621,0.08187814626264611,0.21990964433837945
CHEMBL3357479,O=C(NO)c1ccc2c(c1)CC(Nc1nccc(-c3ccc(Cl)cc3)n1)CC2,,5.66,5.66,5.9808663568018865,6.081709505249982,-0.32086635680188635,-0.4217095052499822
CHEMBL4215029,COc1cc(C(=O)c2ccc3c(ccn3Cc3ccc(/C=C/C(=O)NO)cc3)c2)cc(OC)c1OC,,5.66,5.66,5.790653653775691,5.796392726921199,-0.13065365377569105,-0.13639272692119864
CHEMBL5899275,O=C(C1CC1c1cncnc1)N(Cc1ccc(-c2noc(C(F)(F)F)n2)cc1)c1cccc(C(F)(F)F)c1,,5.66,5.66,5.816776791369874,6.102782067341877,-0.15677679136987344,-0.4427820673418772
CHEMBL5185866,COc1cc(OCc2cccc(-c3ccccc3)c2C)cc(OC)c1CNCCCCCCC(=O)NO,,5.66,5.66,5.8151687995197765,6.298554911163123,-0.15516879951977636,-0.6385549111631228
CHEMBL3798848,O=C(NO)c1cccc(N(Cc2ccccc2)Cc2ccccc2)c1,,5.66,5.66,6.166379979258458,6.6664460008868645,-0.5063799792584582,-1.0064460008868643
CHEMBL5875004,Cn1c([C@@H]2CCC(=O)N2c2ccc(-c3noc(C(F)(F)F)n3)cc2F)nc2ccccc21,,5.66,5.66,5.436050925280477,5.442767808908757,0.2239490747195232,0.21723219109124337
CHEMBL3765502,CN(C)c1ccc(C(=O)N/N=C/c2cccc(C(=O)NO)c2)cc1,,5.66,5.66,6.057912125694015,6.515848517388183,-0.397912125694015,-0.8558485173881829
CHEMBL6016335,O=C(Cn1ncccc1=O)N(Cc1ccc(-c2noc(C(F)(F)F)n2)cc1)c1cccc(C(F)(F)F)c1,,5.66,5.66,5.656272444439233,5.693273744398743,0.00372755556076676,-0.03327374439874298
CHEMBL5918412,CN1CCN(CC(=O)N(Cc2ccc(-c3noc(C(F)(F)F)n3)cc2)c2cccc(C(F)(F)F)c2)CC1,,5.66,5.66,5.513017842337583,5.406773278593786,0.14698215766241685,0.2532267214062145
CHEMBL5765908,NC(=O)c1ncccc1NCc1ccc(-c2noc(C(F)(F)F)n2)cn1,,5.66,5.66,5.782316517623973,5.8521652954252446,-0.12231651762397266,-0.1921652954252444
CHEMBL419716,O=C(NCc1ccc(C(=O)Nc2ccccc2O)cc1)OCc1cccnc1,,5.66,5.66,5.419915551595831,5.20306364799624,0.24008444840416931,0.45693635200376015
CHEMBL5836517,FC(F)(F)c1nc(-c2ccc(CNc3ccc4c[nH]nc4c3)cc2)no1,,5.66,5.66,5.569522849373323,5.390920008323811,0.09047715062667727,0.2690799916761888
CHEMBL5283402,CC1(C)c2ccccc2N(Cc2ccc(C(=O)NO)cc2)C1c1cccnc1,,5.66,5.66,5.812647890123413,5.981417459015277,-0.15264789012341318,-0.32141745901527674
CHEMBL3098697,O=C(CCCCC[C@H](NC(=O)[C@@H]1CCCC(=O)N1)C(=O)NC1CCCC1)NO,,5.67,5.67,6.207333621395813,6.631021662145578,-0.5373336213958133,-0.961021662145578
CHEMBL490018,CC(/C=C/c1ccccc1)=C\C(=O)NCCCCCC(=O)NO,,5.67,5.67,5.943803424147628,6.144361779172273,-0.27380342414762815,-0.4743617791722734
CHEMBL5406487,COc1cc2c(cc1OC)C(=O)C(CC1CCN(Cc3ccc(NCc4ccc(C(=O)NO)cc4)cc3)CC1)C2,,5.67,5.67,5.823642523038552,6.06862796505507,-0.15364252303855164,-0.3986279650550699
CHEMBL6102394,COc1ccccc1-c1csc(C(=O)NOCCCCCC(=O)NO)n1,,5.67,5.67,5.490100777426111,5.33809295403475,0.1798992225738889,0.33190704596524956
CHEMBL4649439,O=C(/C=C/c1cccc(S(=O)(=O)NCCCN2c3ccccc3CCc3ccc(Cl)cc32)c1)NO,,5.67,5.67,5.8791052505807775,6.215748574960351,-0.20910525058077756,-0.545748574960351
CHEMBL3357478,O=C(NO)c1ccc2c(c1)CC(Nc1nccc(-c3ccccc3)n1)CC2,,5.67,5.67,6.142850365497162,6.147217549563586,-0.47285036549716164,-0.4772175495635862
CHEMBL5191492,COc1ccc(CNC(=O)c2cc(F)ccc2N2CCOCC2)cc1/C=C/C(=O)NO,,5.67,5.67,5.627069461504508,6.1953621640114385,0.04293053849549189,-0.5253621640114385
CHEMBL3585985,O=C(CCCCCCc1nc(-c2ccc(Cl)cc2)no1)C(F)(F)F,,5.68,5.68,5.696241130775983,5.6576608778169515,-0.01624113077598288,0.022339122183048232
CHEMBL3104855,Cc1c(O)c(O)c(O)c(C=O)c1-c1cc2c(C=O)c(C)c(O)c(O)c2o1,,5.68,5.68,5.593120281938852,5.613722121702256,0.08687971806114803,0.06627787829774334
CHEMBL4639495,Cc1cc(C)c(CNC(=O)c2cnn(-c3cccc(NC(=O)CCCCCCC(=O)NO)c3)c2C)c(=O)[nH]1,,5.68,5.68,6.085066763968603,6.893276017999652,-0.40506676396860364,-1.213276017999652
CHEMBL2431902,CC(C)(C)C(=O)N1CCc2cc(C(=O)NO)ccc2C1,,5.68,5.68,5.827269918201686,5.888193501145012,-0.1472699182016859,-0.20819350114501223
CHEMBL5193181,COc1cc(C(=O)c2csc(-c3ccc(NC(=O)c4ccc(C(=O)Nc5ccccc5N)cc4)cc3)n2)cc(OC)c1OC,,5.68,5.68,5.699891135846194,5.615220782550377,-0.019891135846194175,0.06477921744962245
CHEMBL5283127,O=C(CCCCCCNCc1ccc([N+](=O)[O-])cc1)NO,,5.68,5.68,5.877254983295469,6.0146169479461555,-0.1972549832954691,-0.3346169479461558
CHEMBL5822729,O=C(C1CCOCC1)N(Cc1ccc(-c2noc(C(F)(F)F)n2)cn1)c1cccc(F)c1,,5.68,5.68,5.614959926653452,5.566885682121134,0.06504007334654816,0.11311431787886583
CHEMBL4859648,O=C(NO)c1ccc(CN2C(=O)CCc3cc(Cl)ccc32)cc1,,5.68,5.68,5.786560272362665,5.809073483456835,-0.10656027236266485,-0.12907348345683545
CHEMBL2012813,CCC(=O)CCCCC[C@@H]1NC(=O)[C@H](C)N(C)C(=O)C[C@H](CC(C)C)NC(=O)[C@H](Cc2c[nH]c3ccccc23)NC1=O,,5.68,5.68,5.8319912231698705,6.094942164163826,-0.1519912231698708,-0.41494216416382645
CHEMBL2431901,Cn1cccc1C(=O)N1CCc2cc(C(=O)NO)ccc2C1,,5.68,5.68,5.886035794592748,5.981704909287796,-0.206035794592748,-0.30170490928779614
CHEMBL5985417,O=C1COC[C@@H](c2ccccc2)N1c1ccc(-c2noc(C(F)(F)F)n2)cc1F,,5.68,5.68,5.43969515275759,5.388389828889075,0.24030484724240964,0.2916101711109249
CHEMBL5940065,Fc1cc(COc2cncnc2)ccc1-c1noc(C(F)(F)F)n1,,5.68,5.68,5.474970077623741,5.510936795890123,0.2050299223762586,0.16906320410987696
CHEMBL5870322,O=C(Cn1ccnn1)N(Cc1ccc(-c2noc(C(F)(F)F)n2)cc1)c1cccc(C(F)(F)F)c1,,5.68,5.68,5.661525630352711,5.668283315796645,0.0184743696472891,0.011716684203355143
CHEMBL5880474,FC(F)(F)c1nc(-c2ccc(CNc3ccccn3)cc2)no1,,5.68,5.68,5.623509092540841,5.621441296567493,0.056490907459158635,0.058558703432506576
CHEMBL4751615,CC(C)(CNC(=O)c1cccc(-c2noc(C(F)(F)F)n2)c1)c1coc(-c2ccccc2)n1,,5.68,5.68,5.639420295992148,5.607479807712844,0.04057970400785216,0.0725201922871559
CHEMBL2337872,N#Cc1ccc(-c2ccc(Cn3cccc(O)c3=S)cc2)cc1,,5.68,5.68,5.6747276084826215,5.682678978143667,0.005272391517378239,-0.0026789781436669102
CHEMBL4103665,O=C(NO)c1ccc(Cl)c(OCc2ccccc2Cl)c1,,5.68,5.68,5.927155436373878,6.002209083400739,-0.2471554363738786,-0.3222090834007396
CHEMBL3356926,O=C1NC[C@H](c2ccccc2)[C@H]1C(=O)N[C@@H](CCCCCS)C(=O)Nc1ccccc1,,5.69,5.69,6.589198778510767,6.959624719912812,-0.8991987785107662,-1.2696247199128115
CHEMBL3735736,CC[C@H]1OC(=O)[C@H](C)C(=O)[C@H](C)[C@@H](O[C@@H]2O[C@H](C)C[C@H](N(C)Cc3ccc(-c4cn(CCCCCC(=O)NO)nn4)cc3)[C@H]2O)[C@@](C)(OC)C[C@@H](C)C2=NCCN3C(=O)O[C@@]1(C)[C@H]3[C@H]2C,,5.69,5.69,5.733545768228827,5.72042337993337,-0.043545768228826276,-0.030423379933369965
CHEMBL484073,O=C(/C=C/c1ccc2cccnc2c1)NCCCCCC(=O)NO,,5.69,5.69,6.120082910871989,6.355806804711568,-0.430082910871989,-0.6658068047115675
CHEMBL3585958,O=C(CCCCCCc1nc(-c2ccccc2)no1)NO,,5.69,5.69,5.891948014757427,5.9038125054349475,-0.2019480147574262,-0.21381250543494712
CHEMBL5823350,Fc1cc(COc2nncc3ccccc23)ccc1-c1noc(C(F)(F)F)n1,,5.7,5.7,5.523551105980834,5.228414256706545,0.17644889401916597,0.4715857432934554
CHEMBL3982264,CCCCCCC(CCCCCC(=O)Nc1ccccc1)C(=O)NO,,5.7,5.7,5.9197591192959855,5.922219410073355,-0.21975911929598535,-0.22221941007335477
CHEMBL3233698,O=C(/C=C/c1ccc(OC[C@H](Cc2c[nH]c3ccccc23)NC(=O)c2ccc(Cl)cc2)cc1)NO,,5.7,5.7,5.998008579945563,6.379701878095805,-0.29800857994556296,-0.6797018780958046
CHEMBL5774919,CC(C)N1CCCC(C(=O)N(Cc2ccc(-c3noc(C(F)(F)F)n3)cn2)c2cccc(F)c2)C1,,5.7,5.7,5.691348188527236,5.656589285182662,0.00865181147276406,0.04341071481733838
CHEMBL5087583,O=C(/C=C/c1ccc(NC(=O)Nc2ccc(Cl)c(C(F)(F)F)c2)cc1)NO,,5.7,5.7,6.002781170778863,6.436221139811077,-0.3027811707788626,-0.736221139811077
CHEMBL4798549,CC(C)c1cc(C(=O)N2Cc3ccc(NC(=O)CCCCCC(=O)NO)cc3C2)c(O)cc1O,,5.7,5.7,5.613024385067642,5.479082377318258,0.08697561493235817,0.22091762268174175
CHEMBL5773252,O=C(CCn1cncn1)N(Cc1ccc(-c2noc(C(F)(F)F)n2)cc1)c1cccc(C(F)(F)F)c1,,5.7,5.7,5.669317384441028,5.594848401019286,0.030682615558972337,0.10515159898071413
CHEMBL4439108,O=C(NO)c1ccc(CN2c3ccncc3Sc3ncccc32)cc1,,5.7,5.7,5.880203233961495,6.112829195657223,-0.18020323396149518,-0.4128291956572232
CHEMBL4582224,O=C1Sc2ccccc2C2=NCCCN12,,5.7,5.7,5.840292345108321,6.0064526333547335,-0.14029234510832111,-0.3064526333547333
CHEMBL5564305,O=C(CCCN1CCN(C(=O)Nc2ccnc3ccccc23)CC1)NO,,5.7,5.7,5.784612550231111,5.877460790961127,-0.08461255023111125,-0.17746079096112677
CHEMBL5839240,CN1CCC(C(=O)N(Cc2ccc(-c3noc(C(F)(F)F)n3)cn2)c2cccc(F)c2)C1,,5.7,5.7,5.58632294173235,5.530157928190798,0.11367705826765029,0.1698420718092022
CHEMBL6092066,O=C(NO)c1ccc(CN2c3cc(C(F)(F)F)ccc3S(=O)(=O)C[C@H]3CCCC[C@H]32)cc1,,5.7,5.7,5.693354791047772,5.7490318279846155,0.006645208952227755,-0.04903182798461536
CHEMBL5745545,O=C(Cn1cncn1)N(Cc1ccc(-c2noc(C(F)(F)F)n2)cc1)c1cccc(C(F)(F)F)c1,,5.7,5.7,5.648776894655944,5.6636202593361595,0.051223105344056385,0.03637974066384064
CHEMBL5993371,O=C(CCCn1cncn1)N(Cc1ccc(-c2noc(C(F)(F)F)n2)cc1)c1cccc(C(F)(F)F)c1,,5.7,5.7,5.660778707652807,5.677106212983797,0.03922129234719307,0.02289378701620315
CHEMBL557560,O=C(NO)c1ccc(CCCS(=O)(=O)c2ccccc2)cc1,,5.7,5.7,6.0930582638959185,6.453028306899117,-0.39305826389591836,-0.7530283068991173
CHEMBL5781542,CCN1CCCC(C(=O)N(Cc2ccc(-c3noc(C(F)(F)F)n3)cn2)c2cccc(F)c2)C1,,5.7,5.7,5.674835254511587,5.664666638119691,0.02516474548841341,0.03533336188030933
CHEMBL3764442,CN(/N=C/c1cccc(C(=O)NO)c1)C(=O)c1ccc(N(C)C)cc1,,5.7,5.7,6.0805841194210615,6.372075792812677,-0.3805841194210613,-0.6720757928126773
CHEMBL5892520,O=C1COC[C@@H](c2ccccc2)N1c1ccc(-c2noc(C(F)(F)F)n2)cc1,,5.7,5.7,5.681159583803808,5.695828122175239,0.018840416196192145,0.004171877824760806
CHEMBL5911339,FC(F)(F)c1nc(-c2ccc(CNc3[nH]nc4ccccc34)nc2)no1,,5.7,5.7,5.7626758416056845,5.9517376070762005,-0.06267584160568429,-0.2517376070762003
CHEMBL4102051,O=C(CCCCCCNc1ncnc2ccc(Cl)cc12)NO,,5.71,5.71,5.921948402695436,6.079950700320356,-0.2119484026954357,-0.3699507003203557
CHEMBL4241177,CC(C)c1cc(C(=O)N2CCc3cc(NC(=O)CCCC(=O)NO)ccc32)c(O)cc1O,,5.71,5.71,5.593644748577271,5.599740166345837,0.11635525142272929,0.1102598336541627
CHEMBL5594641,O=C(NO)c1ccc(CN2CCc3c(n(CC4CC4)c4ccc(F)cc34)C2)cc1,,5.71,5.71,5.9184447161720914,6.082957458849506,-0.20844471617209148,-0.3729574588495064
CHEMBL4571886,CC[C@H](Nc1ncnc2[nH]cnc12)c1nc(CCCCC(=O)NO)c2ccccc2n1,,5.71,5.71,5.725845887007605,5.782419797224003,-0.01584588700760481,-0.07241979722400327
CHEMBL5424224,O=C(NO)c1ccc(Cn2ccc3cc(C(=O)NCC45C[C@H]6C[C@@H](C4)C[C@@H](C5)C6)ccc32)cc1,,5.71,5.71,5.697147857534893,5.651919572876038,0.012852142465106908,0.05808042712396233
CHEMBL2333343,CNC(=O)c1ccc(C(=O)NO)cc1,,5.71,5.71,5.95741515740864,6.072462956972744,-0.24741515740864006,-0.36246295697274444
CHEMBL490722,O=C(O)CCn1c(CCc2ccccc2)nc2cc(/C=C/C(=O)NO)ccc21,,5.72,5.72,5.8620248479206225,6.054620084379456,-0.14202484792062275,-0.33462008437945645
CHEMBL5947327,CC(C(=O)N(Cc1ccc(-c2noc(C(F)(F)F)n2)cc1)c1cccc(C(F)(F)F)c1)n1cncn1,,5.72,5.72,5.716671693179103,5.660072014100004,0.003328306820896465,0.059927985899995484
CHEMBL3585967,O=C(CCCCCCc1nc(-c2cccs2)no1)NO,,5.72,5.72,5.823598605914741,5.837978010923739,-0.10359860591474135,-0.11797801092373916
CHEMBL16300,O=C(NO)c1ccccc1,,5.72,5.72,5.785854811649234,5.841543159359913,-0.0658548116492339,-0.12154315935991367
CHEMBL5795585,FC(F)(F)c1nc(-c2ccc(CNc3c[nH]nn3)nc2)no1,,5.72,5.72,5.763378859547778,5.777604466513371,-0.043378859547778426,-0.05760446651337148
CHEMBL5977835,Fc1ccc(C2COCCN2c2ccc(-c3noc(C(F)(F)F)n3)cn2)cc1,,5.72,5.72,5.581151595433914,5.591317392429043,0.13884840456608583,0.12868260757095662
CHEMBL6063130,FC(F)(F)c1nc(-c2ccc(CNc3cnccn3)cc2)no1,,5.72,5.72,5.667008335340359,5.605956610555462,0.05299166465964067,0.11404338944453762
CHEMBL1835345,CC(C)(C)OC(=O)NCCC(=O)N1CC2(C[C@H]1C(=O)NCCCCCC(=O)NO)SCCS2,,5.72,5.72,5.958263934802508,6.032291115725634,-0.23826393480250818,-0.3122911157256345
CHEMBL5841900,FC(F)(F)c1nc(-c2ccc(CNCC3CN(Cc4ccccc4)CCO3)nc2)no1,,5.72,5.72,5.712588898925971,5.7382716168221695,0.007411101074028537,-0.01827161682216971
CHEMBL6005073,CS(=O)(=O)CC(=O)N(Cc1ccc(-c2noc(C(F)(F)F)n2)cc1)c1cccc(C(F)(F)F)c1,,5.72,5.72,5.605493992123465,5.59234806966937,0.11450600787653453,0.1276519303306296
CHEMBL2337870,N#Cc1cc(-c2ccccc2)ccc1Cn1cccc(O)c1=S,,5.72,5.72,5.722511500951834,5.603900892191456,-0.002511500951833945,0.1160991078085436
CHEMBL3657469,[C-]#[N+]c1ccccc1-c1ccc(Cn2cccc(O)c2=S)cc1,,5.72,5.72,5.6003253650849425,5.573127289265704,0.11967463491505725,0.14687271073429553
CHEMBL4217705,O=C(CCCCN(Cc1ccccc1)Cc1ccccc1)NO,,5.72,5.72,5.532619562351281,5.514970490032832,0.18738043764871914,0.20502950996716773
CHEMBL4445312,O=C(NO)c1ccc(CN2c3ccccc3C3C2CCS3(=O)=O)cc1,,5.72,5.72,5.717920886917501,5.794098421285561,0.0020791130824990844,-0.07409842128556132
CHEMBL5746163,Cc1cncnc1OCc1ccc(-c2noc(C(F)(F)F)n2)c(F)c1,,5.72,5.72,5.642333147999014,5.631602346973921,0.077666852000986,0.08839765302607905
CHEMBL5208990,O=C(NO)c1ccc(CNCc2ccsc2)cc1,,5.72,5.72,5.905975808769666,5.960330874210868,-0.18597580876966635,-0.2403308742108683
CHEMBL1835341,CC(C)(C)OC(=O)N1CC2(C[C@H]1C(=O)NCCCCCC(=O)NO)SCCS2,,5.73,5.73,5.949105318023369,6.010223215626558,-0.2191053180233684,-0.28022321562655783
CHEMBL4634931,O=C(CCCC(=O)NCCCN1c2ccccc2CCc2ccc(Cl)cc21)NO,,5.73,5.73,5.656304130955505,5.675277346772195,0.07369586904449577,0.05472265322780512
CHEMBL2425969,CCc1nc2cc(Cl)c(/C=C/C(=O)NO)cc2c(=O)n1CCc1ccccc1,,5.73,5.73,5.961809949773681,6.182525137810005,-0.2318099497736803,-0.4525251378100048
CHEMBL2337862,CN(C)c1ccc(-n2cc(Cn3cccc(O)c3=S)nn2)cc1,,5.73,5.73,5.711744643212818,5.659332467946401,0.01825535678718282,0.07066753205359966
CHEMBL3585982,COc1ccc(-c2noc(CCCCCCC(=O)C(F)(F)F)n2)cc1,,5.73,5.73,5.709375603953678,5.616779187693096,0.0206243960463226,0.1132208123069045
CHEMBL4160632,O=C(CCCCCN1C(=O)c2cccc3c(N4CCOCC4)ccc(c23)C1=O)NO,,5.74,5.74,5.92304179183172,6.319062591214527,-0.18304179183171954,-0.5790625912145266
CHEMBL4299370,CC[C@@H]1OC(=O)[C@@H](C)[C@H](O[C@H]2C[C@@](C)(OC)[C@](O)(CN(C)Cc3ccc(-c4cn(CCCCCCC(=O)NO)nn4)cc3)[C@H](C)O2)[C@H](C)[C@H](O[C@@H]2O[C@H](C)C[C@H](N(C)C)[C@H]2O)[C@@](C)(OC)C[C@H](C)C(=O)[C@@H](C)[C@@H](O)[C@@]1(C)O,,5.74,5.74,5.6873545716862335,5.612915735194418,0.05264542831376673,0.12708426480558188
CHEMBL4521590,O=C(Cc1cccc2ccccc12)Nc1ccc(C(=O)NO)nc1,,5.74,5.74,5.796812278714929,5.924688296159251,-0.05681227871492922,-0.18468829615925042
CHEMBL3585968,O=C(CCCCCCc1nc(-c2cccnc2)no1)NO,,5.74,5.74,5.898914268525862,5.807304983228143,-0.1589142685258622,-0.06730498322814249
CHEMBL4299448,CC[C@@H]1OC(=O)[C@@H](C)[C@H](O[C@H]2C[C@@](C)(OC)[C@](O)(CN(C)Cc3ccc(-c4cn(CCCCC(=O)NO)nn4)cc3)[C@H](C)O2)[C@H](C)[C@H](O[C@@H]2O[C@H](C)C[C@H](N(C)C)[C@H]2O)[C@@](C)(OC)C[C@H](C)C(=O)[C@@H](C)[C@@H](O)[C@@]1(C)O,,5.74,5.74,5.676625079890297,5.649612320151978,0.06337492010970358,0.0903876798480221
CHEMBL6044238,CC(C)NC(=O)OCc1ccc(-c2noc(C(F)(F)F)n2)cn1,,5.75,5.75,5.742105841507755,5.683082457406183,0.007894158492245396,0.0669175425938171
CHEMBL4463244,Fc1ccc2c(c1)C1=NCCCN1C(=S)S2,,5.75,5.75,5.784183074631734,5.816103415491014,-0.0341830746317342,-0.06610341549101406
CHEMBL5829717,CC(C)c1ncc(C(=O)N(Cc2ccc(-c3noc(C(F)(F)F)n3)cn2)c2cccc(F)c2)cn1,,5.75,5.75,5.671283364565092,5.652187437040787,0.07871663543490826,0.09781256295921281
CHEMBL5892148,CN1CCN(Cc2ccc(-c3nc4ccc(C(=O)NO)cc4[nH]3)cc2)CC1,,5.75,5.75,5.972755672549141,6.281439652293168,-0.22275567254914108,-0.5314396522931677
CHEMBL5860511,FC(F)(F)c1nc(-c2ccc(N3CCOC[C@@H]3c3ccccc3)nc2)no1,,5.75,5.75,5.6236834703168865,5.619190561313995,0.12631652968311347,0.13080943868600503
CHEMBL4564622,O=C(NO)c1ccc(Cn2c(=O)n(CCc3cccc(C(F)(F)F)c3)c(=O)c3ccccc32)cc1,,5.75,5.75,6.050126219510775,6.232429924870003,-0.30012621951077456,-0.4824299248700026
CHEMBL3233755,CC(C)c1cc(C(=O)N2CCc3onc(C(=O)NCCCCCCC(=O)NO)c3C2)c(O)cc1O,,5.75,5.75,5.842217968237449,6.154904112973972,-0.0922179682374491,-0.40490411297397166
CHEMBL5430419,Cn1cc[n+](C)c1I,,5.75,5.75,5.762083073995927,5.638148284347864,-0.01208307399592723,0.11185171565213636
CHEMBL5844027,Cc1nonc1C1CCCN1c1ccc(-c2noc(C(F)(F)F)n2)cn1,,5.75,5.75,5.745983265715067,5.741119625437319,0.004016734284933321,0.00888037456268087
CHEMBL4588261,CC[C@H](Nc1ncnc2[nH]cnc12)c1nc2cccc(NCCCC(=O)NO)c2c(=O)n1-c1ccccc1,,5.75,5.75,5.8906818001279255,6.273784540253949,-0.14068180012792553,-0.5237845402539492
CHEMBL5761314,FC(F)(F)c1nc(-c2ccc(CNc3cc4ccccn4n3)nc2)no1,,5.75,5.75,5.720276243850854,5.644192959088606,0.029723756149145686,0.10580704091139381
CHEMBL5992732,FC(F)(F)c1nc(-c2ccc(N3CCCC3c3ccncc3)nc2)no1,,5.75,5.75,5.740469405015537,5.658238925538001,0.009530594984463292,0.09176107446199921
CHEMBL4633409,CCc1nc(N)nc(N)c1-c1ccc(/C=C/C(=O)NO)cc1,,5.75,5.75,5.80950866701235,6.01681306750432,-0.05950866701235036,-0.2668130675043203
CHEMBL6037409,O=C1CCc2ccc(F)cc2N1Cc1ccc(-c2noc(C(F)(F)F)n2)cc1,,5.75,5.75,5.560061035583697,5.4542054911040605,0.18993896441630298,0.2957945088959395
CHEMBL3628322,CC(=O)SCC/C=C/[C@@H]1CC(=O)N[C@H](C(C)C)C(=O)N[C@H](Cc2ccccc2)C(=O)N[C@H](C(C)C)c2cn(nn2)CC(=O)O1,,5.75,5.75,5.808029829924859,5.9921358219925995,-0.058029829924858944,-0.24213582199259953
CHEMBL5880237,FC(F)(F)c1nc(-c2ccc(N3CCNCC3c3ccccc3)nc2)no1,,5.75,5.75,5.82208672405352,5.897247927689031,-0.0720867240535199,-0.1472479276890306
CHEMBL5181479,C#Cc1nc(/C=C/C(=O)NO)cs1,,5.75,5.75,5.755879080890114,5.723447933433772,-0.005879080890114352,0.026552066566227772
CHEMBL5177240,C#CCN(C)CCCOc1cc(NC(=O)CCCCCCC(=O)NO)c(Cl)cc1Cl,,5.75,5.75,5.885200503536508,6.26340492358635,-0.1352005035365078,-0.51340492358635
CHEMBL5284438,COc1ccc(CNCCCCCCC(=O)NO)cc1OC,,5.75,5.75,5.844098931065364,6.013800451995225,-0.09409893106536416,-0.26380045199522506
CHEMBL5777001,Cc1ccc(NCc2ccc(-c3noc(C(F)(F)F)n3)cn2)cn1,,5.75,5.75,5.729820966968832,5.706093403287525,0.020179033031167748,0.043906596712474766
CHEMBL2386905,CCc1c2c(nc3ccc(OCc4cn(CCCC(=O)NO)nn4)cc13)-c1cc3c(c(=O)n1C2)COC(=O)[C@]3(O)CC,,5.76,5.76,5.790915285070515,5.876693027214819,-0.030915285070514997,-0.11669302721481944
CHEMBL2425958,Cc1nc2cc(/C=C/C(=O)NO)ccc2c(=O)n1CCc1ccccc1,,5.76,5.76,6.0469467828138725,6.379675459657834,-0.28694678281387276,-0.6196754596578344
CHEMBL5174910,O=C(CCN1CCN(C(=O)Nc2ccnc3ccccc23)CC1)NO,,5.76,5.76,5.711153651429372,5.786313666331161,0.04884634857062764,-0.026313666331160945
CHEMBL4591317,Cc1cccc2c1C1=NCCN1C(=S)S2,,5.77,5.77,5.700465814877212,5.815441995188234,0.0695341851227873,-0.04544199518823433
CHEMBL3694293,O=C(NO)c1ccc2c(c1)CC(Nc1nccc(-c3ccc(C(F)(F)F)cc3)n1)CC2,,5.77,5.77,6.031440498182132,6.207848325344457,-0.26144049818213233,-0.43784832534445783
CHEMBL4577299,O=C(NO)c1ccc(Cn2c3c(c4ccccc42)CS(=O)(=O)CC3)cc1,,5.77,5.77,5.773580253117337,5.79645748991051,-0.0035802531173372287,-0.026457489910510112
CHEMBL5879868,Cc1nccn1C(C)C(=O)N(Cc1ccc(-c2noc(C(F)(F)F)n2)cn1)c1cccc(F)c1,,5.77,5.77,5.756222290489761,5.709295319692066,0.013777709510238267,0.060704680307933856
CHEMBL5976823,Fc1cc(COc2cc(C(F)F)ncn2)ccc1-c1noc(C(F)(F)F)n1,,5.77,5.77,5.6570981399968385,5.544324012755192,0.11290186000316105,0.22567598724480753
CHEMBL2381523,O=C(NO)c1cccc(CNc2ccccc2)c1,,5.77,5.77,6.325987044410923,6.505299170887768,-0.5559870444109238,-0.7352991708877683
CHEMBL4299447,CC[C@@H]1OC(=O)[C@@H](C)[C@H](O[C@H]2C[C@@](C)(OC)[C@@H](O)[C@H](C)O2)[C@@H](C)[C@H](O[C@H]2O[C@@H](C)C[C@@H](N(C)C)[C@@H]2O)[C@](C)(O)C[C@H](C)CN(Cc2ccc(-c3cn(CCCCCCC(=O)NO)nn3)cc2)[C@H](C)[C@H](O)[C@@]1(C)O,,5.77,5.77,5.758960474951413,5.783733862469892,0.011039525048586185,-0.013733862469892166
CHEMBL5801725,CC(C(=O)N(Cc1ccc(-c2noc(C(F)(F)F)n2)cc1)c1cccc(C(F)(F)F)c1)c1ncccn1,,5.77,5.77,5.720679145254074,5.638742547891348,0.0493208547459254,0.13125745210865158
CHEMBL4530175,COc1ccc(/C=C(\C)C(=O)c2cc(OC)c(OC)c(OC)c2)cc1OCCCC(=O)NO,,5.77,5.77,5.683845034105316,6.001229599759917,0.08615496589468385,-0.2312295997599172
CHEMBL4584008,O=C(CCCCCCCn1cc(Nc2ncc(Cl)c(Nc3ccc(F)cc3)n2)cn1)NO,,5.77,5.77,5.791580267414492,5.9779668935410015,-0.021580267414492482,-0.20796689354100195
CHEMBL5086690,O=C(Nc1ccc2c(c1)N(Cc1ccc(C(=O)NO)cc1)CC2)Nc1ccc(Cl)c(C(F)(F)F)c1,,5.77,5.77,5.8672627625906175,5.934168040731496,-0.09726276259061795,-0.1641680407314965
CHEMBL3775817,Cc1nc(N(C)c2ccc(OCCCCC(=O)NO)cc2)c2ccccc2n1,,5.77,5.77,5.675375077611639,5.651566011133913,0.09462492238836084,0.11843398886608636
CHEMBL551151,O=C(CCc1ccc(-c2ccc(O)cc2)cc1)NO,,5.77,5.77,5.858742087918781,5.8788307609853945,-0.08874208791878146,-0.1088307609853949
CHEMBL113537,O=C(CCCCCCC(=O)C(F)(F)F)Nc1ccccc1,,5.77,5.77,5.824369452015456,5.82491417375193,-0.05436945201545651,-0.054914173751930306
CHEMBL2337871,N#Cc1cccc(-c2ccc(Cn3cccc(O)c3=S)cc2)c1,,5.77,5.77,5.7649490387468365,5.654232413248027,0.0050509612531630665,0.1157675867519723
CHEMBL3357480,O=C(NO)c1ccc2c(c1)CC(Nc1nccc(-c3cccc(Cl)c3)n1)CC2,,5.78,5.78,6.047405089108196,6.1359861098791875,-0.2674050891081956,-0.3559861098791872
CHEMBL4237899,CC(C)c1cc(C(=O)N2CCc3cc(NC(=O)CCCCCCCCC(=O)NO)ccc32)c(O)cc1O,,5.78,5.78,5.9132908092496885,5.926856975492212,-0.13329080924968828,-0.146856975492212
CHEMBL4212117,Cc1c2ccc(N(C)c3ccnc(Nc4ccc(C(=O)NCCCCCCC(=O)NO)cc4)n3)cc2nn1C,,5.78,5.78,5.874856939759418,6.271817376299038,-0.09485693975941789,-0.49181737629903743
CHEMBL4565933,O=C(NO)c1ccc(Cn2c(=O)n(CCc3ccccc3)c(=O)c3ccc(Cl)cc32)cc1,,5.79,5.79,6.065408990865279,6.161386359175468,-0.27540899086527926,-0.37138635917546825
CHEMBL3628323,CC(=O)SCC/C=C/[C@@H]1CC(=O)N[C@H](C(C)C)C(=O)N[C@H](Cc2cn(C)cn2)C(=O)N[C@H](C(C)C)c2cn(nn2)CC(=O)O1,,5.79,5.79,5.71456523465022,5.586486993656501,0.07543476534978044,0.20351300634349911
CHEMBL5437069,O=C(NO)c1ccc(-c2nc3ccccc3c(=O)[nH]2)cc1,,5.79,5.79,6.01029214448965,6.18478095992864,-0.22029214448965018,-0.3947809599286396
CHEMBL484489,O=C(/C=C/c1ccc(Cl)cc1F)NCCCCCC(=O)NO,,5.79,5.79,5.763654424722279,5.80291034087573,0.026345575277720634,-0.012910340875730064
CHEMBL5858384,Cn1nccc1COc1cc(-c2noc(C(F)(F)F)n2)ccn1,,5.8,5.8,5.687936977634166,5.640660972942765,0.11206302236583365,0.1593390270572348
CHEMBL5987744,CC(C(=O)N(Cc1ccc(-c2noc(C(F)(F)F)n2)cn1)c1cccc(F)c1)n1cccn1,,5.8,5.8,5.637881401804076,5.499779573237053,0.16211859819592345,0.30022042676294713
CHEMBL5998021,O=C1CNCC(c2ccccc2)N1c1ccc(-c2noc(C(F)(F)F)n2)cc1,,5.8,5.8,5.81449227082304,5.835827942883849,-0.014492270823040165,-0.035827942883849495
CHEMBL3104851,Cc1c(O)c(O)c2c(c1C=O)[C@@H]1O[C@H](O2)c2c(C)c(O)c(O)c(O)c2C1=O,,5.8,5.8,5.697410661294726,5.456138398660293,0.10258933870527365,0.34386160133970645
CHEMBL5860772,Cn1cnc2cc(COc3nccc(-c4noc(C(F)(F)F)n4)c3Cl)ccc21,,5.8,5.8,5.704452055862367,5.609788280001091,0.09554794413763279,0.19021171999890907
CHEMBL5742789,FC(F)(F)c1nc(-c2ccc(CNC3CCc4ncccc4C3)nc2)no1,,5.8,5.8,5.6574943302739955,5.6005685719761455,0.1425056697260043,0.19943142802385427
CHEMBL2337863,Oc1cccn(Cc2cn(-c3ccccc3)nn2)c1=S,,5.8,5.8,5.653421411557207,5.461882020887695,0.14657858844279303,0.33811797911230457
CHEMBL4577107,O=C(/C=C/c1cccn(CCc2ccc3ccccc3c2)c1=O)NO,,5.8,5.8,6.197411317065766,6.399298114892405,-0.3974113170657665,-0.599298114892405
CHEMBL4440904,S=C1Sc2cc(Cl)ccc2C2=NCCN12,,5.8,5.8,5.724126125061909,5.382295550686482,0.0758738749380905,0.4177044493135176
CHEMBL4588346,S=C1Sc2ccc(Br)cc2C2=NCCCN12,,5.8,5.8,6.105266406587331,6.272047745084295,-0.3052664065873314,-0.4720477450842955
CHEMBL2235193,COc1cc(C(=O)NN)ccc1COc1ccc(Cl)c(C)c1,,5.8,5.8,5.886414991039803,5.983634917523153,-0.08641499103980355,-0.18363491752315309
CHEMBL5892379,O=C(C1CCCS(=O)(=O)C1)N(Cc1ccc(-c2noc(C(F)(F)F)n2)cn1)c1cccc(F)c1,,5.8,5.8,5.555458836229201,5.392558492313086,0.2445411637707986,0.40744150768691423
CHEMBL2425959,Cc1nc2cc(/C=C/C(=O)NO)ccc2c(=O)n1CCc1c[nH]c2ccccc12,,5.8,5.8,6.030506571868975,6.088709986646357,-0.23050657186897539,-0.2887099866463574
CHEMBL5900942,O=c1ccc2ccccc2n1Cc1ccc(-c2noc(C(F)(F)F)n2)cc1,,5.8,5.8,5.629641695374108,5.537894640215701,0.17035830462589185,0.2621053597842984
CHEMBL5888492,O=C(NC1CC1)c1ccccc1NCc1ccc(-c2noc(C(F)(F)F)n2)cn1,,5.8,5.8,5.861029114045601,5.802303942812559,-0.06102911404560096,-0.002303942812559079
CHEMBL5596741,COc1ccc(C(=O)NO)cc1OCc1ccc(C(=O)NCCCCCCCCNc2cccc3c2C(=O)N(C2CCC(=O)NC2=O)C3=O)cc1,,5.8,5.8,5.910409277347092,6.794254731694129,-0.1104092773470926,-0.994254731694129
CHEMBL4563988,COC(=O)c1ccc2ccccc2c1OCCCCCCCC(=O)NO,,5.8,5.8,6.13644701258886,6.215623842889254,-0.33644701258886034,-0.41562384288925447
CHEMBL5823638,O=C(NC1CCOCC1)OCc1ccc(-c2noc(C(F)(F)F)n2)cn1,,5.8,5.8,5.717927287313721,5.608493832566197,0.08207271268627903,0.19150616743380322
CHEMBL4245766,CC(C)c1cc(C(=O)N2CCc3cc(NCc4ccc(C(=O)NO)cc4)ccc32)c(O)cc1O,,5.81,5.81,5.870788547927659,5.875759141062246,-0.06078854792765931,-0.06575914106224623
CHEMBL4237454,CC(C)c1cc(C(=O)N2CCc3cc(NC(=O)CCCCCC(=O)NO)ccc32)c(O)cc1O,,5.81,5.81,5.891398184933253,5.8990610894004725,-0.08139818493325368,-0.08906108940047286
CHEMBL3792392,O=C(CCCc1csc(/C=C/c2ccccc2)n1)NO,,5.81,5.81,5.699623413401619,5.615125999129033,0.11037658659838101,0.19487400087096685
CHEMBL538364,COc1ccc(-c2ccc(/C=C/C=C/C(=O)NO)cc2)cc1,,5.81,5.81,6.2961151319010265,6.519878594728755,-0.48611513190102684,-0.7098785947287558
CHEMBL5568268,CCCC(CCC)C(=O)N[C@@H](Cc1ccccc1)C(=O)NNc1ccccc1,,5.81,5.81,6.0687354844595545,7.040823084979136,-0.25873548445955485,-1.2308230849791366
CHEMBL95916,O=C(CCCCCC(=O)c1ccccc1)NO,,5.82,5.82,6.605148207780454,6.887535033615929,-0.7851482077804537,-1.067535033615929
CHEMBL5842068,Cc1cc(CC(=O)N(Cc2ccc(-c3noc(C(F)(F)F)n3)cn2)c2cccc(F)c2)on1,,5.82,5.82,5.759435770394333,5.635766392361768,0.06056422960566721,0.18423360763823204
CHEMBL4475116,CCCNc1ccc2c3c(cccc13)C(=O)N(CCCCCC(=O)NO)C2=O,,5.82,5.82,5.787849057416848,5.85425069583269,0.03215094258315254,-0.03425069583268936
CHEMBL4847122,O=C(NO)c1ccc(CN2C(=O)CCc3cc(C4CC4)ccc32)cc1,,5.82,5.82,5.971670246188458,6.21413514810605,-0.15167024618845737,-0.39413514810604955
CHEMBL5872061,FC(F)(F)c1nc(-c2ccc(N3CCOCC3c3ccccc3Cl)nc2)no1,,5.82,5.82,5.628269954168623,5.498284262251515,0.19173004583137754,0.3217157377484856
CHEMBL3694319,O=C(NO)c1cc2c(cc1F)CCC(Nc1nccc(-c3cccnc3)n1)C2,,5.82,5.82,5.985462426439382,6.094663005546122,-0.16546242643938136,-0.2746630055461221
CHEMBL5939902,O=C(NO)c1ccc2oc(COc3cccc(F)c3)cc2c1,,5.82,5.82,6.026444765804694,6.281908480782475,-0.20644476580469373,-0.4619084807824745
CHEMBL2047684,O=C(CCNC(=O)/C(Cc1ccc(O)c(Br)c1)=N/O)NO,,5.82,5.82,5.778498200794559,5.729164921108256,0.041501799205441614,0.09083507889174403
CHEMBL4550619,CCc1ccc(C#Cc2c(-c3ccccc3)nnn2[C@@H](Cc2ccccc2)C(=O)NO)cc1,,5.82,5.82,5.976989053759999,6.653957617764707,-0.1569890537599985,-0.8339576177647068
CHEMBL4790559,CC(C)c1cc(C(=O)N2Cc3ccc(NC(=O)CCCCCCC(=O)NO)cc3C2)c(O)cc1O,,5.82,5.82,5.650990901249944,5.592832582571038,0.1690090987500561,0.22716741742896218
CHEMBL3694294,O=C(NO)c1ccc2c(c1)CC(Nc1nccc(-c3ccc(Cl)cc3Cl)n1)CC2,,5.82,5.82,5.850492244069326,5.985883954100821,-0.03049224406932538,-0.16588395410082057
CHEMBL3736342,CC[C@H]1OC(=O)[C@H](C)C(=O)[C@H](C)[C@@H](O[C@@H]2O[C@H](C)C[C@H](N(C)Cc3ccc(-c4cn(CCCCCCC(=O)NO)nn4)cc3)[C@H]2O)[C@@](C)(OC)C[C@@H](C)C2=NCCN3C(=O)O[C@@]1(C)[C@H]3[C@H]2C,,5.82,5.82,5.742812286420719,5.783238436668395,0.07718771357928134,0.03676156333160563
CHEMBL5766638,CC1(C)CC(C(=O)N(Cc2ccc(-c3noc(C(F)(F)F)n3)cn2)c2cccc(F)c2)CCO1,,5.82,5.82,5.559462020819953,5.340658407690415,0.2605379791800475,0.4793415923095852
CHEMBL4589752,S=C1Sc2ccccc2C2=NCCCN12,,5.82,5.82,6.117182211750302,6.27956876459244,-0.297182211750302,-0.45956876459244
CHEMBL5796825,Fc1c(-c2noc(C(F)(F)F)n2)ccnc1OCc1nc(C2CC2)no1,,5.82,5.82,5.817466522192319,5.786998460666673,0.002533477807681095,0.033001539333326946
CHEMBL4638794,O=C(NO)c1ccc(CNCCCN2c3ccccc3CCc3ccc(Cl)cc32)cc1,,5.82,5.82,5.7582823528704585,5.792591441978242,0.06171764712954175,0.02740855802175801
CHEMBL3775409,Cc1nc(N(C)c2ccc(OCCCCCC(=O)NO)cc2)c2ccccc2n1,,5.82,5.82,5.925084418335108,5.9630324031761734,-0.10508441833510762,-0.14303240317617316
CHEMBL3110282,CN(C)c1ccc(-c2cn(CCCCCn3cccc(O)c3=S)nn2)cc1,,5.83,5.83,5.61210969914081,5.565315205299085,0.2178903008591897,0.26468479470091477
CHEMBL4874875,N#Cc1ccc2c(c1)CCCN2Cc1ccc(C(=O)NO)cc1,,5.83,5.83,5.782301229168548,5.826416518883695,0.047698770831452464,0.0035834811163049096
CHEMBL3110280,N#Cc1ccc(-c2cn(CCCCCn3cccc(O)c3=S)nn2)cc1,,5.83,5.83,5.688527795440079,5.553738999842258,0.14147220455992127,0.27626100015774213
CHEMBL4209463,Cc1ccc(C(=O)c2ccc3c(ccn3Cc3ccc(C(=O)NO)cc3)c2)cc1,,5.83,5.83,5.890463168722528,5.890167796061501,-0.06046316872252788,-0.06016779606150102
CHEMBL4438566,O=C(NO)c1ccc(CN2c3ccccc3Sc3ccccc32)cc1,,5.83,5.83,5.878790789486899,5.897332847194095,-0.0487907894868993,-0.06733284719409482
CHEMBL3593415,CC(C)[C@@H]1NC(=O)[C@]2(C)CSC(=N2)c2ccnc(c2)CNC(=O)C[C@@H](/C=C/CCS)NC1=O,,5.83,5.83,5.960349563624497,6.421585419007279,-0.13034956362449712,-0.5915854190072789
CHEMBL5075729,O=C(CCCCCCC(=O)N/N=C/c1ccc(N(c2ccccc2)c2ccccc2)cc1)NO,,5.84,5.84,6.101856120901847,6.366558791484593,-0.2618561209018475,-0.5265587914845931
CHEMBL3694328,O=C(NO)c1ccc2c(c1)CC(NS(=O)(=O)c1ccc(Cl)cc1)CN2,,5.84,5.84,5.8764190991707,5.963695126936277,-0.03641909917070052,-0.12369512693627716
CHEMBL3694297,O=C(NO)c1ccc2c(c1)CC(Nc1nccc(-c3ccc(Oc4ccccc4)cc3)n1)CC2,,5.84,5.84,5.869189676233535,6.168333033922691,-0.029189676233535522,-0.3283330339226911
CHEMBL491687,O=C(/C=C/c1ccc2c(c1)nc(CCc1ccccc1)n2Cc1ccccc1)NO,,5.84,5.84,6.3260285215009295,6.382665859638804,-0.4860285215009297,-0.5426658596388041
CHEMBL3763444,O=C(CCCCCNc1nc(Cl)nc2c1ncn2Cc1ccccc1)NO,,5.84,5.84,5.895166184901479,5.975633908439437,-0.05516618490147884,-0.1356339084394369
CHEMBL4094315,O=C(CCCCCCNc1ncnc2ccc(F)cc12)NO,,5.84,5.84,5.8943977929316524,5.974767662487681,-0.05439779293165259,-0.1347676624876808
CHEMBL4299419,CC[C@@H]1OC(=O)[C@H](C)[C@@H](O[C@@H]2C[C@](C)(OC)[C@H](O)[C@@H](C)O2)[C@@H](C)[C@@H](O[C@@H]2O[C@H](C)C[C@H](N(C)Cc3cccc(-c4cn(CCCCCCC(=O)NO)nn4)c3)[C@H]2O)[C@](C)(O)C[C@@H](C)CN(C)[C@H](C)[C@@H](O)[C@]1(C)O,,5.84,5.84,5.968364313628197,6.101784043674364,-0.12836431362819756,-0.26178404367436414
CHEMBL5188297,O=C(CCCCCCC(=O)N/N=C/c1cnc(N(c2ccccc2)c2ccccc2)nc1)NO,,5.84,5.84,6.058080666080725,6.469756817443555,-0.2180806660807253,-0.629756817443555
CHEMBL6078340,C=C1C(=O)O[C@@H]2C[C@@]3(C)CC[C@@H](OC(=O)[C@H](C)NC(=O)c4ccc(/C=C/C(=O)NO)cc4)C(=C)[C@@H]3C[C@H]12,,5.85,5.85,5.85537231427919,6.209582117696485,-0.005372314279190604,-0.35958211769648507
CHEMBL6053258,NC(=O)c1cccc(NCc2ccc(-c3noc(C(F)(F)F)n3)cc2)c1,,5.85,5.85,5.650474017059625,5.583951835604375,0.19952598294037482,0.26604816439562473
CHEMBL5954175,O=c1[nH]c2ccccc2n(Cc2ccc(-c3noc(C(F)(F)F)n3)cn2)c1=O,,5.85,5.85,5.8427682750981305,5.760511268001557,0.007231724901869185,0.08948873199844254
CHEMBL5809280,O=C1CCC(c2ccccc2)N1c1ccc(-c2noc(C(F)(F)F)n2)cc1F,,5.85,5.85,5.43578663633627,5.391185147776371,0.4142133636637295,0.45881485222362883
CHEMBL2425967,CCc1nc2cc(/C=C/C(=O)NO)c(F)cc2c(=O)n1CCc1ccccc1,,5.85,5.85,5.962604260858365,6.117583650213074,-0.11260426085836528,-0.2675836502130746
CHEMBL6048200,Fc1cc(COc2nc[nH]n2)ccc1-c1noc(C(F)(F)F)n1,,5.85,5.85,5.77569186316621,5.815617691529171,0.0743081368337899,0.03438230847082835
CHEMBL5877861,O=C(NO)c1ccc2oc(-c3ccc(C4CC4)cc3)nc2c1,,5.85,5.85,5.960912309190492,6.072329675543591,-0.11091230919049266,-0.22232967554359107
CHEMBL6167986,O=C(Cc1ccc(/C=C/C(=O)c2ncc[nH]2)cc1)Nc1ccc(F)cc1,,5.85,5.85,5.793122483466998,5.595218723449163,0.05687751653300133,0.2547812765508368
CHEMBL3110015,O=C(NO)[C@@H]1[C@H](c2ccccc2)[C@H]1c1ccc(-c2ncc(F)cn2)cc1,,5.85,5.85,5.863584070227681,5.759618282528434,-0.013584070227681266,0.09038171747156554
CHEMBL5201523,Nc1nc(-c2ccco2)c2cnn(Cc3cccc(OCCCCCCC(=O)NO)c3)c2n1,,5.85,5.85,5.9064032660868,6.379757787331865,-0.05640326608680013,-0.5297577873318655
CHEMBL4208365,O=C(CCN(Cc1ccccc1)Cc1ccccc1)NO,,5.85,5.85,5.63302064419562,5.55597141372914,0.21697935580438,0.29402858627085937
CHEMBL5891478,CNc1ccc(CCn2c(=O)c3ccccc3n(Cc3ccc(C(=O)NO)cc3)c2=O)cc1,,5.85,5.85,6.013454676968097,6.182441950095936,-0.16345467696809735,-0.33244195009593636
CHEMBL5980608,CC(C)NC(=O)c1ccccc1NCc1ccc(-c2noc(C(F)(F)F)n2)cn1,,5.85,5.85,5.864659968011713,5.832956483012655,-0.014659968011713431,0.01704351698734463
CHEMBL4217319,COc1ccc(C(=O)c2ccc3c(ccn3S(=O)(=O)c3cccc(/C=C/C(=O)NO)c3)c2)cc1OC,,5.85,5.85,5.66683231685716,5.846396162150558,0.18316768314283927,0.0036038378494414047
CHEMBL3774793,CN(c1ccc(OCC(=O)NO)cc1)c1ncnc2ccccc12,,5.85,5.85,5.837273479781961,5.8556448325642005,0.012726520218038218,-0.005644832564200897
CHEMBL5746748,Cc1noc([C@@H]2CCC(=O)N2c2ccc(-c3noc(C(F)(F)F)n3)cc2)n1,,5.85,5.85,5.669408270413531,5.634679866221976,0.1805917295864683,0.2153201337780235
CHEMBL5841822,Cc1cc(NCc2ccc(-c3noc(C(F)(F)F)n3)cn2)on1,,5.85,5.85,5.819826836884152,5.731811260774135,0.0301731631158475,0.11818873922586448
CHEMBL4567832,CN(Cc1ccccc1)c1ccc2c3c(cccc13)C(=O)N(CCCCCC(=O)NO)C2=O,,5.85,5.85,5.87736562246195,5.992365395731593,-0.027365622461950068,-0.14236539573159313
CHEMBL2407722,Nc1ccccc1NC(=O)c1ccc(CNC2=NC[C@@H](c3ccccc3)S2)cc1,,5.85,5.85,5.358597364270901,5.203431939088221,0.4914026357290986,0.646568060911779
CHEMBL5193020,O=C(CCCCC/C=C\c1csc(Br)n1)NO,,5.85,5.85,6.105070234120839,5.976343734221225,-0.25507023412083907,-0.12634373422122547
CHEMBL5920680,O=C(c1cccc(NCc2ccc(-c3noc(C(F)(F)F)n3)cn2)c1)N1CCCC1,,5.85,5.85,5.816487581319928,5.637570769724852,0.03351241868007193,0.2124292302751476
CHEMBL569288,CCC(=O)CCCCC[C@@H]1NC(=O)C[C@H](CC(C)C)NC(=O)[C@H](Cc2c[nH]c3ccccc23)NC(=O)[C@H](CCCCCC(=O)CC)NC1=O,,5.85,5.85,6.010325873759575,5.897463469929822,-0.1603258737595752,-0.047463469929822644
CHEMBL4069287,O=C(NO)c1ccc(Cn2c3c(c4ccccc42)S(=O)(=O)CC3)cc1,,5.86,5.86,5.875375641248995,5.910753618543477,-0.015375641248994931,-0.050753618543476264
CHEMBL5436104,O=C(NCC12C[C@H]3C[C@@H](C1)C[C@@H](C2)C3)c1ccc2c(ccn2Cc2ccc(C(=O)NO)c(F)c2)c1,,5.86,5.86,5.73358215290893,5.561481365454081,0.12641784709107018,0.2985186345459194
CHEMBL569447,CC(=O)NCCCC[C@@H]1NC(=O)C[C@H](Cc2ccc(O)cc2)NC(=O)[C@H](Cc2cccc3ccccc23)NC(=O)[C@H](CCCCCC(=O)O)NC1=O,,5.86,5.86,5.825756710608404,5.693753309591538,0.03424328939159604,0.16624669040846207
CHEMBL472250,CC[C@H]1OC(=O)[C@H](C)[C@@H](O)[C@H](C)[C@@H](O[C@@H]2O[C@H](C)C[C@H](N(C)Cc3ccc(-c4cn(CCCCCCC(=O)NO)nn4)cc3)[C@H]2O)[C@](C)(OC)C[C@@H](C)C(=O)[C@H](C)[C@@H](O)[C@]1(C)O,,5.86,5.86,5.610140397190516,5.464972626369407,0.24985960280948394,0.3950273736305929
CHEMBL3421750,O=C(NO)c1ccc(CNCc2nc(-c3ccc(C(F)(F)F)cc3)no2)cc1,,5.87,5.87,6.155502549228357,6.27146514585707,-0.28550254922835716,-0.4014651458570695
CHEMBL109654,O=C(CCCCCS)Nc1ccccc1,,5.87,5.87,5.817837594450978,5.808874031933502,0.05216240554902196,0.06112596806649773
CHEMBL2333339,O=C(NO)c1ccc(C(=O)NCCc2ccncc2)cc1,,5.88,5.88,5.9988058139029485,6.004772394463574,-0.11880581390294864,-0.12477239446357391
CHEMBL4846377,CN1CCN(NC(=O)c2cccc(C(=O)NO)c2)CC1,,5.88,5.88,5.928488033782983,6.358918605788512,-0.048488033782983386,-0.478918605788512
CHEMBL3774858,CN(c1ccc(OCCCCC(=O)NO)cc1)c1ncnc2ccccc12,,5.88,5.88,5.719931527013426,5.707030830665442,0.16006847298657423,0.17296916933455808
CHEMBL1835408,CC[C@H](C)[C@H](NC(=O)OC(C)(C)C)C(=O)N1CC2(C[C@H]1C(=O)NCCCCCC(=O)NO)SCCS2,,5.88,5.88,6.0490864016928985,6.190162338153327,-0.16908640169289857,-0.3101623381533267
CHEMBL4299472,CC[C@@H]1OC(=O)[C@H](C)[C@@H](O[C@@H]2C[C@](C)(OC)[C@H](O)[C@@H](C)O2)[C@@H](C)[C@@H](O[C@@H]2O[C@H](C)C[C@H](N(C)Cc3ccccc3-c3cn(CCCCCCC(=O)NO)nn3)[C@H]2O)[C@](C)(O)C[C@@H](C)CN(C)[C@H](C)[C@@H](O)[C@]1(C)O,,5.89,5.89,5.828175642242414,5.714390465961362,0.06182435775758588,0.17560953403863788
CHEMBL5915403,Fc1cc(COc2cc[nH]n2)ccc1-c1noc(C(F)(F)F)n1,,5.89,5.89,5.70832602209234,5.6876816505639525,0.1816739779076597,0.2023183494360472
CHEMBL2047540,O=C(NCCS)/C(Cc1ccc(O)c(Br)c1)=N/O,,5.89,5.89,5.580151092471383,5.151259951130816,0.3098489075286164,0.7387400488691833
CHEMBL4557077,Fc1ccc2c(c1)SC(=S)N1CCCN=C21,,5.89,5.89,5.789782444739641,5.784965313013293,0.10021755526035836,0.10503468698670648
CHEMBL5864393,Cn1c(OCc2ccc(-c3noc(C(F)(F)F)n3)c(F)c2)nc2cccnc21,,5.89,5.89,5.764151221899642,5.620416415454793,0.12584877810035788,0.2695835845452068
CHEMBL6142255,O=C(CCCCCONC(=O)c1nc(-c2ccccc2F)cs1)NO,,5.89,5.89,5.750632501788429,5.383981522441947,0.13936749821157068,0.5060184775580527
CHEMBL3698525,O=C(Cc1ccc(CCCCc2ccc(C(F)(F)F)cc2)cc1)NO,,5.89,5.89,6.1105838058156605,6.223022241468817,-0.22058380581566084,-0.3330222414688171
CHEMBL5886744,Cc1nnc(CC(=O)N(Cc2ccc(-c3noc(C(F)(F)F)n3)cn2)c2cccc(F)c2)s1,,5.89,5.89,5.632113085795865,5.542052862058945,0.2578869142041347,0.3479471379410546
CHEMBL3694320,O=C(NO)c1cc2c(cc1F)CCC(NS(=O)(=O)c1ccc(Cl)cc1)C2,,5.89,5.89,6.067469734615541,6.131077704457366,-0.17746973461554116,-0.24107770445736598
CHEMBL2431906,Cn1cccc1C(=O)N1Cc2ccc(C(=O)NO)cc2C1,,5.89,5.89,5.98202166410794,5.898620662100772,-0.0920216641079401,-0.008620662100772059
CHEMBL2431907,CC(C)(C)C(=O)N1Cc2ccc(C(=O)NO)cc2C1,,5.89,5.89,5.849860363311244,5.755825373304185,0.040139636688755864,0.13417462669581504
CHEMBL5811673,O=C(NO)c1ccc2oc(-c3ccc(C(F)(F)F)cc3)nc2c1,,5.89,5.89,5.966508752456502,5.992812503735131,-0.07650875245650202,-0.10281250373513107
CHEMBL5184762,O=C(/C=C/C1CCN(Cc2csc3ccccc23)CC1)NO,,5.89,5.89,6.089059911229548,6.132253637998996,-0.19905991122954791,-0.24225363799899657
CHEMBL5803915,Fc1ccccc1C1COCCN1c1ccc(-c2noc(C(F)(F)F)n2)cn1,,5.89,5.89,5.588775824473871,5.454344027948306,0.3012241755261291,0.43565597205169393
CHEMBL5401412,C[n+]1ccccc1Br,,5.89,5.89,5.335435135367487,5.190548846310856,0.5545648646325123,0.6994511536891439
CHEMBL5769901,FC(F)(F)c1nc(-c2ccnc(OCc3ccno3)c2)no1,,5.89,5.89,5.79751524863955,5.738403046367226,0.09248475136045009,0.15159695363277326
CHEMBL5831139,O=C1CCC(c2ccc(Cl)cc2)N1c1ccc(-c2noc(C(F)(F)F)n2)cc1F,,5.89,5.89,5.496869659539994,5.28204291184627,0.3931303404600053,0.6079570881537295
CHEMBL3953547,CCCCCC(CCCCCC(=O)Nc1ccccc1)C(=O)NO,,5.89,5.89,5.9513848411078065,5.761332754564018,-0.06138484110780684,0.12866724543598185
CHEMBL6053355,COC(=O)N1CCC(C(=O)N(Cc2ccc(-c3noc(C(F)(F)F)n3)cn2)c2cccc(C(F)(F)F)c2)CC1,,5.89,5.89,5.666299172481091,5.602408114738326,0.22370082751890852,0.2875918852616737
CHEMBL5745844,CNC(=O)OCc1ccc(-c2noc(C(F)(F)F)n2)cn1,,5.89,5.89,5.586554674324889,5.299931327632056,0.30344532567511084,0.590068672367944
CHEMBL3694310,O=C(NC1CCc2ccc(C(=O)NO)cc2C1)OCc1cccnc1,,5.9,5.9,5.950685119203504,6.122625114550154,-0.050685119203503604,-0.2226251145501532
CHEMBL2337875,Oc1cccn(Cc2ccccc2)c1=S,,5.9,5.9,5.673687061392446,5.548733114909262,0.22631293860755441,0.35126688509073833
CHEMBL3421748,Cc1ccc(-c2noc(CNCc3ccc(C(=O)NO)cc3)n2)cc1,,5.9,5.9,6.102320258600731,6.072212023487431,-0.20232025860073044,-0.1722120234874307
CHEMBL2425957,Cc1nc2cc(/C=C/C(=O)NO)ccc2c(=O)n1Cc1ccccc1,,5.9,5.9,6.046788005237351,6.243774955067157,-0.14678800523735092,-0.3437749550671567
CHEMBL4554522,COc1ccc(CN2CCC(Nc3nc(Nc4ccc(NC(=O)CCCCCCC(=O)NO)cc4)nc4cc(OC)c(OC)cc34)CC2)cc1,,5.9,5.9,5.953416518739123,6.142826827188788,-0.05341651873912223,-0.24282682718878768
CHEMBL4174805,CCOc1cc(C(C)(C)C)ccc1C1=NC(c2ccc(Cl)cc2)C(c2ccc(Cl)cc2)N1C(=O)N1CCN(CCCCCCC(=O)NO)CC1,,5.91,5.91,5.942412382182432,6.017163925172362,-0.03241238218243225,-0.10716392517236173
CHEMBL3694332,COc1ccc(S(=O)(=O)NC2CNc3ccc(C(=O)NO)cc3C2)cc1OC,,5.91,5.91,6.008823394896204,6.20182438166073,-0.09882339489620406,-0.29182438166072977
CHEMBL4469488,O=C(NCCc1cc(C(=O)NO)no1)c1ccc(Cl)c(Cl)c1,,5.91,5.91,5.841253058038516,5.749603168407164,0.0687469419614839,0.1603968315928359
CHEMBL4247905,CC(C)c1cc(C(=O)N2CCc3cc(NC(=O)CCCCCCCC(=O)NO)ccc32)c(O)cc1O,,5.91,5.91,5.9132908092496885,5.92309751149705,-0.0032908092496883867,-0.013097511497050185
CHEMBL5423994,COc1cc2c(cc1OC)C(=O)C(CC1CCN(Cc3cccc(NC(=O)CCCCCCC(=O)NO)c3)CC1)C2,,5.91,5.91,6.118067156614598,6.4227473537426025,-0.20806715661459751,-0.5127473537426024
CHEMBL4442089,Fc1ccc2c(c1)C1=NCCN1C(=S)S2,,5.92,5.92,5.70026608134998,5.6986040117423755,0.2197339186500198,0.2213959882576244
CHEMBL5987197,CCc1ccc(-c2nc3ccc(C(=O)NO)cc3[nH]2)cc1,,5.92,5.92,6.239555330177552,6.361475272014176,-0.3195553301775522,-0.44147527201417613
CHEMBL3260858,O=C(N[C@@H](C(=O)O)c1ccccc1)c1cccc(=S)n1O,,5.92,5.92,5.662805089367593,5.353247846016938,0.25719491063240696,0.566752153983062
CHEMBL435160,O=C(CCCCCC(Cc1ccccc1)C(=O)NO)Nc1ccccc1,,5.92,5.92,6.361970463026488,6.554903489657859,-0.4419704630264878,-0.6349034896578587
CHEMBL1836144,CC[C@H](C)[C@H]1NC(=O)[C@@H](CS)NC(=O)[C@@H](CCSC)NC(=O)C[C@@H](/C=C/CCS)OC(=O)C[C@@H]1O,,5.92,5.92,5.811416311870772,5.759370747406413,0.1085836881292277,0.16062925259358707
CHEMBL4457073,O=C(NO)c1cc(Cn2c(=O)n(CCc3ccccc3)c(=O)c3ccccc32)cs1,,5.92,5.92,6.152702944579101,6.284498932196742,-0.2327029445791009,-0.36449893219674223
CHEMBL1835343,CC(C)(C)OC(=O)NCC(=O)N1CC2(C[C@H]1C(=O)NCCCCCC(=O)NO)SCCS2,,5.92,5.92,6.0025619481796415,6.018463102235579,-0.08256194817964158,-0.09846310223557886
CHEMBL5812731,Cc1noc([C@H]2CCCCN2c2ccc(-c3noc(C(F)(F)F)n3)cn2)n1,,5.92,5.92,5.707994996023855,5.71383599827164,0.2120050039761452,0.2061640017283599
CHEMBL3734946,CC[C@H]1OC(=O)[C@H](C)C(=O)[C@H](C)[C@@H](O[C@@H]2O[C@H](C)C[C@H](N(C)Cc3ccccc3-c3cn(CCCCCC(=O)NO)nn3)[C@H]2O)[C@@](C)(OC)C[C@@H](C)C2=NCCN3C(=O)O[C@@]1(C)[C@H]3[C@H]2C,,5.92,5.92,5.788854686019977,5.65979191160581,0.1311453139800225,0.2602080883941902
CHEMBL5440118,C[n+]1ccsc1Br,,5.92,5.92,5.934329340274466,6.065077112811569,-0.014329340274466418,-0.14507711281156865
CHEMBL481719,O=C(NO)c1ccc(CN2C(=O)CNC(=O)[C@H]2Cc2c[nH]c3ccccc23)cc1,,5.92,5.92,6.1891098985771364,6.245234511765464,-0.2691098985771365,-0.3252345117654638
CHEMBL2436595,CC(C)[C@@H]1NC(=O)[C@]2(C)CSC(=N2)c2coc(n2)CNC(=O)C[C@@H](/C=C/CCS)OC1=O,,5.92,5.92,6.056816479024938,6.373204731893363,-0.13681647902493843,-0.4532047318933632
CHEMBL4580307,Fc1cc(Br)cc2c1C1=NCCN1C(=S)S2,,5.92,5.92,5.729820618409381,5.542265044748607,0.1901793815906192,0.3777349552513929
CHEMBL5764684,CC(C)c1ccc(-c2nc3cc(C(=O)NO)ccc3o2)cc1,,5.92,5.92,6.196988055794813,6.323562768176131,-0.27698805579481345,-0.4035627681761307
CHEMBL4542499,CC(C)(C)OC(=O)Nc1cccc(C(=O)/C=C/c2ccc(/C=C/C(=O)NO)cc2)c1,,5.92,5.92,6.046775631585385,6.428314191513497,-0.12677563158538518,-0.508314191513497
CHEMBL5802697,NC(=O)c1ccccc1NCc1ccc(-c2noc(C(F)(F)F)n2)cc1,,5.92,5.92,5.802255306833329,5.839388939146631,0.1177446931666708,0.08061106085336878
CHEMBL5873833,FC(F)(F)c1nc(-c2ccc(CNc3cnoc3)nc2)no1,,5.92,5.92,5.905407000105708,5.8069411113133755,0.014592999894292191,0.11305888868662439
CHEMBL3797232,O=C(NO)c1ccc(Cl)c(NC(=O)c2ccc(Cl)cc2Cl)c1,,5.93,5.93,6.182329905615466,6.308448244241593,-0.25232990561546664,-0.37844824424159285
CHEMBL3775521,Cc1nc(N(C)c2ccc(OCC(=O)NO)cc2)c2ccccc2n1,,5.93,5.93,5.819797271632213,5.894507478985109,0.11020272836778666,0.03549252101489042
CHEMBL4846714,O=C(NO)c1ccc(CN2C(=O)CCCc3cc(Cl)ccc32)cc1,,5.93,5.93,5.702323352729543,5.460996276207972,0.22767664727045656,0.4690037237920279
CHEMBL4299362,CC[C@@H]1OC(=O)[C@H](C)[C@@H](O[C@@H]2C[C@](C)(OC)[C@@](O)(CN(C)Cc3ccc(-c4cn(CCCC(=O)NO)nn4)cc3)[C@@H](C)O2)[C@@H](C)[C@@H](O[C@@H]2O[C@H](C)C[C@H](N(C)C)[C@H]2O)[C@](C)(O)C[C@@H](C)CN(C)[C@H](C)[C@@H](O)[C@]1(C)O,,5.93,5.93,5.807595740569724,5.858613096254121,0.12240425943027589,0.07138690374587853
CHEMBL4299435,CC[C@H]1OC(=O)[C@H](C)[C@@H](O[C@@H]2C[C@](C)(OC)[C@H](O)[C@@H](C)O2)[C@@H](C)[C@@H](O[C@H]2O[C@@H](C)C[C@@H](N(C)Cc3ccc(-c4cn(CCCCCC(=O)NO)nn4)cc3)[C@@H]2O)[C@](C)(OC)C[C@@H](C)C(=O)[C@H](C)[C@H](O)[C@]1(C)O,,5.93,5.93,5.635710772762036,5.555924107218313,0.2942892272379636,0.3740758927816863
CHEMBL5178014,C#CCN(C)CCCOc1cc(NCc2ccc(C(=O)NO)cc2)ccc1Cl,,5.93,5.93,6.142092212988318,6.479304007376657,-0.2120922129883187,-0.5493040073766569
CHEMBL356769,O=C(CCCCCCC(=O)Nc1ccc([C@H]2O[C@@H](CSc3nc(-c4ccccc4)c(-c4ccccc4)o3)C[C@@H](c3ccc(CO)cc3)O2)cc1)NO,,5.9325,5.9325,6.01128023843371,6.5425368864716145,-0.07878023843371018,-0.6100368864716144
CHEMBL3694330,O=C(NO)c1ccc2c(c1)CC(NS(=O)(=O)c1cccc(F)c1)CN2,,5.94,5.94,5.95174632914274,6.1573995235168395,-0.01174632914273932,-0.2173995235168391
CHEMBL480729,CC(C)(C)OC(=O)NCCCC[C@@H]1C(=O)Nc2ccccc2N1Cc1ccc(C(=O)NO)cc1,,5.94,5.94,5.949402202420589,5.913782956058846,-0.009402202420588424,0.02621704394115465
CHEMBL2333340,O=C(NO)c1ccc(C(=O)NCCc2ccccc2)cc1,,5.94,5.94,5.969999821649687,6.023190885138403,-0.029999821649686176,-0.08319088513840267
CHEMBL4470654,O=C(NO)c1ccc(Cn2c(=O)n(CCc3ccccc3)c(=O)c3cc(F)ccc32)cc1,,5.94,5.94,6.113976708298258,6.125605975876744,-0.17397670829825795,-0.18560597587674366
CHEMBL326433,O=C(CCCCCCCS)Nc1ccccc1,,5.95,5.95,6.011600028432116,6.000197260901667,-0.06160002843211565,-0.05019726090166721
CHEMBL5187984,C#CCN(C)CCCOc1cc(NC(=O)CCCCCCCC(=O)NO)ccc1Cl,,5.95,5.95,5.956423243636223,5.787079524531812,-0.006423243636223042,0.1629204754681881
CHEMBL4291290,C[C@@]12CSC(=N1)c1csc(n1)CNC(=O)C[C@@H](/C=C/CCS)OC(=O)[C@H](CCCCNC(=O)O[C@@H]1CC/C=C/CCC1)NC2=O,,5.95,5.95,5.94353061975552,6.150144937682251,0.006469380244480405,-0.20014493768225083
CHEMBL4210907,COc1cccc(C(=O)c2ccc3c(ccn3Cc3ccc(C(=O)NO)cc3)c2)c1,,5.95,5.95,6.01237527708264,6.0728783271039966,-0.06237527708263979,-0.12287832710399638
CHEMBL4457853,S=C1Sc2cc(Br)ccc2C2=NCCCN12,,5.96,5.96,6.067864748709006,6.203378621070835,-0.10786474870900609,-0.24337862107083463
CHEMBL3694291,Cc1ccc(-c2ccnc(NC3CCc4ccc(C(=O)NO)cc4C3)n2)c(F)c1,,5.96,5.96,6.065748945826618,6.11792242491479,-0.10574894582661809,-0.1579224249147897
CHEMBL4794290,O=C(NO)c1ccc(CNC(=O)c2ccc(-c3csc(N4N=C(c5ccccc5)/C(=N/Nc5nccs5)C4=O)n3)cc2)cc1,,5.96,5.96,6.066689827213695,6.394265466368172,-0.10668982721369513,-0.4342654663681724
CHEMBL4104247,O=C(NO)c1ccc(CN2c3ccccc3S(=O)(=O)C[C@H]3CCCC[C@H]32)cc1,,5.96,5.96,5.636072745257591,5.549950721634948,0.3239272547424088,0.4100492783650518
CHEMBL5899207,CC(C)c1ccc(-c2cc3ccc(C(=O)NO)cc3s2)cc1,,5.96,5.96,6.16396270398062,6.474983596335067,-0.20396270398062022,-0.5149835963350666
CHEMBL4557665,O=C(NO)c1ccc(CN2c3ccccc3CCC[C@@H]3CCCC[C@H]32)cc1,,5.96,5.96,5.542066232949977,5.455082433420072,0.41793376705002316,0.5049175665799277
CHEMBL5291493,Cc1c(NC(=O)CN2C(=O)S/C(=C\c3ccc(Br)cc3)C2=O)c(=O)n(-c2ccccc2)n1C,,5.96,5.96,6.069955022615849,6.093899611581437,-0.109955022615849,-0.1338996115814366
CHEMBL6165790,O=C(CCCCCCC(=O)NC[C@H]1CN(c2ccc(N3CCOCC3)c(F)c2)C(=O)O1)NO,,5.96,5.96,6.0914201867963635,6.181349813824578,-0.13142018679636358,-0.2213498138245784
CHEMBL6013392,O=C(COc1cc(-c2noc(C(F)(F)F)n2)ccn1)N1CCOCC1,,5.96,5.96,5.766131765460662,5.652269191558784,0.19386823453933832,0.3077308084412156
CHEMBL491490,O=C(/C=C/c1ccc2c(c1)nc(CCc1ccccc1)n2CCCN1CCOCC1)NO,,5.96,5.96,6.338397973285737,6.506633515744135,-0.378397973285737,-0.5466335157441353
CHEMBL4647479,CN(C)S(=O)(=O)c1ccc(NCCCCCCC(=O)NO)c2nonc12,,5.96,5.96,6.026842535830612,6.166480034606451,-0.06684253583061217,-0.20648003460645104
CHEMBL5594937,CCN(CC)Cc1ccc(Cn2c3c(c4ccccc42)CN(C(=O)NCc2ccc(C(=O)NO)cc2)CC3)cc1,,5.96,5.96,5.827299461809568,5.738147480303114,0.1327005381904316,0.22185251969688569
CHEMBL5174162,O=C(CCCCC/C=C/c1csc(Br)n1)NO,,5.96,5.96,6.105070234120839,6.14906154584364,-0.14507023412083875,-0.1890615458436402
CHEMBL4435005,O=C(Cc1ccccc1)Nc1ccc(C(=O)NO)nc1,,5.96,5.96,5.859763276253308,5.884159059921067,0.10023672374669168,0.07584094007893327
CHEMBL4874942,COc1ccc(/C=C\c2cc(OC)c(OC)c(OC)c2)cc1/C=C/C(=O)Nc1ccccc1N,,5.96,5.96,5.964629724947774,5.474460068794281,-0.00462972494777425,0.4855399312057189
CHEMBL5751790,O=C(Cc1[nH]nc2ccccc12)N(Cc1ccc(-c2noc(C(F)(F)F)n2)cn1)c1cccc(F)c1,,5.96,5.96,5.84075297610204,5.67228112609288,0.11924702389795971,0.2877188739071199
CHEMBL4855490,COc1ccc(C(=O)NO)cc1NC(=O)c1ccc(-c2ccccc2)cc1Cl,,5.96,5.96,6.43631650220193,6.678803861850012,-0.47631650220193045,-0.7188038618500121
CHEMBL4299468,CC[C@@H]1OC(=O)[C@H](C)[C@@H](O[C@H]2C[C@@](C)(OC)[C@](O)(CN(C)C)[C@H](C)O2)[C@@H](C)[C@@H](O[C@@H]2O[C@H](C)C[C@H](N(C)Cc3ccc(-c4cn(CCCCCC(=O)NO)nn4)cc3)[C@H]2O)[C@](C)(O)C[C@@H](C)CN(C)[C@H](C)[C@@H](O)[C@]1(C)O,,5.96,5.96,5.792826050646916,5.904245237029244,0.16717394935308416,0.05575476297075621
CHEMBL5560793,CN1CCN(CC2CCc3c(c4cc(F)ccc4n3Cc3ccc(C(=O)NO)cc3)C2=O)CC1,,5.97,5.97,5.991517566058429,6.009093993318307,-0.021517566058428805,-0.039093993318306985
CHEMBL4438057,O=C(NO)c1ccc(Cn2c(=O)n(CCc3ccccc3)c(=O)c3cccnc32)cc1,,5.97,5.97,6.052968226576331,6.088192573086064,-0.08296822657633118,-0.11819257308606446
CHEMBL4871275,CC12CC3CC(C)(C1)CC(NC(=O)CCCCCCCC(=O)NO)(C3)C2,,5.97,5.97,5.873461435950137,5.805714622067626,0.09653856404986261,0.16428537793237386
CHEMBL4561073,Nc1cc(F)ccc1NC(=O)c1ccc(CNC(=O)/C=C2\NC(=O)c3ccccc32)cc1,,5.97,5.97,5.976746006482069,5.584181720870909,-0.0067460064820696886,0.38581827912909095
CHEMBL4642616,O=C(CCCCCCCC(=O)NCCCN1c2ccccc2CCc2ccc(Cl)cc21)NO,,5.97,5.97,6.030089014903819,6.047853275336117,-0.06008901490381913,-0.07785327533611763
CHEMBL3415963,Nc1nc2ncc(CNc3ccc(C(=O)NCCCCCCC(=O)NO)cc3)nc2c(=O)[nH]1,,5.97,5.97,5.56833946651771,5.351890099591666,0.40166053348229,0.6181099004083341
CHEMBL1822050,CC(C)CCc1c(OCCCCCCC(=O)NO)ccc2c1OC(=O)CC2,,5.97,5.97,6.074059112210845,6.279313194221147,-0.1040591122108454,-0.3093131942211471
CHEMBL4847663,NC(=O)c1ccc2c(c1)CCCCN2Cc1ccc(C(=O)NO)cc1,,5.97,5.97,5.863688509213905,5.862904737992113,0.10631149078609514,0.10709526200788666
CHEMBL3799183,O=C(NO)c1ccc(Cl)c(NC(=O)c2ccc(Oc3ccccc3)cc2)c1,,5.97,5.97,6.108440963525135,6.321500783912353,-0.13844096352513535,-0.3515007839123534
CHEMBL2425953,Cc1nc2cccc(/C=C/C(=O)NO)c2c(=O)n1-c1ccccc1,,5.97,5.97,6.073306329122021,6.169829506309014,-0.10330632912202109,-0.19982950630901453
CHEMBL2312164,Cc1cccc(C(=O)NOCCCCCC(=O)NO)c1,,5.98,5.98,5.8653619279787605,5.821666098797984,0.11463807202123988,0.15833390120201685
CHEMBL2386912,CC[C@@]1(O)C(=O)OCc2c1cc1n(c2=O)Cc2cc3cc(OCc4cn(CCCCCCC(=O)NO)nn4)ccc3nc2-1,,5.98,5.98,5.944991078973176,5.826248506174192,0.03500892102682407,0.15375149382580844
CHEMBL3774993,CN(c1ccc(OCCCCCC(=O)NO)cc1)c1ncnc2ccccc12,,5.98,5.98,5.942817901073074,5.925221268881389,0.0371820989269267,0.054778731118611645
CHEMBL4639383,CC(C)(C)c1cccc(NC(=O)c2ccc(C(=O)NO)cc2)c1,,5.98,5.98,6.389026708451226,6.668227202162063,-0.4090267084512256,-0.6882272021620626
CHEMBL4453971,O=C(NO)c1ccc(Cn2c(=O)n(CCc3ccc(F)cc3)c(=O)c3ccccc32)cc1,,5.98,5.98,6.177760329148125,6.197170832662412,-0.19776032914812447,-0.21717083266241133
CHEMBL4872337,CC12CC3CC(C)(C1)CC(NCc1ccc(/C=C/C(=O)NO)cc1)(C3)C2,,5.99,5.99,5.806426644942008,5.539018473847264,0.18357335505799188,0.4509815261527361
CHEMBL504040,CC[C@H]1OC(=O)[C@H](C)[C@@H](O)[C@H](C)[C@@H](O[C@@H]2O[C@H](C)C[C@H](N(C)Cc3ccc(-c4cn(CCCCCCC(=O)NO)nn4)cc3)[C@H]2O)[C@](C)(O)C[C@@H](C)CN(C)[C@H](C)[C@@H](O)[C@]1(C)O,,5.99,5.99,5.668404898102548,5.688820385269802,0.32159510189745255,0.3011796147301986
CHEMBL3585983,O=C(CCCCCCc1nc(-c2ccc(C(F)(F)F)cc2)no1)C(F)(F)F,,5.99,5.99,5.694511234944217,5.483137540809224,0.2954887650557829,0.506862459190776
CHEMBL4085740,O=C(NO)c1ccc(Cl)c(OCc2ccc(Cl)cc2)c1,,5.99,5.99,5.968694860928546,5.914743303547245,0.021305139071453816,0.07525669645275546
CHEMBL5186622,CNc1nc(Cl)nc2c1ncn2Cc1ccc(C(=O)Nc2ccccc2N)cc1,,5.99,5.99,5.667898172399065,5.468532673272332,0.3221018276009353,0.5214673267276684
CHEMBL2333341,O=C(NO)c1ccc(C(=O)NCc2ccccc2)cc1,,5.99,5.99,6.1209964393550145,6.081283080460016,-0.13099643935501426,-0.09128308046001621
CHEMBL5911830,FC(COc1cc(-c2noc(C(F)(F)F)n2)ccn1)CN1CCOCC1,,6.0,6.0,5.799066048520896,5.591117737916519,0.20093395147910442,0.40888226208348133
CHEMBL4437805,S=C1Sc2ccc(I)cc2C2=NCCCN12,,6.0,6.0,6.1147415067280555,6.283201274875354,-0.1147415067280555,-0.2832012748753536
CHEMBL4854752,O=C(NO)c1ccc(CN2C(=O)CN(Cc3ccc(Cl)cc3)C2=O)cc1,,6.0,6.0,6.002300434837144,5.961765473128505,-0.0023004348371440386,0.03823452687149498
CHEMBL4462619,S=C1Sc2cc(Br)ccc2C2=NCCN12,,6.0,6.0,5.9698882406897695,5.989067285003458,0.030111759310230468,0.010932714996542359
CHEMBL5901171,CC(C)(C)c1ccc(-c2nc3cc(C(=O)NO)ccc3o2)cc1,,6.0,6.0,6.063415546316894,6.332979934711908,-0.06341554631689394,-0.3329799347119078
CHEMBL5401106,O=C(/C=C/c1ccc(NC(=O)Cc2ccc3ccccc3c2)cn1)NO,,6.0,6.0,6.029612404395092,6.048370776858327,-0.02961240439509183,-0.04837077685832725
CHEMBL4862563,O=C(NO)c1cc(F)c(Cn2nnnc2-c2cccs2)c(F)c1,,6.0,6.0,6.081367742308554,6.020074121009732,-0.08136774230855437,-0.02007412100973216
CHEMBL489124,O=C(/C=C/c1ccc2c(c1)nc(CCc1ccccc1)n2CCc1ccccc1)NO,,6.0,6.0,6.3820179806362205,6.404833478731021,-0.3820179806362205,-0.40483347873102105
CHEMBL3694309,O=C(/C=C/c1cccnc1)NC1CCc2ccc(C(=O)NO)cc2C1,,6.0,6.0,6.103455717989032,6.242692229536633,-0.10345571798903208,-0.24269222953663316
CHEMBL569674,CC(=O)NCCCC[C@@H]1NC(=O)C[C@H](CC(C)C)NC(=O)[C@H](Cc2cccc3ccccc23)NC(=O)[C@H](CCCCCC(=O)O)NC1=O,,6.0,6.0,6.162223285478218,6.219743314416881,-0.16222328547821796,-0.21974331441688122
CHEMBL97860,O=C(CCCc1ccc(NS(=O)(=O)c2ccccc2)cc1)NO,,6.0,6.0,5.971631374387867,5.859972301622403,0.028368625612133158,0.14002769837759743
CHEMBL1229862,C=Cc1cccc[n+]1C,,6.0,6.0,5.460517297357006,5.257864820377412,0.539482702642994,0.7421351796225881
CHEMBL2235666,O=C(NO)c1ccc(CCCc2ccccc2)cc1,,6.0,6.0,5.958608390673286,5.918287448195702,0.041391609326714374,0.08171255180429782
CHEMBL6078567,Cn1c(/C=C/C(=O)NO)ccc1/C=C/C(=O)c1cccs1,,6.0,6.0,5.8306401793164575,5.766245995945347,0.1693598206835425,0.23375400405465285
CHEMBL3883830,Cc1ccc(-c2cc(C(F)(F)F)nn2-c2ccc(S(=O)(=O)NCCCCCCCC(=O)NO)cc2)cc1,,6.0,6.0,6.355623915877098,6.4644511166998875,-0.3556239158770982,-0.4644511166998875
CHEMBL5752483,COCc1cc(=O)n(Cc2ccc(-c3noc(C(F)(F)F)n3)cn2)c2ccccc12,,6.0,6.0,5.74375015111972,5.748610934794512,0.25624984888028024,0.25138906520548776
CHEMBL6008456,CN(C)C(=O)c1cccc(NCc2ccc(-c3noc(C(F)(F)F)n3)cn2)c1,,6.0,6.0,5.809120600256376,5.681137375661576,0.19087939974362378,0.31886262433842383
CHEMBL6150030,CS(=O)(=O)Nc1ccc(-c2ccnc(Nc3ccc(N4CCN(CC(=O)Nc5ccc(C(=O)NO)cc5)CC4)cc3)n2)cc1,,6.0,6.0,6.042414052236428,6.319337595601202,-0.04241405223642758,-0.3193375956012021
CHEMBL506834,CC[C@H]1OC(=O)[C@H](C)[C@@H](O[C@H]2C[C@@](C)(OC)[C@@H](O)[C@H](C)O2)[C@H](C)[C@@H](O[C@@H]2O[C@H](C)C[C@H](N(C)Cc3ccc(-c4cn(CCCCCCC(=O)NO)nn4)cc3)[C@H]2O)[C@](C)(O)C[C@@H](C)CN(C)[C@H](C)[C@@H](O)[C@]1(C)O,,6.0,6.0,5.769630948737731,5.803634258120448,0.2303690512622687,0.1963657418795517
CHEMBL5977824,Cc1noc([C@@H]2CCCCN2c2ccc(-c3noc(C(F)(F)F)n3)cn2)n1,,6.0,6.0,5.707994996023855,5.653048753327174,0.29200500397614526,0.34695124667282595
CHEMBL5171850,CCCNNC(=O)c1cnc(NCc2ccccc2)nc1,,6.0,6.0,6.350594414353902,6.483669650086362,-0.3505944143539024,-0.4836696500863624
CHEMBL5765615,Cc1noc(CC(=O)N(Cc2ccc(-c3noc(C(F)(F)F)n3)cn2)c2cccc(F)c2)n1,,6.0,6.0,5.59115785594784,5.588619028519397,0.40884214405216035,0.41138097148060293
CHEMBL3694301,COc1ccc(-c2ccnc(NC3CCc4ccc(C(=O)NO)cc4C3)n2)cn1,,6.0,6.0,6.211079440775651,6.352277988379827,-0.21107944077565133,-0.3522779883798268
CHEMBL1836042,CCCC[C@H]1NC(=O)C[C@@H](/C=C/CCS)OC(=O)C[C@H](O)[C@@H]([C@@H](C)CC)NC(=O)[C@@H](CS)NC1=O,,6.0,6.0,5.740672782746987,5.445203544605753,0.2593272172530128,0.5547964553942473
CHEMBL4761127,O=C(NO)c1ccc(CN(C(=O)c2c(F)c(F)c(F)c(F)c2F)C2CC2)cc1,,6.01,6.01,6.323134441771179,6.551754449345908,-0.31313444177117944,-0.5417544493459081
CHEMBL5426896,O=C(Cc1ccc2ccccc2c1)Nc1ccc(C(=O)NO)nc1,,6.01,6.01,5.886844939951924,5.942495982625294,0.12315506004807553,0.06750401737470568
CHEMBL4299426,CC[C@H]1OC(=O)[C@H](C)[C@@H](O[C@@H]2C[C@](C)(OC)[C@@](O)(CN(C)Cc3ccc(-c4cn(CCCCCC(=O)NO)nn4)cc3)[C@@H](C)O2)[C@@H](C)[C@@H](O[C@H]2O[C@@H](C)C[C@@H](N(C)C)[C@@H]2O)[C@](C)(OC)C[C@@H](C)C(=O)[C@H](C)[C@H](O)[C@]1(C)O,,6.01,6.01,5.693194794151931,5.597407250262809,0.3168052058480688,0.4125927497371906
CHEMBL3694329,O=C(NO)c1ccc2c(c1)CC(NS(=O)(=O)c1cccc(Cl)c1)CN2,,6.01,6.01,5.949482228976475,5.943847443224806,0.06051777102352496,0.06615255677519372
CHEMBL4299406,CC[C@H]1OC(=O)[C@H](C)[C@@H](O[C@@H]2C[C@](C)(OC)[C@H](O)[C@@H](C)O2)[C@@H](C)[C@@H](O[C@H]2O[C@@H](C)C[C@@H](N(C)Cc3ccc(-c4cn(CCCC(=O)NO)nn4)cc3)[C@@H]2O)[C@](C)(OC)C[C@@H](C)C(=O)[C@H](C)[C@H](O)[C@]1(C)O,,6.01,6.01,5.629846003176839,5.560175762169448,0.38015399682316087,0.44982423783055214
CHEMBL5929198,FC(F)(F)c1nc(-c2ccnc(OCc3nc4ccccc4[nH]3)c2)no1,,6.01,6.01,5.9621839027983246,5.854125489630507,0.047816097201675234,0.15587451036949318
CHEMBL4634798,O=C(CCCCCNC(=O)c1ccc(NC(=O)NC(C(=O)Nc2cccc(C(F)(F)F)c2)c2ccccc2)cc1)NO,,6.01,6.01,6.008653321444475,6.056971700831061,0.0013466785555245053,-0.046971700831060836
CHEMBL3260857,C[C@@H](NC(=O)c1cccc(=S)n1O)C(=O)O,,6.01,6.01,5.950434723658966,5.6667246555928,0.0595652763410337,0.34327534440719987
CHEMBL1630118,O=C(NO)c1ccc(-c2ccc3ncnc(Nc4ccc(OCc5cccc(F)c5)c(Cl)c4)c3c2)s1,,6.01,6.01,5.716847210994539,5.3284004656046715,0.29315278900546105,0.6815995343953283
CHEMBL5397410,Cn1cc[n+](C)c1Cl,,6.01,6.01,5.654995290729538,5.204985751520723,0.355004709270462,0.805014248479277
CHEMBL4448410,O=C(NO)c1ccc(Cn2nnnc2-c2cccs2)cc1,,6.01,6.01,6.001741883436516,6.008635937840241,0.008258116563483853,0.0013640621597588165
CHEMBL5188463,O=C(/C=C/C1CCN(Cc2ccc(Cl)cc2)CC1)NO,,6.02,6.02,6.087999157831657,6.171415739176303,-0.06799915783165744,-0.15141573917630335
CHEMBL5884187,FC(F)(F)c1nc(-c2ccc(CNc3cncnc3)nc2)no1,,6.02,6.02,5.813271702048875,5.749858833618981,0.20672829795112424,0.2701411663810189
CHEMBL5785325,FC(F)(F)c1nc(-c2ccc(CNc3ccc4nccn4c3)nc2)no1,,6.02,6.02,5.9988989665459265,5.8524475719952225,0.021101033454073104,0.1675524280047771
CHEMBL4792281,COc1ccc(C(=O)NO)cc1NCc1ccc(OCCCCC(=O)Nc2ccc3c(c2)cc(C)c(=O)n3C)cc1,,6.02,6.02,6.02452663552962,6.404996694675576,-0.004526635529620293,-0.38499669467557673
CHEMBL4210933,O=C(CCN1CCc2ccccc2C1c1ccccc1)NO,,6.02,6.02,6.4719261820940215,6.700870428393594,-0.4519261820940219,-0.680870428393594
CHEMBL3394285,O=C(/C=C/c1ccc(C(F)(F)F)cc1)NO,,6.02,6.02,6.097294758194094,6.306681806893078,-0.07729475819409437,-0.2866818068930783
CHEMBL1833988,CC(C)(C)OC(=O)NCCCC(=O)N1CC2(C[C@H]1C(=O)NCCCCCC(=O)NO)SCCS2,,6.02,6.02,6.032575845811785,6.08298982867374,-0.012575845811785058,-0.06298982867374026
CHEMBL5196817,CCCCNc1nc(Cl)nc2c1ncn2Cc1ccc(C(=O)Nc2ccccc2N)cc1,,6.02,6.02,5.726947518993364,5.422435683536047,0.2930524810066357,0.5975643164639521
CHEMBL5418060,CCC(C(=O)Nc1ccc(C(=O)NO)nc1)c1ccccc1,,6.02,6.02,6.119276334331772,6.165097376200748,-0.09927633433177263,-0.14509737620074858
CHEMBL6151060,O=C(NO)c1ccc(CNC[C@H]2CN(c3ccc(N4CCOCC4)c(F)c3)C(=O)O2)cc1,,6.03,6.03,6.114105972502199,6.268348548280786,-0.08410597250219887,-0.23834854828078544
CHEMBL3694321,O=C(NO)c1cc2c(cc1F)CCC(NS(=O)(=O)c1cccc(Cl)c1)C2,,6.03,6.03,6.091070425872861,6.099792706331287,-0.06107042587286049,-0.06979270633128642
CHEMBL1162969,CN(c1ccccc1)S(=O)(=O)c1cccc(/C=C/C(=O)NO)c1,,6.03,6.03,6.336477793051872,6.592293115834668,-0.3064777930518714,-0.5622931158346676
CHEMBL6132771,Cn1c(/C=C/C(=O)NO)ccc1/C=C/C(=O)c1cccnc1,,6.03,6.03,5.843796224352508,5.739574895404022,0.1862037756474919,0.29042510459597803
CHEMBL3694285,O=C(NO)c1ccc2c(c1)CC(Nc1ccc([N+](=O)[O-])cn1)CC2,,6.03,6.03,6.050810439577184,6.035452026022167,-0.020810439577183537,-0.005452026022166656
CHEMBL5201275,Cn1cc(CN2CCC(/C=C/C(=O)NO)CC2)c2ccccc21,,6.04,6.04,6.086825527486054,6.147728033564776,-0.046825527486054064,-0.10772803356477567
CHEMBL4789481,Cc1cc2cc(NS(=O)(=O)c3ccc(C(=O)NO)cc3)ccc2n(C)c1=O,,6.04,6.04,6.256327418454402,6.6498392932744625,-0.2163274184544024,-0.6098392932744625
CHEMBL4788731,O=C(NO)c1ccc(NC(=O)c2ccc(N3CCOCC3)cc2)cc1,,6.04,6.04,6.353675990031333,6.739887755604196,-0.3136759900313333,-0.6998877556041956
CHEMBL4210091,O=C(NO)c1cccc(S(=O)(=O)N[C@H](C(=O)Nc2ccccc2)c2ccccc2)c1,,6.04,6.04,5.657182578860006,5.2850597588037385,0.3828174211399942,0.7549402411962616
CHEMBL4447715,O=C(NO)c1ccc(CNC(=O)c2ccc(Cl)c(Cl)c2)cc1,,6.04,6.04,6.07400689123774,6.137874687569331,-0.034006891237740255,-0.09787468756933126
CHEMBL3526395,C[C@@]12Nc3ccccc3[C@]1(O)CCN2Cc1ccc(/C=C/C(=O)NO)cc1,,6.04,6.04,6.129733418602942,6.232791591962631,-0.08973341860294237,-0.19279159196263063
CHEMBL3356934,O=C(CCCCCCS)NCc1cccc(OCc2ccccc2)c1,,6.04,6.04,5.933456699866479,5.668361309969399,0.10654330013352098,0.37163869003060146
CHEMBL5960457,O=C1CCC(c2ccccc2)N1c1ccc(-c2noc(C(F)(F)F)n2)cc1,,6.04,6.04,5.739075482087522,5.71009072240491,0.30092451791247843,0.3299092775950898
CHEMBL4531108,O=C(NO)c1ccc(Cn2c3c(c4cc(F)ccc42)CS(=O)(=O)CC3)cc1,,6.05,6.05,5.791164537236018,5.761540693700244,0.25883546276398217,0.2884593062997558
CHEMBL5885520,CC(Oc1cc(-c2noc(C(F)(F)F)n2)ccn1)c1nc2ccccc2[nH]1,,6.05,6.05,6.080391810456453,5.827799583736035,-0.030391810456452895,0.22220041626396458
CHEMBL319248,O=C(Cc1ccc(NS(=O)(=O)c2ccccc2)cc1)NO,,6.05,6.05,6.059605456786864,6.1327750537477534,-0.009605456786863975,-0.08277505374775362
CHEMBL5908253,Cc1ccncc1COc1ccc(-c2noc(C(F)(F)F)n2)cn1,,6.05,6.05,5.822508866789853,5.636751942941089,0.22749113321014658,0.41324805705891077
CHEMBL5958970,FC(F)(F)c1nc(-c2ccc(CNc3cnccn3)nc2)no1,,6.05,6.05,5.73120552342518,5.691610104098295,0.3187944765748201,0.35838989590170467
CHEMBL2425966,CCc1nc2cc(/C=C/C(=O)NO)ccc2c(=O)n1CCc1ccc(F)cc1,,6.05,6.05,6.010458995818016,5.865651764625398,0.039541004181983475,0.18434823537460154
CHEMBL5963705,FC(F)(F)c1nc(-c2ccc(CNc3cnsc3)nc2)no1,,6.05,6.05,5.853162905836394,5.75657866879367,0.19683709416360617,0.2934213312063294
CHEMBL5425559,CC(C)C(C(=O)Nc1ccc(C(=O)NO)nc1)c1ccccc1,,6.05,6.05,6.015315098256219,5.992872228111646,0.03468490174378047,0.05712777188835361
CHEMBL3694302,O=C(NO)c1ccc2c(c1)CC(Nc1nccc(-c3ccc(Cl)nc3)n1)CC2,,6.05,6.05,6.048192950964548,6.047269139012107,0.0018070490354515911,0.0027308609878931023
CHEMBL5761331,CCCCNNC(=O)c1ccc(CN=[N+]=[N-])cc1,,6.05,6.05,5.933446584212842,5.859023383805228,0.11655341578715817,0.1909766161947717
CHEMBL3645373,O=C(/C=C/c1ccc2c(c1)nc(-c1ccncc1)n2CCO)NO,,6.05,6.05,6.444229400882327,6.666992796843079,-0.3942294008823275,-0.6169927968430793
CHEMBL2431912,Cn1cccc1C(=O)N1CCCc2cc(C(=O)NO)ccc2C1,,6.05,6.05,5.93349131833892,5.777634095136453,0.11650868166108008,0.2723659048635465
CHEMBL5795185,OCc1ccnc(NCc2ccc(-c3noc(C(F)(F)F)n3)cn2)c1,,6.06,6.06,5.968029610495448,6.0594845992004025,0.09197038950455205,0.0005154007995971099
CHEMBL4299380,CC[C@@H]1OC(=O)[C@@H](C)[C@H](O[C@H]2C[C@@](C)(OC)[C@@H](O)[C@H](C)O2)[C@H](C)[C@H](O[C@@H]2O[C@H](C)C[C@H](N(C)Cc3ccc(-c4cn(CCCCC(=O)NO)nn4)cc3)[C@H]2O)[C@@](C)(OC)C[C@H](C)C(=O)[C@@H](C)[C@@H](O)[C@@]1(C)O,,6.06,6.06,5.645074427029801,5.580757521558219,0.4149255729701986,0.4792424784417806
CHEMBL4647028,O=C(/C=C/c1ccc(S(=O)(=O)NCCCN2c3ccccc3CCc3ccc(Cl)cc32)cc1)NO,,6.06,6.06,6.002242014540179,5.98283593813744,0.057757985459820915,0.07716406186255931
CHEMBL5868231,Cn1nccc1CCOc1cc(-c2noc(C(F)(F)F)n2)ccn1,,6.06,6.06,5.72661081737923,5.6456237960003675,0.33338918262076955,0.41437620399963215
CHEMBL5934335,O=C(NO)c1ccc2oc(-c3ccccc3Cl)nc2c1,,6.06,6.06,6.015547503794636,6.076241071095277,0.04445249620536362,-0.01624107109527717
CHEMBL3110001,O=C(NO)[C@@H]1[C@H](c2ccccc2)[C@H]1c1ccc2nccnc2c1,,6.06,6.06,5.85321917794791,5.978025653591844,0.2067808220520897,0.08197434640815526
CHEMBL569446,CC(C)C[C@H]1CC(=O)NC(C)(C)C(=O)N[C@@H](CCCCCC(=O)O)C(=O)N[C@@H](Cc2cccc3ccccc23)C(=O)N1,,6.06,6.06,5.981153249377348,5.8559133322920385,0.07884675062265156,0.20408666770796113
CHEMBL5639390,Cn1c([C@@H](Cc2ccccc2)NCc2ccccc2)nc2cc(C(=O)NO)ccc21,,6.06,6.06,6.268746125566067,6.427033863010829,-0.20874612556606742,-0.3670338630108292
CHEMBL4278715,COc1cc(-c2nc(NCc3ccc(C(=O)NO)cc3)cc3c2[nH]c2ccccc23)cc(OC)c1OC,,6.06,6.06,6.161296603566198,6.648324327510499,-0.1012966035661984,-0.5883243275104997
CHEMBL6046805,FC(F)(F)c1nc(-c2ccnc(OC3CCCc4ccc(Cl)nc43)c2)no1,,6.07,6.07,5.897855297377999,5.672616159915219,0.17214470262200088,0.3973838400847809
CHEMBL3415625,O=C(NO)c1ccc(NC2CCN(c3ccc(Cl)cc3)C2)cc1,,6.07,6.07,6.276395929697976,6.53532103214063,-0.20639592969797604,-0.46532103214063003
CHEMBL3421749,COc1ccc(-c2noc(CNCc3ccc(C(=O)NO)cc3)n2)cc1,,6.07,6.07,6.303599639360868,6.35982579059061,-0.23359963936086814,-0.2898257905906094
CHEMBL5591335,CN1C(=O)CNC(=O)/C1=C/c1ccc(C(=O)NCCCNC(=O)c2ccc(C(=O)NO)cc2)cc1,,6.07,6.07,6.310505400544919,6.585203981088549,-0.24050540054491876,-0.5152039810885487
CHEMBL3694312,O=C(NO)c1ccc2c(c1)CC(NS(=O)(=O)c1ccc(Cl)cc1)CC2,,6.07,6.07,6.281944853796503,6.28070201184643,-0.21194485379650274,-0.21070201184643
CHEMBL5087501,O=C(NO)c1ccc(CN(Cc2ccc(F)cc2)S(=O)(=O)c2cc(F)c(F)c(F)c2F)cc1,,6.07,6.07,6.433420705047566,6.6908767370908215,-0.36342070504756574,-0.6208767370908213
CHEMBL4462263,O=C(NO)c1ccc(Cn2c(=O)n(CCc3ccc(O)cc3)c(=O)c3ccccc32)cc1,,6.07,6.07,6.074195675228223,6.037663333544289,-0.004195675228222839,0.03233666645571098
CHEMBL4869895,COc1ccc(C(=O)NO)cc1NCc1cccc2c1oc1ccccc12,,6.07,6.07,6.442895886856053,6.759740138211302,-0.37289588685605235,-0.6897401382113015
CHEMBL2018302,CN1CCc2c(c3ccccc3n2Cc2ccc(C(=O)NO)cc2)C1,,6.071613,6.071613,5.8144578911351035,5.665417285090907,0.2571551088648967,0.4061957149090931
CHEMBL2312167,Cc1ccc(C(=O)NOCCCCCC(=O)NO)cc1C,,6.08,6.08,6.0139241365853575,5.954785128616419,0.06607586341464255,0.125214871383581
CHEMBL3109980,O=C(NO)[C@@H]1[C@H](c2ccccc2)[C@H]1c1cc(Cl)c2c(c1)OCCO2,,6.08,6.08,5.890169781823374,5.818531243267854,0.18983021817662582,0.2614687567321461
CHEMBL3800299,O=C(NO)c1cccc(NC2CCCCC2)c1,,6.08,6.08,6.279283420310405,6.407308704764672,-0.19928342031040458,-0.3273087047646719
CHEMBL1213492,CCN(CC)Cc1ccc2cc(COC(=O)Nc3ccc(C(=O)NO)cc3)ccc2c1,,6.08,6.08,6.1504179640991525,6.139222632914793,-0.07041796409915246,-0.05922263291479268
CHEMBL4471710,O=C(CCCCCCn1cc(Nc2ncc(Cl)c(Nc3cccc(Cl)c3)n2)cn1)NO,,6.08,6.08,6.00279023398031,6.047256625537186,0.0772097660196902,0.0327433744628145
CHEMBL5779364,OCC1CC(c2ccccc2)N(c2ccc(-c3noc(C(F)(F)F)n3)cn2)C1,,6.08,6.08,5.925635174943617,5.663255161476064,0.15436482505638338,0.41674483852393607
CHEMBL4579494,FC(F)(F)c1ccc2c(c1)C1=NCCCN1C(=S)S2,,6.08,6.08,5.961841301106082,5.855499697510474,0.11815869889391806,0.2245003024895258
CHEMBL5076794,COc1ccc2c(c1)c(CCNC(C)=O)cn2Cc1ccc(C(=O)NO)cc1,,6.08,6.08,6.104161938852659,6.163784847137439,-0.02416193885265905,-0.08378484713743894
CHEMBL5561230,CN1CCN(c2ccc(C(=O)Nc3ccc(F)cc3N)cc2)CC1,,6.08,6.08,5.966819678477751,5.859130517760294,0.11318032152224866,0.22086948223970637
CHEMBL4851084,CC12CC3CC(C)(C1)CC(NC(=O)CCCCCCC(=O)NO)(C3)C2,,6.08,6.08,5.8994900582756,5.824914472949404,0.1805099417244005,0.2550855270505963
CHEMBL5425203,COc1cc2c(cc1OC)C(=O)C(CC1CCN(Cc3ccc(NC(=O)CCCCCCC(=O)NO)cc3)CC1)C2,,6.08,6.08,6.074762251137196,6.156344097282625,0.005237748862803926,-0.07634409728262526
CHEMBL3694334,O=C(NO)c1ccc2c(c1)CC(Nc1nccc(-c3cccnc3)n1)CO2,,6.08,6.08,6.270267923957675,6.355029423671176,-0.19026792395767522,-0.27502942367117633
CHEMBL4299488,CC[C@H]1OC(=O)[C@@H](C)[C@H](O[C@H]2C[C@@](C)(OC)[C@](O)(CN(C)Cc3ccc(-c4cn(CCCCCCC(=O)NO)nn4)cc3)[C@H](C)O2)[C@H](C)[C@H](O[C@H]2O[C@@H](C)C[C@@H](N(C)C)[C@@H]2O)[C@@](C)(O)C[C@H](C)CN(C)[C@@H](C)[C@H](O)[C@@]1(C)O,,6.09,6.09,5.830514048864634,5.833754120978533,0.25948595113536577,0.256245879021467
CHEMBL6149218,O=C(/C=C/c1cccc(S(=O)(=O)NC[C@H]2CN(c3ccc(N4CCOCC4)c(F)c3)C(=O)O2)c1)NO,,6.09,6.09,6.083952011045301,6.132661048550236,0.006047988954699157,-0.04266104855023656
CHEMBL4213856,COc1ccc(C(=O)c2ccc3c(ccn3S(=O)(=O)c3cccc(/C=C/C(=O)NO)c3)c2)cc1,,6.09,6.09,5.91050636354888,5.854316542993579,0.17949363645112015,0.23568345700642102
CHEMBL5594999,CN1C(=O)CNC(=O)/C1=C/c1ccc(C(=O)Nc2ccc(C(=O)NO)cc2)cc1,,6.09,6.09,6.325408327299126,6.903025847277261,-0.23540832729912609,-0.8130258472772613
CHEMBL4869000,CCC(=O)CCCCC[C@@H]1NC(=O)[C@H]2CC23CCN(CCCOCCCn2ccc4cc(ccc4c2=O)-c2cnc1[nH]2)CC3,,6.09,6.09,5.895964300113263,5.527471684061139,0.19403569988673652,0.5625283159388612
CHEMBL4576202,CC(C)C[C@H](NC(=O)CNC(=O)c1cccc(/C=C/C(=O)NO)c1)B1O[C@@H]2[C@@H]3C[C@H](C[C@]2(C)O1)C3(C)C,,6.09,6.09,6.125644624770835,6.204901584309273,-0.03564462477083552,-0.11490158430927355
CHEMBL4863515,O=C(NO)c1ccc(CN2CCCc3cc(-c4cc[nH]n4)ccc32)cc1,,6.1,6.1,5.937186751606502,5.842850175880785,0.16281324839349764,0.2571498241192147
CHEMBL6016332,O=C(NO)c1ccc2oc(-c3ccc(OC(F)(F)F)cc3)nc2c1,,6.1,6.1,5.96135135038229,5.931074572150763,0.13864864961770973,0.1689254278492367
CHEMBL336935,O=CN(O)CCCCCC(C(=O)Nc1ccc2ncccc2c1)C(=O)Nc1ccc2ncccc2c1,,6.1,6.1,5.885732954960547,5.55451882178768,0.2142670450394526,0.5454811782123192
CHEMBL4464421,CCOC(=O)Nc1cccc(-c2csc(NC(=O)CCCCCC(=O)NO)n2)c1,,6.1,6.1,5.8721971700712565,5.722688609328372,0.22780282992874312,0.3773113906716272
CHEMBL3694288,Cc1ccc(-c2ccnc(NC3CCc4ccc(C(=O)NO)cc4C3)n2)cc1,,6.1,6.1,6.166133230682178,6.1835681957955435,-0.06613323068217802,-0.08356819579554386
CHEMBL5751647,O=C1CCCC(c2ccccc2)N1c1ccc(-c2noc(C(F)(F)F)n2)cc1,,6.1,6.1,5.7614721916708005,5.558060906408331,0.33852780832919915,0.5419390935916688
CHEMBL3648314,COc1cc(-c2nc3cc(/C=C/C(=O)NO)ccc3n2CCCO)ccc1OCc1ccccc1,,6.1,6.1,6.368437542651241,6.659508866879342,-0.26843754265124176,-0.5595088668793426
CHEMBL3694290,CN(C)c1cccc(-c2ccnc(NC3CCc4ccc(C(=O)NO)cc4C3)n2)c1,,6.1,6.1,6.125613209425127,6.113398298406587,-0.025613209425127792,-0.013398298406587017
CHEMBL2337869,Cc1ccc(-c2ccc(Cn3cccc(O)c3=S)cc2)cc1,,6.1,6.1,5.759678424247221,5.5371221725321575,0.3403215757527782,0.5628778274678421
CHEMBL5185697,COc1cc(C(=O)c2csc(-c3ccc(NC(=O)/C=C/C(=O)Nc4ccccc4N)cc3)n2)cc(OC)c1OC,,6.1,6.1,5.522206905819688,4.962698077927927,0.5777930941803113,1.1373019220720728
CHEMBL3621988,Nc1cc(F)ccc1NC(=O)c1ccc(CNC(=O)/C=C/c2cccnc2)cc1,,6.108,6.108,5.910395206508095,5.603429250484773,0.1976047934919043,0.504570749515227
CHEMBL141909,O=CN(O)CCCCCCCC(=O)Nc1ccc2ccccc2c1,,6.11,6.11,5.878971476158759,5.722780655811761,0.23102852384124173,0.38721934418823967
CHEMBL4299428,CC[C@@H]1OC(=O)[C@H](C)[C@@H](O[C@@H]2C[C@](C)(OC)[C@@](O)(CN(C)Cc3ccc(-c4cn(CCCCCC(=O)NO)nn4)cc3)[C@@H](C)O2)[C@@H](C)[C@@H](O[C@@H]2O[C@H](C)C[C@H](N(C)C)[C@H]2O)[C@](C)(O)C[C@@H](C)CN(C)[C@H](C)[C@@H](O)[C@]1(C)O,,6.11,6.11,5.836904868380845,5.757707560941397,0.2730951316191552,0.3522924390586031
CHEMBL2371802,CC[C@H](C)[C@@H]1NC(=O)[C@@H](Cc2ccc(OC)cc2)NC(=O)[C@H](CCCCCC(=O)C(F)(F)C(F)(F)F)NC(=O)[C@H]2CCCN2C1=O,,6.11,6.11,6.253769276620481,6.11843548389178,-0.143769276620481,-0.008435483891779505
CHEMBL5405779,COc1cc2c(cc1-c1c(C)noc1C)[nH]c1ncnc(NCCCCCCC(=O)NO)c12,,6.11,6.11,6.100201882139666,6.047241134895207,0.00979811786033391,0.06275886510479367
CHEMBL485514,O=C(C=C1c2ccccc2-c2ccccc21)NCCCCCC(=O)NO,,6.11,6.11,6.094004498058323,5.989048462804457,0.01599550194167776,0.12095153719554297
CHEMBL5840014,Cn1c(OCc2ccc(-c3noc(C(F)(F)F)n3)c(F)c2)nc2ccccc21,,6.11,6.11,5.8241887791613465,5.621073236640969,0.28581122083865385,0.4889267633590313
CHEMBL4849600,O=C(NO)c1ccc(Cl)c(NC(=O)c2ccc(-c3ccccc3)cc2Cl)c1,,6.11,6.11,6.164369699765761,6.103455162754802,-0.05436969976576034,0.006544837245198387
CHEMBL2425968,CCc1nc2cc(F)c(/C=C/C(=O)NO)cc2c(=O)n1CCc1ccccc1,,6.12,6.12,5.97638125964529,5.916853736458358,0.14361874035471,0.2031462635416421
CHEMBL5762229,Cc1cc(=O)n2c(n1)CN(c1ccc(-c3noc(C(F)(F)F)n3)cn1)CC2,,6.12,6.12,6.0552620835474436,6.001738152538989,0.06473791645255655,0.1182618474610111
CHEMBL4172420,COc1cc2ccn(CCCCOc3cccc(NC(=O)CCCCCCC(=O)NO)c3)c2c(OC)c1OC,,6.12,6.12,6.265067909411746,6.25320197848939,-0.14506790941174597,-0.13320197848938964
CHEMBL5807467,O=C(NO)c1cccc(Nc2nc3cc(Cl)c(Cl)cc3o2)c1,,6.12,6.12,6.147432487636418,6.170150458874759,-0.02743248763641759,-0.050150458874758996
CHEMBL5842107,Cc1noc(C)c1-c1cc2cc(C(=O)NO)ccc2s1,,6.12,6.12,6.158346757942109,6.279017418320963,-0.038346757942108844,-0.15901741832096317
CHEMBL5999337,NC(=O)c1ccnc(NCc2ccc(-c3noc(C(F)(F)F)n3)cn2)c1,,6.12,6.12,5.797665804688363,5.642716108170674,0.32233419531163676,0.47728389182932585
CHEMBL2170019,CCC(=O)CCCCC[C@@H]1NC(=O)[C@H](CCCNC(=N)N)NC(=O)CCN(CC(C)C)C(=O)CN(CCc2c[nH]c3ccccc23)C1=O,,6.12,6.12,6.031240538689142,5.83890097431519,0.08875946131085843,0.28109902568481004
CHEMBL1835412,CC(C)(C)OC(=O)N1CCC[C@H]1C(=O)N1CC2(C[C@H]1C(=O)NCCCCCC(=O)NO)SCCS2,,6.12,6.12,6.086814685039776,6.085297381432637,0.0331853149602237,0.0347026185673629
CHEMBL3585980,O=C(CCCCCCc1nc(-c2ccccc2)no1)C(F)(F)F,,6.12,6.12,5.7748323788242795,5.657577805529119,0.34516762117572064,0.4624221944708813
CHEMBL3694333,CN1CC(NS(=O)(=O)c2ccc(Cl)cc2)Cc2cc(C(=O)NO)ccc21,,6.12,6.12,6.0361223418830825,5.874281000866121,0.08387765811691761,0.24571899913387885
CHEMBL5922714,O=C1CCC[C@@H](c2nc3ccccc3s2)N1c1ccc(-c2noc(C(F)(F)F)n2)cc1,,6.13,6.13,6.078018155748319,5.611169186566796,0.05198184425168062,0.5188308134332038
CHEMBL4846776,Nc1ncnc2c1c(-c1cnc3[nH]ccc3c1)nn2CCCCCCCCC(=O)NO,,6.13,6.13,6.3318328081880315,6.527963470423896,-0.20183280818803162,-0.3979634704238961
CHEMBL4087968,Nc1ccc(F)cc1NC(=O)c1ccc(CNC(=O)/C=C/c2cccnc2)cc1,,6.13,6.13,5.90497591341703,5.705632974105759,0.22502408658296957,0.4243670258942407
CHEMBL4857825,O=C(NO)c1ccc(CN2C(=O)CCc3cc(Br)ccc32)cc1,,6.13,6.13,5.968516985384166,5.894740264125139,0.16148301461583348,0.2352597358748607
CHEMBL154574,O=C(/C=C/c1ccccc1)NO,,6.13,6.13,6.1719933482009,6.171544060267227,-0.04199334820089984,-0.04154406026722679
CHEMBL5749598,O=C(NCc1ccccn1)c1cccc(NCc2ccc(-c3noc(C(F)(F)F)n3)cn2)c1,,6.13,6.13,5.995985128648131,5.818379668801915,0.13401487135186851,0.3116203311980845
CHEMBL5757218,O=C(Nc1ccccc1)c1ccccc1NCc1ccc(-c2noc(C(F)(F)F)n2)cn1,,6.13,6.13,6.098404705914604,6.04745355133661,0.0315952940853963,0.08254644866338978
CHEMBL3917405,O=C(CCCCCCOc1ccc2cc1COC/C=C/COCc1cccc(c1)-c1ccnc(n1)N2)NO,,6.13,6.13,6.143138277712128,6.239851618576737,-0.013138277712128499,-0.10985161857673731
CHEMBL3235118,CC(C)c1cc(-n2nnc(C(=O)NCCCCCCC(=O)NO)c2-c2ccc(CN3CCOCC3)cc2)c(O)cc1O,,6.14,6.14,6.164999789108226,6.386957013855396,-0.02499978910822609,-0.24695701385539603
CHEMBL481538,O=C(NO)c1ccc(CN2c3ccccc3NC(=O)[C@H]2Cc2ccc(O)cc2)cc1,,6.14,6.14,6.2274628560369205,6.2143287169144665,-0.08746285603692083,-0.07432871691446685
CHEMBL3357482,O=C(NO)c1ccc2c(c1)CC(Nc1nccc(-c3cccnc3)n1)CC2,,6.14,6.14,6.264021204391572,6.316809030603672,-0.12402120439157205,-0.17680903060367203
CHEMBL5973319,FC(F)(F)c1nc(-c2ccc(COc3ncccn3)cc2)no1,,6.14,6.14,5.850161572079005,5.824864466678115,0.2898384279209951,0.31513553332188504
CHEMBL564382,O=C(/C=C/c1ccc(C(c2c[nH]c3ccccc23)c2c[nH]c3ccccc23)cc1)NO,,6.14,6.14,6.221868748244358,6.245958487739461,-0.08186874824435808,-0.10595848773946148
CHEMBL6000644,Fc1cc(COc2cccc3[nH]nnc23)ccc1-c1noc(C(F)(F)F)n1,,6.14,6.14,5.8758091754574995,5.791067091063061,0.2641908245425002,0.3489329089369386
CHEMBL5906819,O=C(/C=C/c1ccc(CNCC2CCCCC2)c(F)c1)NO,,6.14,6.14,6.120529618327627,6.026638103416001,0.019470381672372916,0.11336189658399842
CHEMBL1835350,CC(C)[C@H](NC(=O)OC(C)(C)C)C(=O)N1CC2(C[C@H]1C(=O)NCCCCCC(=O)NO)SCCS2,,6.14,6.14,6.070320522383568,6.0712148987701635,0.06967947761643156,0.06878510122983617
CHEMBL4537684,COc1ccc2c(=O)n(CCc3ccccc3)c(=O)n(Cc3ccc(C(=O)NO)cc3)c2c1,,6.14,6.14,6.132143246149379,6.331157978215008,0.007856753850620457,-0.19115797821500813
CHEMBL4872595,CC12CC3CC(C)(C1)CC(NC(=O)CCCCCCCCC(=O)NO)(C3)C2,,6.15,6.15,5.873461435950137,5.743193896086707,0.2765385640498632,0.4068061039132935
CHEMBL2023529,COc1cccc2c1C(=O)c1c(O)c3c(c(O)c1C2=O)C[C@@](O)(C(C)=O)C[C@@H]3O[C@H]1C[C@H](NCc2ccc(-c3cn(CCCCCCC(=O)NO)nn3)cc2)[C@H](O)[C@H](C)O1,,6.15,6.15,6.03957789029437,5.974359932746767,0.11042210970563016,0.17564006725323367
CHEMBL4868381,CC12CC3CC(C)(C1)CC(NCc1cccc(NC(=O)CCCCCCC(=O)NO)c1)(C3)C2,,6.15,6.15,6.186158214466863,6.302320049938618,-0.036158214466862404,-0.15232004993861725
CHEMBL3585355,O=C(CCCCCCc1nc(-c2ccccc2Cl)no1)C(F)(F)F,,6.15,6.15,5.87262697061105,5.619908123302665,0.2773730293889507,0.5300918766973357
CHEMBL3885245,COc1ccc2c(c1)c(CC(=O)NCCCCCCCC(=O)NO)c(C)n2C(=O)c1ccc(Cl)cc1,,6.15,6.15,6.265745061182502,6.30147362853668,-0.11574506118250127,-0.15147362853667978
CHEMBL3982065,CCCCCC[C@H](CCCCCC(=O)Nc1ccccc1)C(=O)NO,,6.15,6.15,5.9197591192959855,5.733342865997496,0.23024088070401483,0.41665713400250404
CHEMBL4299456,CC[C@H]1OC(=O)[C@@H](C)[C@H](O[C@H]2C[C@@](C)(OC)[C@](O)(CN(C)Cc3ccc(-c4cn(CCCCC(=O)NO)nn4)cc3)[C@H](C)O2)[C@H](C)[C@H](O[C@H]2O[C@@H](C)C[C@@H](N(C)C)[C@@H]2O)[C@@](C)(O)C[C@H](C)CN(C)[C@@H](C)[C@H](O)[C@@]1(C)O,,6.15,6.15,5.812179237315133,5.75313237650186,0.33782076268486705,0.39686762349814053
CHEMBL1914701,[N-]=[N+]=Nc1ccc(-c2cc(C(=O)NCCCCCCC(=O)NO)no2)cc1,,6.15,6.15,6.029884839608133,6.021938646628694,0.12011516039186709,0.1280613533713062
CHEMBL3883560,Cc1ccc(-c2cc(C(=O)NCCCCCCCC(=O)NO)nn2-c2ccc(S(N)(=O)=O)cc2)cc1,,6.16,6.16,6.260779386507513,6.296791615833856,-0.10077938650751328,-0.13679161583385557
CHEMBL5194907,CCCNNC(=O)c1ccc(-c2ccc(CNC(C)=O)cc2)cc1,,6.16,6.16,6.201871573920535,6.215173619050022,-0.041871573920534644,-0.05517361905002183
CHEMBL4784006,O=C(NO)c1ccc(CNC(=O)c2c(F)c(F)c(F)c(F)c2F)cc1,,6.16,6.16,6.309709832824852,6.292056619779985,-0.14970983282485228,-0.13205661977998506
CHEMBL2431862,Cn1cccc1C(=O)NCc1ccc(C(=O)NO)cc1,,6.16,6.16,6.189247374081219,6.153911025420436,-0.029247374081219135,0.006088974579563811
CHEMBL518957,O=C(NO)c1ccc(CN2c3ccccc3NC(=O)[C@H]2Cc2cccs2)cc1,,6.16,6.16,6.258373117018818,6.208829233109962,-0.09837311701881823,-0.04882923310996201
CHEMBL5783185,FC(F)(F)c1nc(-c2ccc(N3CCNC[C@@H]3c3ccccc3)nc2)no1,,6.16,6.16,5.82208672405352,5.753393988032098,0.33791327594648024,0.40660601196790225
CHEMBL5810912,NC(=O)c1ccccc1NCc1ccc(-c2noc(C(F)(F)F)n2)cn1,,6.16,6.16,5.9427904010166,5.871677072588945,0.2172095989834002,0.2883229274110555
CHEMBL402451,O=C(CS)CCCCCCC(=O)Nc1ccccc1,,6.16,6.16,5.930229979351428,5.928940343472974,0.229770020648572,0.23105965652702576
CHEMBL6013927,COc1ncccc1-c1ccc(-c2nc3cc(C(=O)NO)ccc3o2)cc1,,6.16,6.16,6.270734653124181,6.334880438764982,-0.11073465312418129,-0.1748804387649816
CHEMBL245548,O=C(/C=C/c1cccc2ccccc12)NO,,6.16,6.16,6.231613439857708,6.3570004790254355,-0.07161343985770774,-0.19700047902543538
CHEMBL5804151,O=C(NO)c1ccc2oc(-c3ccc(-c4ccccc4F)cc3)nc2c1,,6.16,6.16,6.093312586759524,6.01737467291815,0.06668741324047645,0.14262532708185027
CHEMBL4641390,O=C(NO)c1ccc(N(Cc2cccc(C(F)(F)F)c2)C(=O)c2cccc(C(F)(F)F)c2)cc1,,6.165,6.165,6.359818959314998,6.353106318161306,-0.19481895931499782,-0.18810631816130563
CHEMBL3694283,O=C(NO)c1ccc2c(c1)CC(Nc1ccc(Br)cc1)CC2,,6.17,6.17,6.009630568752408,6.144764975826812,0.16036943124759162,0.025235024173188236
CHEMBL3884552,COC(=O)Cc1c(C)n(Cc2ccc(-c3cn(CCCCCC(=O)NO)nn3)cc2)c2ccc(OC)cc12,,6.17,6.17,6.433627688136065,6.665910425277541,-0.2636276881360651,-0.4959104252775415
CHEMBL5861276,FC(F)(F)c1nc(-c2ccc(CNC3CCN(c4ncccn4)C3)cc2)no1,,6.17,6.17,6.02697929521371,6.005215896391008,0.1430207047862897,0.16478410360899165
CHEMBL6044582,FC(F)(F)c1nc(-c2ccc(CNC3CCc4ncccc4C3)cc2)no1,,6.17,6.17,5.773773162128844,5.627268104369248,0.396226837871156,0.5427318956307516
CHEMBL5170140,C#Cc1nc(/C=C/C=C/C(=O)NO)cs1,,6.17,6.17,5.770962572792413,5.714766344241509,0.3990374272075865,0.45523365575849084
CHEMBL4747757,CC(C)c1cc(C(=O)N2Cc3ccc(/C=C/C(=O)NO)cc3C2)c(O)cc1O,,6.17,6.17,6.145308312887215,5.95070733207579,0.024691687112785132,0.21929266792420954
CHEMBL5179295,CC(C)N(Cc1ccc(C(=O)NO)cc1)S(=O)(=O)c1c(F)c(F)c(F)c(F)c1F,,6.18,6.18,6.36305182085419,6.691341046486122,-0.1830518208541907,-0.5113410464861223
CHEMBL4473726,O=C(NO)c1cccc(Cn2c(=O)n(CCc3ccccc3)c(=O)c3ccccc32)c1,,6.18,6.18,6.329056418201311,6.462584617514025,-0.14905641820131166,-0.28258461751402564
CHEMBL5794307,O=C1CC[C@@H](c2nc3ccccc3[nH]2)N1c1ccc(-c2noc(C(F)(F)F)n2)cc1,,6.18,6.18,6.170711311402262,5.86379022090254,0.009288688597737682,0.31620977909746006
CHEMBL137875,O=CN(O)CCCCCCCC(=O)Nc1cccc2ccccc12,,6.19,6.19,5.813506952099174,5.612804255819041,0.3764930479008264,0.5771957441809592
CHEMBL4299470,CC[C@H]1OC(=O)[C@@H](C)[C@H](O[C@H]2C[C@@](C)(OC)[C@@H](O)[C@H](C)O2)[C@H](C)[C@H](O[C@H]2O[C@@H](C)C[C@@H](N(C)Cc3ccc(-c4cn(CCCCCC(=O)NO)nn4)cc3)[C@@H]2O)[C@@](C)(O)C[C@H](C)CN(C)[C@@H](C)[C@H](O)[C@@]1(C)O,,6.19,6.19,5.776021768253943,5.663373710624564,0.4139782317460572,0.5266262893754368
CHEMBL1631910,O=C(CCCCCC1OCCCCCOc2ccccc2NC1=O)NO,,6.19,6.19,6.353034367216413,6.526183579322387,-0.1630343672164125,-0.3361835793223866
CHEMBL4846435,NC(=O)c1ccc2c(c1)CCCN2Cc1ccc(C(=O)NO)cc1,,6.19,6.19,5.943512683261922,5.848112783612297,0.24648731673807855,0.34188721638770314
CHEMBL6033702,O=C1COC[C@@H](c2nc(-c3cccnc3)no2)N1c1ccc(-c2noc(C(F)(F)F)n2)cc1,,6.19,6.19,5.985675847222535,5.8423737359690175,0.20432415277746507,0.34762626403098285
CHEMBL1914702,[N-]=[N+]=NCc1cc(N=[N+]=[N-])cc(C(=O)Nc2ccc(-c3cc(C(=O)NCCCCCCC(=O)NO)no3)cc2)c1,,6.19,6.19,6.091645840067224,6.102253789172178,0.09835415993277596,0.08774621082782197
CHEMBL482358,O=C(NO)c1ccc(CN2c3ccccc3NC(=O)[C@H]2CCc2ccccc2)cc1,,6.19,6.19,6.276207414598554,6.253741276011244,-0.08620741459855363,-0.06374127601124346
CHEMBL4218266,COc1ccc(C(=O)c2ccc3c(ccn3Cc3ccc(C(=O)NO)cc3)c2)cc1,,6.19,6.19,6.14294778539808,6.190236400755543,0.047052214601920106,-0.00023640075554265394
CHEMBL4871938,CC12CC3CC(C)(C1)CC(NCc1ccc(NC(=O)CCCCCCC(=O)NO)cc1)(C3)C2,,6.2,6.2,6.091912972566192,5.666325525750096,0.10808702743380838,0.5336744742499038
CHEMBL1630109,O=C(/C=C/c1cccc(-c2ccc3ncnc(Nc4ccc(OCc5cccc(F)c5)c(Cl)c4)c3c2)c1)NO,,6.2,6.2,5.999378332722953,5.958188494678472,0.2006216672770469,0.24181150532152795
CHEMBL4759584,CCCCN(Cc1ccc(C(=O)NO)cc1)C(=O)Nc1ccc(CN)cc1,,6.21,6.21,6.183388941591252,6.239983662278592,0.026611058408748,-0.029983662278591616
CHEMBL4758855,CC(C)(C)c1ccc(S(=O)(=O)NCc2ccc(C(=O)NO)cc2)cc1,,6.21,6.21,6.751785112530153,7.1049386337858245,-0.5417851125301532,-0.8949386337858245
CHEMBL3426803,O=C(CCCCSc1nc(-c2ccc(-c3ccccc3)cc2)cc(=O)[nH]1)NO,,6.21,6.21,6.131173922129838,6.088018982825924,0.07882607787016216,0.12198101717407628
CHEMBL4465218,O=C(CCCCCN1C(=O)c2cccc3c([N+](=O)[O-])ccc(c23)C1=O)NO,,6.21,6.21,5.9751423693364165,5.750997427477224,0.23485763066358345,0.45900257252277576
CHEMBL5752963,Cc1nc(COc2cc(-c3noc(C(F)(F)F)n3)ccn2)no1,,6.21,6.21,5.756494725204408,5.696869014859802,0.45350527479559233,0.5131309851401982
CHEMBL3426804,O=C(/C=C/c1ccc(NC(=O)C(Cc2ccccc2)c2ccccc2)cn1)NO,,6.21,6.21,6.325674096664227,6.51591829857731,-0.11567409666422712,-0.3059182985773097
CHEMBL3698523,O=C(Cc1ccc(CCCCc2ccccc2C(F)(F)F)cc1)NO,,6.21,6.21,6.12703080284739,6.014732883291572,0.08296919715261009,0.1952671167084281
CHEMBL5282033,O=C(CCCCCCNCc1cc2ccccc2[nH]1)NO,,6.21,6.21,6.1388750371805205,6.092705354205962,0.07112496281947944,0.11729464579403803
CHEMBL5184678,CC12CC3CC(C)(C1)CC(NC(=O)/C=C/c1ccc(C(=O)NO)cc1)(C3)C2,,6.21,6.21,5.977020972718443,5.67944663315502,0.23297902728155684,0.5305533668449796
CHEMBL4160840,O=C(NO)c1ccc(-c2ccnc(Nc3ccc(N4CCOCC4)cc3)n2)cc1,,6.21,6.21,6.35353048017634,6.557126925157444,-0.14353048017633974,-0.34712692515744425
CHEMBL2425954,Cc1nc2ccc(/C=C/C(=O)NO)cc2c(=O)n1-c1ccccc1,,6.21,6.21,6.000505327156117,6.0292203135248865,0.20949467284388312,0.18077968647511344
CHEMBL474151,CCCCCCCCc1nc2cc(/C=C/C(=O)NO)ccc2n1CCCO,,6.213333,6.213333,6.28941705695523,6.338336440742115,-0.07608405695522968,-0.12500344074211434
CHEMBL1835352,CC(C)C[C@H](NC(=O)OC(C)(C)C)C(=O)N1CC2(C[C@H]1C(=O)NCCCCCC(=O)NO)SCCS2,,6.22,6.22,6.189105212257692,6.096406340835856,0.030894787742307805,0.12359365916414333
CHEMBL5401750,O=C(NO)c1ccc(CN2CCCc3cccnc32)c(F)c1,,6.22,6.22,6.139018178831257,6.0876784115794695,0.08098182116874231,0.1323215884205302
CHEMBL569306,CC(C)C[C@H]1CC(=O)N[C@@H](CCCNC(=N)N)C(=O)N[C@@H](CCCCCC(=O)O)C(=O)N[C@@H](Cc2cccc3ccccc23)C(=O)N1,,6.22,6.22,6.143109121478789,6.062658365733647,0.07689087852121101,0.15734163426635295
CHEMBL2425960,O=C(/C=C/c1ccc2c(=O)n(CCc3ccccc3)cnc2c1)NO,,6.22,6.22,6.176079535284553,6.187987490742913,0.04392046471544653,0.032012509257087096
CHEMBL3648266,CC(C)Cc1nc2cc(/C=C/C(=O)NO)ccc2n1CCc1ccccc1,,6.22,6.22,6.4492275535238885,6.47478245758705,-0.2292275535238888,-0.25478245758705054
CHEMBL471043,COC(=O)c1ccc(CO/N=C/c2ccc(/C=C/C(=O)NO)cc2)cc1,,6.22,6.22,6.363537146685577,6.608608254344542,-0.14353714668557682,-0.3886082543445424
CHEMBL4637836,N[C@@H](CCCCCC(=O)c1ccon1)c1cc(-c2ccccc2F)on1,,6.22,6.22,6.358001812956667,6.513078252274237,-0.13800181295666736,-0.29307825227423745
CHEMBL4437432,O=C(NO)c1ccc2c(c1)C(=O)c1ccccc1C2=O,,6.22,6.22,6.292370464962817,6.5296810802646235,-0.07237046496281696,-0.3096810802646237
CHEMBL2235267,CC(CCCCCC(=O)c1ccc2ccccc2c1)C(=O)NOCCCCC(=O)NO,,6.22,6.22,6.281019646721662,6.474469470649925,-0.061019646721661935,-0.25446947064992553
CHEMBL2235663,CC(C)c1cc(C(C)C)c(C(C)C)cc1CS(=O)(=O)Nc1ccc(/C=C\C(=O)NO)cc1,,6.22,6.22,6.342551174673752,6.534867646333107,-0.12255117467375243,-0.3148676463331075
CHEMBL4442168,S=C1Sc2cccc(Cl)c2C2=NCCN12,,6.22,6.22,6.026419565440051,5.693771581265222,0.19358043455994878,0.5262284187347781
CHEMBL4299411,CC[C@@H]1OC(=O)[C@H](C)[C@@H](O[C@@H]2C[C@](C)(OC)[C@H](O)[C@@H](C)O2)[C@@H](C)[C@@H](O[C@@H]2O[C@H](C)C[C@H](N(C)Cc3cccc(-c4cn(CCCCCC(=O)NO)nn4)c3)[C@H]2O)[C@](C)(O)C[C@@H](C)CN(C)[C@H](C)[C@@H](O)[C@]1(C)O,,6.22,6.22,5.973580376061456,5.8749799647659895,0.24641962393854389,0.34502003523401026
CHEMBL4794499,Cc1cc(F)cc(C)c1Oc1ccc(C(C)(C)O)cc1-c1cn(C)c(=O)c2[nH]c(C(=O)NCCCCCCC(=O)NO)cc12,,6.23,6.23,6.249692289011339,6.490670560577265,-0.01969228901133846,-0.2606705605772648
CHEMBL3415630,C[C@@]1(Nc2ccc(C(=O)NO)cc2)CCN(c2ccc(Cl)cc2)C1=O,,6.23,6.23,6.3636855425891055,6.459616769687415,-0.13368554258910503,-0.2296167696874143
CHEMBL4870946,CCOc1ccc(C(C)=O)cc1NC(=O)c1cccc(C(=O)NO)c1,,6.23,6.23,6.589048724172052,6.866076747174793,-0.3590487241720517,-0.6360767471747923
CHEMBL3218002,C#Cc1cccc(Nc2ncnc3ccc(S(=O)(=O)n4ccc(/C=C/C(=O)NO)c4)cc23)c1,,6.23,6.23,6.341864013716564,6.79089977892253,-0.11186401371656363,-0.5608997789225292
CHEMBL3415626,CC1(Nc2ccc(C(=O)NO)cc2)CCN(c2ccccc2)C1=O,,6.23,6.23,6.295833227613677,6.199070634818462,-0.06583322761367683,0.03092936518153877
CHEMBL5089527,O=C(NO)c1ccc(CN(Cc2ccncc2)S(=O)(=O)c2cc(F)c(F)c(F)c2F)cc1,,6.24,6.24,6.430396083411939,6.589798060578065,-0.19039608341193848,-0.34979806057806506
CHEMBL4159366,CS(=O)(=O)Nc1ccc(-c2ccnc(Nc3ccc(N4CCC(C(=O)NCCCCCCCC(=O)NO)CC4)cc3)n2)cc1,,6.24,6.24,6.164759543898661,5.904204415925219,0.07524045610133889,0.3357955840747815
CHEMBL3415959,Nc1nc2ncc(CNc3ccc(C(=O)NO)cc3)nc2c(=O)[nH]1,,6.24,6.24,6.215481046545988,6.124435828232551,0.024518953454012227,0.11556417176744915
CHEMBL3798481,O=C(NO)c1ccc2ccccc2n1,,6.24,6.24,5.594981211301013,5.5167566046289265,0.6450187886989873,0.7232433953710737
CHEMBL4464527,CN(C(=O)CN(C)S(=O)(=O)c1ccc(F)cc1)c1ccc(C(=O)NO)cc1,,6.24,6.24,6.467166570878643,6.623160139145698,-0.22716657087864256,-0.3831601391456978
CHEMBL3747076,COc1ccc(-c2nc(NC(=O)NCCCC(=O)NO)cc3c4ccccc4n(C)c23)cc1,,6.24,6.24,6.4572829542881856,6.61296123833934,-0.21728295428818534,-0.3729612383393395
CHEMBL3797314,O=C(NO)c1cccc(NC(=O)c2ccccc2)c1,,6.24,6.24,6.364148934032386,6.495546584046114,-0.12414893403238558,-0.2555465840461135
CHEMBL3670667,COc1ccc(-c2cc(-c3ccccc3)[nH]c2C(=O)NCc2ccc(C(=O)Nc3ccccc3S)cc2)cc1,,6.25,6.25,6.530877455940644,5.818264112057804,-0.2808774559406437,0.431735887942196
CHEMBL6145085,CC(C)c1ccc(C(=O)N(CC(=O)NC2CCCCC2)CC2CCN(c3ncc(C(=O)NO)cn3)CC2)cc1,,6.25,6.25,6.430620685165936,6.624449147998312,-0.18062068516593577,-0.37444914799831164
CHEMBL4159460,COc1ccc2c(ccn2CCOc2ccc(NC(=O)CCCCCCC(=O)NO)cc2)c1,,6.25,6.25,6.143602351648315,6.099140177098191,0.10639764835168464,0.15085982290180944
CHEMBL4782406,Cc1cc2cc(NS(=O)(=O)c3cc(C(=O)NO)ccc3Cl)ccc2n(C)c1=O,,6.25,6.25,6.256619847117643,6.199655795341157,-0.006619847117643296,0.050344204658842706
CHEMBL6143549,O=C(O)c1ccc(Cn2sc3ccccc3c2=O)cc1,,6.25,6.25,6.039194252024061,5.930443795661681,0.21080574797593865,0.3195562043383191
CHEMBL4063938,CCCNNC(=O)c1ccc(NC(=O)[C@H](Cc2c[nH]c3ccccc23)NC(=O)c2ccc(OC)cc2)cc1,,6.25,6.25,6.128504836518022,5.742929135705148,0.12149516348197764,0.5070708642948523
CHEMBL5559821,COc1ccccc1/C=C1\CC(=O)N(CCCCCCC(=O)NO)C1=O,,6.25,6.25,6.301900673434309,6.26244458878867,-0.05190067343430904,-0.01244458878866972
CHEMBL4633453,CCN(C(=O)c1ccccc1C(F)(F)F)c1ccc(C(=O)NO)cc1,,6.255,6.255,6.423841323443031,6.396476776320767,-0.16884132344303104,-0.14147677632076672
CHEMBL185013,O=C(CCCCCC(=O)Nc1ccccc1)NO,,6.26,6.26,6.221584178824832,6.214852511391378,0.03841582117516751,0.045147488608622055
CHEMBL4780727,COc1ccc(C(=O)NO)cc1CNc1ccc2c(c1)cc(C)c(=O)n2C,,6.26,6.26,6.42030013130396,6.610149995166233,-0.16030013130396004,-0.350149995166233
CHEMBL3883667,Cc1ccc(-c2cc(C(=O)NCCCCCC(=O)NO)nn2-c2ccc(S(N)(=O)=O)cc2)cc1,,6.26,6.26,6.187515041402536,6.160159570416517,0.07248495859746384,0.09984042958348294
CHEMBL3356921,CN1C(=O)CC[C@@H]1C(=O)N[C@@H](CCCCCS)C(=O)Nc1ccccc1,,6.26,6.26,6.45510007440498,6.518348879049747,-0.19510007440498,-0.25834887904974746
CHEMBL3797442,COc1ccc(C(=O)NO)cc1NC(=O)c1ccc(Cl)cc1Cl,,6.26,6.26,6.450589926719784,6.482164901353336,-0.19058992671978459,-0.22216490135333622
CHEMBL474546,O=C(/C=C/c1ccc2c(c1)nc(-c1ccsc1)n2CCCO)NO,,6.27,6.27,6.42503364976527,6.510424966974778,-0.15503364976527045,-0.24042496697477844
CHEMBL4533192,O=C(CCCCCCNC(=O)c1c(-c2ccc(O)cc2)sc2cc(O)ccc12)NO,,6.27,6.27,6.255737592374004,6.257399413282922,0.014262407625995621,0.012600586717077533
CHEMBL4552300,S=C1Sc2ccc(Cl)cc2C2=NCCCN12,,6.27,6.27,5.784735885616467,5.399542440707457,0.4852641143835328,0.870457559292543
CHEMBL5430740,O=C(NO)c1ccc(Cn2ccc3cc(C(=O)NCC45C[C@H]6C[C@@H](C4)C[C@@H](C5)C6)ccc32)c(F)c1,,6.27,6.27,5.935832890373788,5.5239420226209806,0.334167109626212,0.746057977379019
CHEMBL4635034,O=C(/C=C/c1ccc(CNCCCN2c3ccccc3CCc3ccc(Cl)cc32)cc1)NO,,6.27,6.27,6.131133473666685,5.906618454142993,0.13886652633331487,0.3633815458570062
CHEMBL3317818,CC(C)(C)OC(=O)n1cnc(C[C@@H]2NC(=O)[C@]3(C)CSC(=N3)c3csc(n3)CNC(=O)C[C@@H](/C=C/CCS)OC2=O)c1,,6.27,6.27,6.270778568653215,6.21079924542826,-0.0007785686532155722,0.0592007545717399
CHEMBL481802,O=C1CN(Cc2ccc(C(=O)NO)cc2)c2ccccc2N1,,6.28,6.28,6.301025474216512,6.3781945423171535,-0.02102547421651213,-0.0981945423171533
CHEMBL4167623,C[C@H](NC(=O)[C@H](CC(=O)NCC(C)(C)C)NC(=O)c1ccc(C(=O)NO)cc1)C(=O)NCc1ccccc1,,6.28,6.28,6.197383480191322,6.2569787512165735,0.08261651980867857,0.023021248783426707
CHEMBL3694300,COc1cncc(-c2ccnc(NC3CCc4ccc(C(=O)NO)cc4C3)n2)c1,,6.28,6.28,6.22861972925574,6.3192111842851695,0.05138027074425988,-0.03921118428516923
CHEMBL3698520,O=C(Cc1ccc(CCCCc2cc(F)c(F)cc2F)cc1)NO,,6.28,6.28,6.171281173154674,5.854971811620391,0.10871882684532608,0.425028188379609
CHEMBL3694299,Cc1cncc(-c2ccnc(NC3CCc4ccc(C(=O)NO)cc4C3)n2)c1,,6.28,6.28,6.242037279288858,6.231506763988683,0.037962720711142595,0.04849323601131683
CHEMBL5970965,CN1Cc2ccc(NCc3ccc(-c4noc(C(F)(F)F)n4)cn3)cc2C1=O,,6.28,6.28,6.093724008267101,5.662080076080938,0.18627599173289955,0.6179199239190618
CHEMBL5905840,O=C(NCc1ccccc1)c1ccccc1NCc1ccc(-c2noc(C(F)(F)F)n2)cn1,,6.28,6.28,6.112502915004676,6.005107357469806,0.16749708499532456,0.27489264253019385
CHEMBL4464526,S=C1Sc2cccc(Br)c2C2=NCCCN12,,6.28,6.28,6.2960859979713035,6.272545696575332,-0.01608599797130328,0.0074543034246685735
CHEMBL569211,CC(C)C[C@H]1CC(=O)N[C@@H](Cc2ccccc2)C(=O)N[C@@H](CCCCCC(=O)O)C(=O)N[C@@H](Cc2cccc3ccccc23)C(=O)N1,,6.28,6.28,6.166993278696167,6.17766418338074,0.11300672130383305,0.10233581661926028
CHEMBL3884279,Cc1ccc(-c2cc(C(=O)NCCCCCCC(=O)NO)nn2-c2ccc(S(N)(=O)=O)cc2)cc1,,6.28,6.28,6.284667589332055,6.290197154378682,-0.004667589332054689,-0.010197154378682072
CHEMBL4554270,COc1ccccc1CCn1c(=O)c2ccccc2n(Cc2ccc(C(=O)NO)cc2)c1=O,,6.28,6.28,6.226191163854516,6.156102588473767,0.053808836145484484,0.12389741152623301
CHEMBL4761368,O=C(NO)c1ccc(-c2cnnn2CC23CC4CC(CC(C4)C2)C3)s1,,6.29,6.29,5.894008897612338,5.503581993521125,0.39599110238766233,0.7864180064788746
CHEMBL5271493,COc1ccc(/C=C2\SC(=O)N(CCNC(=O)Nc3c(C)n(C)n(-c4ccccc4)c3=O)C2=O)cc1,,6.29,6.29,6.322183879949991,6.36380768011914,-0.032183879949990946,-0.07380768011914007
CHEMBL3799265,COc1ccc(C(=O)NO)cc1NC(=O)Cc1ccccc1,,6.29,6.29,6.532006830853348,6.660641944849987,-0.24200683085334784,-0.3706419448499867
CHEMBL5268638,O=C1CN(Cc2ccc(C(=O)NO)cc2)C(=O)[C@@H](Cc2c[nH]c3ccccc23)N1,,6.29,6.29,6.512237599114196,6.711194906097739,-0.22223759911419627,-0.4211949060977389
CHEMBL4633998,CCN(C(=O)c1ccc(C(=O)NO)cc1)c1cccc(C(C)(C)C)c1,,6.295,6.295,6.4042802182506415,6.39575666388993,-0.1092802182506416,-0.10075666388993021
CHEMBL4777296,NCc1ccc(NC(=O)N(CCCCO)Cc2ccc(C(=O)NO)cc2)cc1,,6.3,6.3,6.280288348472269,6.229330554918661,0.019711651527730467,0.07066944508133854
CHEMBL406800,S=c1[nH]cc(-c2ccncc2)[nH]1,,6.3,6.3,5.94444323201186,5.625571531762746,0.35555676798813973,0.6744284682372541
CHEMBL1095085,CCN1CCC[C@@H](n2c(C)nc(C)c2-c2cccc(/C=C/C(=O)NO)c2)C1,,6.3,6.3,6.678543449833585,6.767876486298807,-0.3785434498335851,-0.46787648629880696
CHEMBL4470373,O=C(NO)c1cc(F)c(Cn2nnc(-c3ncccn3)n2)c(F)c1,,6.3,6.3,6.254494207195403,6.1943762272447795,0.045505792804596545,0.10562377275522028
CHEMBL5590465,C#CCN1C(=O)CNC(=O)/C1=C/c1ccc(C(=O)NO)cc1,,6.31,6.31,6.908517357919548,7.4380627298835185,-0.5985173579195484,-1.1280627298835189
CHEMBL5968609,O=C(NO)c1ccc(Cn2c(=O)n(Cc3ccccc3)c(=O)c3ccccc32)cc1,,6.31,6.31,6.2717232686047275,6.254612515301327,0.0382767313952721,0.05538748469867283
CHEMBL1914707,[N-]=[N+]=NCc1cc(N=[N+]=[N-])cc(C(=O)Nc2ccc(Cn3cc(NC(=O)CCCCCCC(=O)NO)cn3)cc2)c1,,6.31,6.31,6.538541865043863,6.928560784041604,-0.2285418650438631,-0.6185607840416045
CHEMBL6101912,CCCc1cc(C(=O)Nc2ccccc2)nn1Cc1ccc(C(=O)NO)cc1,,6.31,6.31,6.260010441901295,6.171786167386883,0.0499895580987042,0.1382138326131166
CHEMBL5208971,COc1cc(C(=O)NO)ccc1CN(C(C)C)S(=O)(=O)c1cc(F)c(F)c(F)c1F,,6.32,6.32,6.3344327156578375,6.413369447418818,-0.014432715657837214,-0.09336944741881759
CHEMBL3694307,O=C(NO)c1ccc2c(c1)CC(Nc1nccc(-c3cnc4ccccc4c3)n1)CC2,,6.32,6.32,6.264826705070991,6.212721725165255,0.05517329492900913,0.10727827483474517
CHEMBL4059841,COc1ccc(C(=O)NO)cc1NCc1ccc2ccccc2n1,,6.32,6.32,6.50193725404505,6.571693925440181,-0.18193725404504946,-0.2516939254401809
CHEMBL4177129,O=C(NO)c1ccc(CN(CCCCO)C(=O)Nc2ccccc2)cc1,,6.32,6.32,6.209599003095169,6.204147777534414,0.11040099690483096,0.11585222246558669
CHEMBL5788535,FC(F)(F)c1nc(-c2ccnc(OCCc3cccc4cn[nH]c34)c2)no1,,6.32,6.32,5.856256845251266,5.508348525332714,0.46374315474873384,0.8116514746672863
CHEMBL3415445,O=C(NO)c1ccc2c(c1)CC(Nc1nccc(-c3cccnc3)n1)CN2,,6.33,6.33,6.165764704421845,5.981067445743037,0.16423529557815542,0.34893255425696346
CHEMBL5176967,O=C(/C=C/C1CCN(Cc2cccc(Cl)c2)CC1)NO,,6.33,6.33,6.232907582276626,6.12761493281816,0.09709241772337407,0.20238506718184013
CHEMBL4632449,N[C@@H](CCCCCC(=O)c1ccon1)c1cnn(-c2ccc(F)cc2)c1,,6.33,6.33,6.3414359225552115,6.394576825895316,-0.01143592255521142,-0.06457682589531633
CHEMBL3694317,O=C(NO)c1ccc2c(c1)CC(NS(=O)(=O)c1ccc(Cl)c(Cl)c1)CC2,,6.33,6.33,6.18133956113706,6.2109107063664535,0.14866043886294023,0.11908929363354659
CHEMBL5750099,O=C(NO)c1ccc2nc(-c3ccc(-c4ccccc4)cc3)[nH]c2c1,,6.33,6.33,6.326576855121843,6.44430476639189,0.0034231448781572027,-0.11430476639189013
CHEMBL4591041,CCC/C=C/c1c(-c2ccccc2)nnn1[C@@H](Cc1ccccc1)C(=O)NO,,6.33,6.33,6.432604344629336,6.566543507767351,-0.1026043446293361,-0.236543507767351
CHEMBL4060201,O=C(CCCCCCn1cc(-c2ncnc3[nH]ccc23)cn1)NO,,6.33,6.33,6.294729629434329,6.320652465683173,0.03527037056567117,0.009347534316827222
CHEMBL4786752,Cc1cc2cc(NS(=O)(=O)Cc3cccc(C(=O)NO)c3)ccc2n(C)c1=O,,6.33,6.33,6.370824281312165,6.373456391476071,-0.04082428131216531,-0.043456391476071055
CHEMBL3645371,O=C(/C=C/c1ccc2c(c1)nc(CCc1ccccc1)n2CC(O)CO)NO,,6.34,6.34,6.4354232475524284,6.501239196715064,-0.09542324755242859,-0.16123919671506393
CHEMBL5595677,CN1C(=O)CNC(=O)/C1=C/c1ccc(C(=O)NCCCCCCC(=O)NO)cc1,,6.34,6.34,6.468299767266146,6.860529320983027,-0.1282997672661459,-0.5205293209830275
CHEMBL5402184,O=C(CCn1c(=O)n(CCc2ccccc2)c(=O)c2ccccc21)NO,,6.34,6.34,5.926506534500573,5.728659676353312,0.41349346549942645,0.6113403236466874
CHEMBL2235252,O=C(/C=C/c1ccc(Cc2ccc(O)c(Cl)c2)cc1)NO,,6.34,6.34,6.365142022012041,6.209572789669755,-0.025142022012040854,0.13042721033024485
CHEMBL6150484,O=C(/C=C/c1ccc(CNC[C@H]2CN(c3ccc(N4CCOCC4)c(F)c3)C(=O)O2)cc1)NO,,6.35,6.35,6.242588152793751,6.044206459727397,0.10741184720624908,0.3057935402726031
CHEMBL4786813,COc1ccc(C(=O)NO)cc1S(=O)(=O)Nc1ccc2c(c1)cc(C)c(=O)n2C,,6.35,6.35,6.587031546038295,6.939657402554108,-0.23703154603829546,-0.5896574025541081
CHEMBL1631916,COc1cc2cc(c1)COc1ccccc1NC(=O)C(CCCCCC(=O)NO)OCCC2,,6.35,6.35,6.718943668634185,6.878089689638097,-0.36894366863418515,-0.5280896896380973
CHEMBL95835,COc1ccc(C(=O)CCCCCCC(=O)NO)cc1,,6.35,6.35,6.965548962849937,7.469416404725468,-0.6155489628499371,-1.1194164047254684
CHEMBL3356931,O=C1CCC[C@@H](C(=O)N[C@@H](CCCCCS)C(=O)NC2CCCC2)N1,,6.35,6.35,6.390403733404078,6.592373287908016,-0.040403733404078324,-0.24237328790801627
CHEMBL4644721,N[C@@H](CCCCCC(=O)c1ccon1)c1cnn(-c2ccc(F)cc2)n1,,6.35,6.35,6.362244039469861,6.419610119447574,-0.012244039469861079,-0.06961011944757445
CHEMBL4857763,O=C(NO)c1ccc(Cl)c(NC(=O)c2ccc(-c3ccccc3)cc2)c1,,6.35,6.35,6.359550173293496,6.352587717516709,-0.009550173293495945,-0.002587717516709276
CHEMBL481726,O=C(NO)c1ccc(CN2C(=O)CNC(=O)[C@H]2Cc2cccs2)cc1,,6.36,6.36,6.353298071744955,6.123662662488837,0.006701928255044898,0.2363373375111637
CHEMBL4079007,O=C(/C=C/c1ccc(CNCc2ccc3ccccc3n2)cc1)NO,,6.36,6.36,6.318357300161463,6.268953184868847,0.041642699838537744,0.0910468151311532
CHEMBL464718,O=C(NO)c1ccc2c(c1)nc(CCc1ccccc1)n2CCCO,,6.36,6.36,6.350268815984094,6.411508604578678,0.009731184015906003,-0.0515086045786779
CHEMBL5994050,O=C1CC[C@@H](c2nc3ccccc3o2)N1c1ccc(-c2noc(C(F)(F)F)n2)cc1,,6.36,6.36,6.253514089519232,6.04929013570238,0.10648591048076828,0.31070986429762026
CHEMBL4442777,O=C(NO)c1ccc(Cn2c(=O)n(CCc3cccc(F)c3)c(=O)c3ccccc32)cc1,,6.37,6.37,6.165344129040877,6.0360205380744265,0.2046558709591233,0.3339794619255736
CHEMBL6168739,CCc1nc(C(N)=O)c(Nc2ccc(N3CCN(CCCCCCCC(=O)NO)CC3)c(OC)c2)nc1NC1CCOCC1,,6.37,6.37,6.407825526238072,6.403199936621926,-0.03782552623807156,-0.03319993662192555
CHEMBL2333344,O=C(NO)C1=CCCCC1,,6.37,6.37,6.061320820274039,5.832440652005238,0.30867917972596093,0.5375593479947618
CHEMBL3746015,COc1ccc(-c2nc(NC(=O)NCCC(=O)NO)cc3c2[nH]c2ccccc23)cc1,,6.37,6.37,6.423110176142201,6.638726876298122,-0.053110176142200594,-0.2687268762981221
CHEMBL4542734,O=C(/C=C/c1ccc(C(=O)NC(Cc2c[nH]c3ccccc23)C(=O)Nc2ccc(Br)cc2)cc1)NO,,6.37,6.37,6.532626548657874,6.650306466140933,-0.16262654865787418,-0.28030646614093246
CHEMBL5173958,O=C(/C=C/C1CCN(Cc2cccc3ccccc23)CC1)NO,,6.38,6.38,6.198287542160305,6.220561730835405,0.18171245783969514,0.15943826916459525
CHEMBL5416853,C=Cc1c[n+](C)ccn1,,6.38,6.38,5.551496554664191,5.147548445132092,0.8285034453358087,1.2324515548679082
CHEMBL4549965,CC(CNC(=O)c1ccc(/C=C/C(=O)NO)cc1)Oc1no[n+]([O-])c1S(=O)(=O)c1ccccc1,,6.38,6.38,6.453015168134861,6.806993557236499,-0.07301516813486142,-0.4269935572364991
CHEMBL481018,O=C(NO)c1ccc(CN2c3ccccc3NC(=O)[C@H]2Cc2ccc(F)c(F)c2)cc1,,6.38,6.38,6.276584752262452,6.226706868995553,0.10341524773754784,0.15329313100444697
CHEMBL4514330,CC(C)c1cc(C(=O)N(C)c2ccc(NC(=O)CCCCCCC(=O)NO)cc2)c(O)cc1O,,6.38,6.38,6.075537915827425,6.018362800695082,0.3044620841725747,0.36163719930491833
CHEMBL2425956,Cc1nc2c(/C=C/C(=O)NO)cccc2c(=O)n1-c1ccccc1,,6.38,6.38,6.074359927441329,5.964422616854142,0.30564007255867054,0.415577383145858
CHEMBL2381518,O=C(NO)c1cccc(C(=O)NCCc2cccnc2)c1,,6.38,6.38,6.309133955671262,6.3947064487927765,0.07086604432873767,-0.014706448792776605
CHEMBL3648270,O=C(/C=C/c1ccc2c(c1)ncn2Cc1ccccc1)NO,,6.38,6.38,6.411395113112313,6.372179867909811,-0.03139511311231313,0.007820132090189169
CHEMBL4527868,S=C1Sc2cccc(Br)c2C2=NCCN12,,6.38,6.38,6.0110443419518,5.808514089890311,0.36895565804819963,0.571485910109689
CHEMBL5070393,O=C(NO)c1ccc(CN(Cc2cccc(F)c2)S(=O)(=O)c2cc(F)c(F)c(F)c2F)cc1,,6.38,6.38,6.441634216202056,6.733147846780098,-0.061634216202056,-0.35314784678009836
CHEMBL4782478,CC(C)c1cc(C(=O)N2Cc3ccc(NCc4ccc(C(=O)NO)cc4)cc3C2)c(O)cc1O,,6.38,6.38,6.214102510171214,5.801733168867909,0.16589748982878572,0.5782668311320913
CHEMBL5904614,CC(C)c1ccc(-c2nc3ccc(C(=O)NO)cc3[nH]2)cc1,,6.38,6.38,6.536470348937993,6.662336559073485,-0.15647034893799283,-0.2823365590734852
CHEMBL4162183,COc1cc2ccn(CCOc3cccc(NC(=O)CCCCCCC(=O)NO)c3)c2c(OC)c1OC,,6.38,6.38,6.390261859877362,6.378531130512908,-0.010261859877362056,0.0014688694870921282
CHEMBL3885496,Cc1ccc(-c2cc(C(F)(F)F)nn2-c2ccc(S(=O)(=O)NCCCCCCC(=O)NO)cc2)cc1,,6.38,6.38,6.256717095008824,6.40167681457584,0.12328290499117589,-0.02167681457583992
CHEMBL4640536,CCN(c1ccc(C(=O)NO)cc1)S(=O)(=O)c1cc(C(F)(F)F)cc(C(F)(F)F)c1,,6.385,6.385,6.549011906936677,6.594704602846244,-0.16401190693667722,-0.20970460284624437
CHEMBL3415627,CC1(Nc2ccc(C(=O)NO)cc2)CCN(c2ccc(Cl)cc2)C1=O,,6.39,6.39,6.3636855425891055,6.334501260835914,0.02631445741089422,0.05549873916408554
CHEMBL2407730,O=C(NO)c1ccc(CNc2nccc(-c3cccnc3)n2)cc1,,6.39,6.39,6.290045589796282,6.3144566185253606,0.09995441020371754,0.07554338147463913
CHEMBL5935398,CC(C)(C)c1ccc(-c2nc3cc(C(=O)NO)ccc3s2)cc1,,6.39,6.39,6.565308715841105,7.021270843902853,-0.17530871584110574,-0.6312708439028532
CHEMBL3698521,O=C(Cc1ccc(CCCCc2ccc3[nH]ccc3c2)cc1)NO,,6.39,6.39,6.264594821996045,6.103180796696503,0.12540517800395445,0.2868192033034971
CHEMBL4790998,COc1cc(OC)c2c(N3CCS(=O)(=O)CC3)nc(-c3cc(C)c(OCCCCCC(=O)NO)c(C)c3)nc2c1,,6.39,6.39,6.361998685215527,6.1751735174894975,0.028001314784472875,0.21482648251050218
CHEMBL3645368,COc1ccc(-c2nc3cc(/C=C/C(=O)NO)ccc3n2CCO)cc1,,6.4,6.4,6.513159536771784,6.591655723065381,-0.11315953677178392,-0.1916557230653808
CHEMBL3698522,O=C(Cc1ccc(CCCCc2cccc(C(F)(F)F)c2)cc1)NO,,6.4,6.4,6.198945129399155,5.945162585497365,0.2010548706008457,0.45483741450263526
CHEMBL1095075,O=C(/C=C/c1cccc(-c2nc3ccccc3n2CCN2CCOCC2)c1)NO,,6.4,6.4,6.816992014262355,7.066696567090778,-0.41699201426235444,-0.6666965670907778
CHEMBL5396951,O=C(NO)c1ccc(Cn2c(=O)n(CCc3ccccc3O)c(=O)c3ccccc32)cc1,,6.4,6.4,6.16269800647284,6.03641854476351,0.23730199352716053,0.3635814552364902
CHEMBL6058999,COc1ccc(COc2cc(OC)ccc2/C=C/C(=O)NO)cc1,,6.4,6.4,6.704449818627345,6.864249471527596,-0.30444981862734455,-0.4642494715275953
CHEMBL1099065,CCN1CCC[C@@H](n2c(-c3ccccc3)nc(C)c2-c2cccc(/C=C/C(=O)NO)c2)C1,,6.4,6.4,6.9645153124101835,7.047517221379742,-0.5645153124101832,-0.6475172213797418
CHEMBL4454484,O=C(CCCCCCCNC(=O)c1c(-c2ccc(O)cc2)sc2cc(O)ccc12)NO,,6.4,6.4,6.293534510465135,6.163588010200649,0.10646548953486512,0.2364119897993513
CHEMBL5964075,O=C1COC[C@@H](c2nc3ccccc3o2)N1c1ccc(-c2noc(C(F)(F)F)n2)cc1,,6.4,6.4,6.295642021261609,6.13576091551232,0.10435797873839103,0.26423908448768074
CHEMBL6142790,Cc1ccc(C(=O)N(CC(=O)NC2CCCCC2)CC2CCN(c3ncc(C(=O)NO)cn3)CC2)c(C)c1,,6.41,6.41,6.414392573275963,6.4143617988108215,-0.004392573275962874,-0.004361798810821327
CHEMBL3338417,O=C(NO)c1ccc2c(c1)C[C@@H](Nc1nccc(-c3cccnc3)n1)CC2,,6.41,6.41,6.264021204391572,6.288246688435281,0.1459787956084284,0.12175331156471891
CHEMBL4093691,COc1ccc2c(C(=O)c3cc(OC)c(OC)c(OC)c3)cn(Cc3ccc(C(=O)NO)cc3)c2c1,,6.41,6.41,6.29755729276812,6.003093979629005,0.11244270723187988,0.4069060203709949
CHEMBL3745788,COc1ccc(-c2nc(C(=O)NCCCC(=O)NO)cc3c2[nH]c2ccccc23)cc1,,6.41,6.41,6.445779980807693,6.251333026369059,-0.035779980807692624,0.1586669736309414
CHEMBL3694315,COc1ccc(S(=O)(=O)NC2CCc3ccc(C(=O)NO)cc3C2)cc1OC,,6.41,6.41,6.40422984666841,6.414801801856196,0.005770153331590144,-0.004801801856196164
CHEMBL4206987,O=C(CCN1CCc2ccccc2C1c1cccc2ccccc12)NO,,6.41,6.41,6.45853921811219,6.284348979698198,-0.04853921811218953,0.12565102030180242
CHEMBL4647458,CN1CCC(C(=O)N[C@@H](CCCCCC(=O)c2nccs2)c2ncc(-c3ccc(F)cc3)[nH]2)CC1,,6.42,6.42,6.0826996641667685,5.859732931118394,0.3373003358332314,0.5602670688816058
CHEMBL5176422,O=C(NO)c1ccc(CN(C2CC2)S(=O)(=O)c2c(F)c(F)cc(F)c2F)cc1,,6.42,6.42,6.654388750506998,6.662767540073833,-0.23438875050699792,-0.2427675400738334
CHEMBL4445342,CC[C@H](Nc1ncnc2[nH]cnc12)c1nc2cccc(CCCCC(=O)NO)c2c(=O)n1-c1ccccc1,,6.42,6.42,6.1620454567151715,5.864904777514278,0.2579545432848285,0.555095222485722
CHEMBL4207448,COc1ccc2[nH]cc(Cn3cc(COc4ccc(/C=C/C(=O)NO)cc4OC)nn3)c2c1,,6.42,6.42,6.4372790138183,6.502182747309035,-0.01727901381829966,-0.08218274730903463
CHEMBL6054894,COc1ccc(-c2ccc(-c3nc4cc(C(=O)NO)ccc4o3)c(F)c2)cn1,,6.42,6.42,6.233805887372592,6.021564315098332,0.18619411262740826,0.3984356849016679
CHEMBL4574424,CC(C)[C@@H]1NC(=O)[C@]2(C)CSC(=N2)c2csc(n2)CNC(=O)C[C@H](/C(F)=C/CCS)OC1=O,,6.42,6.42,7.603262175937681,8.117397039152408,-1.1832621759376813,-1.697397039152408
CHEMBL2023530,COc1cccc2c1C(=O)c1c(O)c3c(c(O)c1C2=O)C[C@@](O)(C(C)=O)C[C@@H]3O[C@H]1C[C@H](NCc2ccc(-c3cn(CCCCCCCC(=O)NO)nn3)cc2)[C@H](O)[C@H](C)O1,,6.42,6.42,6.101986299434939,5.96884763869614,0.31801370056506073,0.45115236130386016
CHEMBL3421752,O=C(NO)c1ccc(CNCc2nc(-c3ccc([N+](=O)[O-])cc3)no2)cc1,,6.42,6.42,6.194299876818986,6.131776546561113,0.22570012318101362,0.2882234534388868
CHEMBL4102833,O=C(CCCC(CCC(=O)Nc1ccccc1)Cc1ccccc1)NO,,6.42,6.42,6.830285545264289,7.023503623548081,-0.41028554526428884,-0.6035036235480815
CHEMBL4781177,COc1cc(OC)c2c(N3CCN(C)CC3)nc(-c3cc(C)c(OCCCCCC(=O)NO)c(C)c3)nc2c1,,6.42,6.42,6.445992516223875,6.21281178340562,-0.025992516223874773,0.20718821659438014
CHEMBL5778838,CCc1ccc2cnn(C(Cc3ccccc3)C(=O)NO)c2c1,,6.43,6.43,6.561145874033958,6.5442122383423,-0.13114587403395817,-0.11421223834229988
CHEMBL2371801,CC[C@H](C)[C@@H]1NC(=O)[C@@H](Cc2ccc(OC)cc2)NC(=O)[C@H](CCCCCC(=O)C(F)(F)F)NC(=O)[C@H]2CCCN2C1=O,,6.43,6.43,6.427188555195693,6.2364732853190725,0.0028114448043066176,0.1935267146809272
CHEMBL5756203,CCc1ccc2c(cnn2C(Cc2ccccc2)C(=O)NO)c1,,6.43,6.43,6.577075161730545,6.616430427968556,-0.14707516173054547,-0.18643042796855624
CHEMBL5394143,O=C(NO)c1ccc(Cn2c(=O)[nH]c(=O)c3cc(Br)ccc32)cc1,,6.43,6.43,6.44543328113969,6.391919753808154,-0.015433281139690003,0.03808024619184547
CHEMBL6056740,O=C(NO)C(Cc1ccccc1)n1cc2ccnc(Cl)c2n1,,6.43,6.43,6.479730049827506,6.494922296097658,-0.04973004982750595,-0.06492229609765854
CHEMBL5909403,O=C(NO)C(Cc1ccccc1)n1cnc2ccccc21,,6.43,6.43,6.3890909011211185,6.437345781049305,0.04090909887888117,-0.007345781049305167
CHEMBL5852703,O=C(NO)C(Cc1ccccc1)n1nc2c(Cl)cccc2c1I,,6.43,6.43,6.500070690360712,6.505182746876677,-0.070070690360712,-0.0751827468766777
CHEMBL5962662,O=C(NO)C(Cc1ccccc1)n1nc2ccc(-c3c(F)cccc3F)cc2c1C#CC1CC1,,6.43,6.43,6.591712543215579,6.849936262127909,-0.1617125432155797,-0.41993626212790947
CHEMBL5900365,O=C(NO)C(Cc1ccccc1)n1ncc2cc(-c3c(F)cccc3F)ccc21,,6.43,6.43,6.52026093228238,6.534482899000096,-0.09026093228237997,-0.10448289900009655
CHEMBL5958887,O=C(NO)C(Cc1ccccc1)n1ncc2cc(-c3ccccc3)ccc21,,6.43,6.43,6.6652996499212165,6.69186183234999,-0.23529964992121677,-0.2618618323499904
CHEMBL5882633,O=C(NO)C(Cc1ccccc1)n1ncc2cc(-c3cccnc3)cnc21,,6.43,6.43,6.564656667617638,6.629166793330718,-0.13465666761763817,-0.1991667933307184
CHEMBL5932369,O=C(NO)C(Cc1ccccc1)n1ncc2cc(-c3cccnc3)ncc21,,6.43,6.43,6.595400273842369,6.616663695190116,-0.16540027384236922,-0.18666369519011639
CHEMBL5743907,O=C(NO)C(Cc1ccccc1)n1cc2ccccc2n1,,6.43,6.43,6.44093823745357,6.445121484672277,-0.010938237453570032,-0.015121484672277141
CHEMBL5842805,O=C(NO)C(Cc1ccccc1)n1ncc2cc(-c3cncnc3)ncc21,,6.43,6.43,6.639923237805079,6.606341303879471,-0.2099232378050795,-0.17634130387947167
CHEMBL5929362,O=C(NO)C(Cc1ccccc1)n1ncc2nc(-c3ccncc3)ccc21,,6.43,6.43,6.636476785765469,6.595878691150869,-0.20647678576546902,-0.16587869115086917
CHEMBL5883224,CN1CC=C(c2cccc3c2cnn3C(Cc2ccccc2)C(=O)NO)CC1,,6.43,6.43,6.5994179804564475,6.665435195307141,-0.16941798045644774,-0.23543519530714097
CHEMBL5080599,O=C(NO)c1ccc(CN(Cc2ccc(F)cc2)S(=O)(=O)c2c(F)c(F)c(F)c(F)c2F)cc1,,6.43,6.43,6.500402336382177,6.734425756476959,-0.07040233638217686,-0.30442575647695946
CHEMBL5928544,CN1CCN(c2ccc(-c3ccn4c(C(Cc5ccccc5)C(=O)NO)cnc4c3)cn2)CC1,,6.43,6.43,6.547423745257902,6.633840717391447,-0.11742374525790211,-0.20384071739144716
CHEMBL3694318,O=C(NO)c1ccc2c(c1)CC(NS(=O)(=O)c1cccnc1)CC2,,6.43,6.43,6.302652621849221,6.274671576382287,0.12734737815077857,0.15532842361771237
CHEMBL3694313,O=C(NO)c1ccc2c(c1)CC(NS(=O)(=O)c1cccc(C(F)(F)F)c1)CC2,,6.43,6.43,6.370200918807516,6.342325145813241,0.05979908119248378,0.08767485418675847
CHEMBL5757121,COC1CCN(Cc2cccc3cn(C(Cc4ccccc4)C(=O)NO)nc23)CC1,,6.43,6.43,6.465644598658961,6.564334997495105,-0.03564459865896108,-0.13433499749510514
CHEMBL5963102,COCc1ccc(-c2cccc3nn(C(Cc4ccccc4)C(=O)NO)cc23)cc1,,6.43,6.43,6.448481630138513,6.565825978403671,-0.01848163013851334,-0.1358259784036715
CHEMBL5825782,O=C(NO)C(Cc1ccccc1)n1ncc2cc(Br)cnc21,,6.43,6.43,6.572845064075568,6.552347690193672,-0.1428450640755683,-0.12234769019367242
CHEMBL5740162,Cn1cc(-c2cccc3cn(C(Cc4ccccc4)C(=O)NO)nc23)cn1,,6.43,6.43,6.534151249084784,6.566776342495997,-0.10415124908478468,-0.13677634249599713
CHEMBL5932771,O=C(NO)C(Cc1ccccc1)n1cc2cccc(CN3CCCC(F)(F)C3)c2n1,,6.43,6.43,6.453931402487136,6.469019503751158,-0.02393140248713621,-0.0390195037511587
CHEMBL5571601,O=C1CCC(N2C(=O)c3cccc(NCCCCCCCCCCCNC(=O)c4cccc(SCc5cn(-c6cccc(C(=O)NO)c6)nn5)c4)c3C2=O)C(=O)N1,,6.43,6.43,6.578149379683581,7.132519360579039,-0.14814937968358155,-0.7025193605790392
CHEMBL6038429,O=C(NO)C(Cc1ccccc1)N1C=CC2C(Cl)=NC=CC21,,6.43,6.43,6.412993936562863,6.38400929613449,0.01700606343713673,0.04599070386550963
CHEMBL5873472,O=C(NO)C(Cc1ccccc1)N1C=CC2C=C(Cl)C=NC21,,6.43,6.43,6.41702863686799,6.412634833671284,0.012971363132010083,0.017365166328715986
CHEMBL5855065,O=C(NO)C(Cc1ccccc1)c1cnc2c(-c3ccncc3)cccn12,,6.43,6.43,6.4808569298851655,6.482657056628122,-0.05085692988516577,-0.05265705662812259
CHEMBL5764689,O=C(NO)C(Cc1ccccc1)c1cnc2c(Cl)cccn12,,6.43,6.43,6.379765084576615,6.345719082700512,0.05023491542338476,0.08428091729948761
CHEMBL5878349,O=C(NO)C(Cc1ccccc1)c1cnc2cc(-c3cccnc3)ccn12,,6.43,6.43,6.461284252000802,6.5414849610608155,-0.03128425200080187,-0.11148496106081573
CHEMBL2103863,CN(C)Cc1c(C(=O)NCCOc2ccc(C(=O)NO)cc2)oc2ccccc12,,6.43,6.43,6.322275065345735,6.11580838179156,0.10772493465426436,0.3141916182084401
CHEMBL6012233,O=C(NO)C(Cc1ccccc1)n1cc2c(-c3cncnc3)cccc2n1,,6.43,6.43,6.568771547735308,6.589684520500199,-0.13877154773530798,-0.15968452050019888
CHEMBL6029356,O=C(NO)C(Cc1ccccc1)n1cc2cccc(CN3CCOCC3)c2n1,,6.43,6.43,6.50260547451409,6.514022007797557,-0.0726054745140905,-0.08402200779755731
CHEMBL5801472,O=C(NO)C(Cc1ccccc1)n1cc2c(Br)cccc2n1,,6.43,6.43,6.472043725337082,6.521527555978652,-0.04204372533708245,-0.09152755597865259
CHEMBL5824891,O=C(NO)C(Cc1ccccc1)n1cc2cc(-c3ccncc3)ccc2n1,,6.43,6.43,6.558076433626486,6.601256051188064,-0.1280764336264859,-0.17125605118806408
CHEMBL5787233,O=C(NO)C(Cc1ccccc1)n1cc2cc(Br)ccc2n1,,6.43,6.43,6.516084276696105,6.541134605499728,-0.08608427669610563,-0.11113460549972842
CHEMBL5987063,O=C(NO)C(Cc1ccccc1)n1cc2cc(Br)cnc2n1,,6.43,6.43,6.472110836623903,6.460171499122601,-0.04211083662390358,-0.030171499122601197
CHEMBL5950575,O=C(NO)C(Cc1ccccc1)n1cc2cc(Cl)ccc2n1,,6.43,6.43,6.473272325930518,6.471545040862994,-0.04327232593051811,-0.04154504086299404
CHEMBL5890355,O=C(NO)C(Cc1ccccc1)n1cc2ccc(-c3ccccc3)cc2n1,,6.43,6.43,6.529837961659741,6.584389374226125,-0.09983796165974113,-0.15438937422612486
CHEMBL5799638,O=C(NO)C(Cc1ccccc1)n1cc2ccc(-c3cncnc3)cc2n1,,6.43,6.43,6.604050950587565,6.614299131328204,-0.17405095058756537,-0.18429913132820452
CHEMBL5944316,O=C(NO)C(Cc1ccccc1)n1cc2cccc(C#CC3CC3)c2n1,,6.43,6.43,6.800174777934913,7.42393922240208,-0.3701747779349134,-0.99393922240208
CHEMBL5786962,O=C(NO)C(Cc1ccccc1)n1cc2cccc(CN3CCC(F)(F)CC3)c2n1,,6.43,6.43,6.46302674863022,6.54751267802332,-0.03302674863022048,-0.11751267802332066
CHEMBL6016840,O=C(NO)C(Cc1ccccc1)n1cc2c(n1)CCCC2,,6.43,6.43,6.441165179308439,6.434993868807705,-0.0111651793084393,-0.0049938688077055815
CHEMBL6019157,Cn1cc(-c2cnc3c(cnn3C(Cc3ccccc3)C(=O)NO)c2)cn1,,6.43,6.43,6.560625594119065,6.534199308701014,-0.13062559411906527,-0.10419930870101446
CHEMBL5974379,Cn1nccc1-c1cnc2c(cnn2C(Cc2ccccc2)C(=O)NO)c1,,6.43,6.43,6.551162357111332,6.607028566921191,-0.1211623571113325,-0.17702856692119084
CHEMBL6013546,Cc1ccc2c(cnn2C(Cc2ccccc2)C(=O)NO)n1,,6.43,6.43,6.543662018283955,6.520241478972478,-0.11366201828395539,-0.09024147897247836
CHEMBL5853693,NC(=O)c1ccc(-c2cc3cnn(C(Cc4ccccc4)C(=O)NO)c3cn2)cc1,,6.43,6.43,6.565126723829323,6.563495928254099,-0.13512672382932323,-0.13349592825409928
CHEMBL5845920,NC(=O)C(Cc1ccccc1)n1ncc2cnccc21,,6.43,6.43,6.274175946355192,6.0333520053922145,0.15582405364480767,0.3966479946077852
CHEMBL5817273,Cn1nccc1-c1ccn2c(C(Cc3ccccc3)C(=O)NO)cnc2c1,,6.43,6.43,6.495607721631744,6.578086117307367,-0.06560772163174455,-0.14808611730736754
CHEMBL5857409,Cn1nccc1-c1cccc2nn(C(Cc3ccccc3)C(=O)NO)cc12,,6.43,6.43,6.5207686894061485,6.491062695388052,-0.0907686894061488,-0.061062695388052646
CHEMBL5857111,NC(=O)c1cccc(-c2cccn3c(C(Cc4ccccc4)C(=O)NO)cnc23)c1,,6.43,6.43,6.442796381644522,6.592095827980511,-0.012796381644522015,-0.1620958279805116
CHEMBL5826841,Cn1nccc1-c1ccc2nn(C(Cc3ccccc3)C(=O)NO)cc2c1,,6.43,6.43,6.541491542177827,6.575734319089103,-0.11149154217782709,-0.14573431908910361
CHEMBL5834281,Cc1nn(C)c(C)c1-c1ccc2c(cnn2C(Cc2ccccc2)C(=O)NO)c1,,6.43,6.43,6.637966518402266,6.7328092897938445,-0.20796651840226588,-0.3028092897938448
CHEMBL6046076,NC(=O)c1ccc(-c2cccn3c(C(Cc4ccccc4)C(=O)NO)cnc23)cc1,,6.43,6.43,6.4548861051230215,6.416595684485982,-0.024886105123021807,0.013404315514017995
CHEMBL5751979,Cc1cccn2c(C(Cc3ccccc3)C(=O)NO)cnc12,,6.43,6.43,6.408477634189935,6.3414536873558935,0.021522365810064947,0.08854631264410617
CHEMBL5760088,N#Cc1ccc(-c2ccc3c(cnn3C(Cc3ccccc3)C(=O)NO)c2)cc1,,6.43,6.43,6.590551048799117,6.730598843408951,-0.16055104879911752,-0.3005988434089515
CHEMBL6009974,Cn1nccc1-c1ccc2c(cnn2C(Cc2ccccc2)C(=O)NO)n1,,6.43,6.43,6.572102888887067,6.568063894739531,-0.14210288888706746,-0.13806389473953118
CHEMBL6024002,Cn1nccc1-c1cc2cnn(C(Cc3ccccc3)C(=O)NO)c2cn1,,6.43,6.43,6.516722723398797,6.577826843588255,-0.08672272339879772,-0.14782684358825549
CHEMBL5976660,COc1ncc(-c2ccc3nn(C(Cc4ccccc4)C(=O)NO)cc3c2)cn1,,6.43,6.43,6.604976184291529,6.72387279344413,-0.1749761842915296,-0.2938727934441303
CHEMBL5855192,CC(C)Oc1ccc(-c2cccc3nn(C(Cc4ccccc4)C(=O)NO)cc23)cn1,,6.43,6.43,6.552855379877639,6.8993350938241,-0.12285537987763906,-0.46933509382410055
CHEMBL4466529,N#Cc1ccc2c(c1)SC(=S)N1CCCN=C21,,6.43,6.43,6.280391579054695,6.268544000005354,0.14960842094530502,0.16145599999464544
CHEMBL5185205,CCCCNNC(=O)c1ccc(-c2ccc(CNC(C)=O)cc2)cc1,,6.44,6.44,6.250260398875399,6.175624929899836,0.1897396011246011,0.26437507010016414
CHEMBL5934316,CN(c1ncc(C(=O)NO)cn1)C12CC3CC(CC(C3)C1)C2,,6.44,6.44,6.280607654825799,5.8143777583563185,0.15939234517420164,0.6256222416436819
CHEMBL3356917,Cc1ccc(NC(=O)[C@H](CCCCCS)NC(=O)[C@@H]2CCCC(=O)N2)cc1,,6.44,6.44,6.5003523116633675,6.534249350717936,-0.060352311663367075,-0.09424935071793517
CHEMBL3110021,O=C(NO)[C@@H]1[C@H](c2ccccc2)[C@H]1c1ccc(-c2cnco2)cc1,,6.44,6.44,6.157576001207456,5.640567349886947,0.2824239987925443,0.7994326501130535
CHEMBL489706,O=C(/C=C/c1ccc2c(c1)nc(CCc1ccccc1)n2Cc1ccccn1)NO,,6.44,6.44,6.332793802440142,6.342662303012295,0.10720619755985883,0.09733769698770534
CHEMBL4788940,Cc1cc2cc(NS(=O)(=O)Cc3ccc(C(=O)NO)cc3)ccc2n(C)c1=O,,6.44,6.44,6.358238401515083,6.277929868520248,0.08176159848491782,0.16207013147975236
CHEMBL4539040,CC[C@H](Nc1ncnc2[nH]cnc12)c1nc(CCCCCC(=O)NO)c2ccccc2n1,,6.45,6.45,6.036765442480663,5.903497781744486,0.41323455751933746,0.5465022182555144
CHEMBL4795285,Nc1ccccc1NC(=O)c1ccc(Cn2cnc3c(Nc4ccc(C(=O)NO)cc4)nc(Cl)nc32)cc1,,6.45,6.45,6.452855039656878,6.150046670035103,-0.0028550396568780556,0.29995332996489754
CHEMBL491688,COc1cc(Cn2c(CCc3ccccc3)nc3cc(/C=C/C(=O)NO)ccc32)cc(OC)c1OC,,6.45,6.45,6.434688359826616,6.350910839069394,0.015311640173384156,0.09908916093060594
CHEMBL4228565,O=C(/C=C/c1ccc(C(=O)NO)cc1)N[C@@H](Cc1c[nH]c2ccccc12)C(=O)Nc1ccc(Br)cc1,,6.45,6.45,6.630645126671118,6.811331200094804,-0.1806451266711182,-0.3613312000948037
CHEMBL6046410,COc1ccc(OCCCCOc2cc(OC)ccc2/C=C/C(=O)NO)cc1,,6.455,6.455,6.64436672706109,6.673622383936898,-0.18936672706109015,-0.21862238393689815
CHEMBL1835422,CC(C)(C)OC(=O)NCCCC[C@H](NC(=O)OC(C)(C)C)C(=O)N1CC2(C[C@H]1C(=O)NCCCCCC(=O)NO)SCCS2,,6.46,6.46,6.188641723509815,6.090074642666859,0.27135827649018474,0.36992535733314114
CHEMBL4636051,O=C(CCCCCC(=O)NCCCN1c2ccccc2CCc2ccc(Cl)cc21)NO,,6.46,6.46,6.082868961178649,5.952898982012189,0.3771310388213509,0.5071010179878108
CHEMBL5281824,COc1cc(/C=C2\SC(=O)N(CCNC(=O)Nc3c(C)n(C)n(-c4ccccc4)c3=O)C2=O)cc(OC)c1OC,,6.46,6.46,6.402254527143649,6.163003376194395,0.05774547285635112,0.29699662380560454
CHEMBL3426906,O=C(CCCCCOc1no[n+]([O-])c1S(=O)(=O)c1ccccc1)NO,,6.46,6.46,6.309442671500481,5.96201178857375,0.1505573284995192,0.49798821142625016
CHEMBL3357484,O=C(NO)c1ccc2c(c1)CC(NS(=O)(=O)c1cccc(F)c1)CC2,,6.46,6.46,6.412103628100686,6.399861883214415,0.04789637189931373,0.060138116785585005
CHEMBL3884141,Cc1ccc(-c2cc(C(=O)NCCCCCCC(=O)NO)nn2-c2ccc(S(C)(=O)=O)cc2)cc1,,6.46,6.46,6.317730567831735,6.225308738202845,0.14226943216826538,0.23469126179715527
CHEMBL3645366,O=C(/C=C/c1ccc2c(c1)NC(CCc1ccccc1)N2CCN1CCOCC1)NO,,6.46,6.46,6.435751527265163,6.546257680575588,0.0242484727348371,-0.08625768057558769
CHEMBL4871247,Cc1ccc(-c2nc(CNc3ccc(C(=O)NO)cc3)n(-c3ccccc3)n2)s1,,6.46,6.46,6.501459170196298,6.7657628411496935,-0.041459170196297634,-0.30576284114969354
CHEMBL4163681,O=C(CCCCCCN(Cc1ccc(F)cc1)c1ncc(C(=O)NCCCn2ccnc2)s1)NO,,6.46,6.46,6.314560308927318,6.028784033878759,0.1454396910726823,0.4312159661212407
CHEMBL3884118,COc1ccc2c(c1)c(CC(=O)NCCCCCC(=O)NO)c(C)n2C(=O)c1ccc(Cl)cc1,,6.46,6.46,6.127191053792805,6.0692451915829615,0.33280894620719526,0.39075480841703847
CHEMBL3645372,O=C(/C=C/c1ccc2c(c1)nc(-c1ccccn1)n2CC(O)CO)NO,,6.46,6.46,6.5459005862775745,6.540498650543414,-0.08590058627757458,-0.08049865054341421
CHEMBL489709,O=C(/C=C/c1ccc2c(c1)nc(CCc1ccccc1)n2CCN1CCOCC1)NO,,6.46,6.46,6.362255217946554,6.333819411983332,0.09774478205344561,0.12618058801666798
CHEMBL4542119,C=C(c1ccc(OC)c(/C=C/C(=O)NO)c1)c1cc(OC)c(OC)c(OC)c1,,6.47,6.47,6.612269279693335,6.645171939671879,-0.14226927969333492,-0.1751719396718796
CHEMBL5954789,O=C(NO)c1ccc(NC(=O)c2[nH]c(-c3ccccc3)cc2-c2ccc(O)cc2)cc1,,6.47,6.47,6.506246912870973,6.612918386235696,-0.036246912870972814,-0.14291838623569664
CHEMBL5969007,O=C(NO)c1ccc2sc(-c3ccc(F)cc3)nc2c1,,6.47,6.47,6.500050516013879,6.594815399593594,-0.03005051601387887,-0.12481539959359456
CHEMBL3645370,COc1cc(-c2nc3cc(/C=C/C(=O)NO)ccc3n2CC(O)CO)ccc1OCc1ccccc1,,6.47,6.47,6.482668107177589,6.5479052417367,-0.01266810717758915,-0.07790524173670033
CHEMBL4079328,Cc1ccc(C(=O)NO)cc1NCc1c(Cl)cccc1Cl,,6.47,6.47,6.547856987306871,6.556727341807232,-0.07785698730687152,-0.08672734180723207
CHEMBL3799728,O=C(NO)c1ccc(C(F)(F)F)c(NC(=O)c2ccccc2)c1,,6.47,6.47,6.534570591466785,6.618314406512459,-0.06457059146678557,-0.1483144065124593
CHEMBL3098605,Cc1ccc(NC(=O)CCCCCCC(=O)NO)cc1,,6.47,6.47,6.284479691151294,5.947825708606857,0.18552030884870607,0.5221742913931431
CHEMBL4550214,O=C(NO)c1ccc(Cn2c(=O)n(CCc3ccccc3)c(=O)c3ccccc32)cc1,,6.48,6.48,6.161377088288155,6.074901149426633,0.3186229117118451,0.40509885057336703
CHEMBL6133569,O=C(NO)c1ccc(CN2C(=O)C3=C(CCN(Cc4cccc(Cl)c4)C3)N3CCN=C23)cc1,,6.48,6.48,6.434515209297107,6.351785791379326,0.04548479070289346,0.12821420862067434
CHEMBL3648267,O=C(/C=C/c1ccc2c(c1)nc(CCc1ccccc1)n2CCc1cccnc1)NO,,6.48,6.48,6.410661130004518,6.357940562440159,0.069338869995482,0.12205943755984183
CHEMBL5192865,O=C(NO)c1ccc(CN(C2CC2)S(=O)(=O)c2cc(F)c(F)c(F)c2F)cc1,,6.48,6.48,6.659967156674703,6.835848423872049,-0.17996715667470298,-0.3558484238720485
CHEMBL5093071,O=C(NO)c1ccc(CN(Cc2ccccn2)S(=O)(=O)c2cc(F)c(F)c(F)c2F)cc1,,6.48,6.48,6.4677569239231545,6.437811871518781,0.012243076076845938,0.04218812848121978
CHEMBL5182215,C#CCN(C)CCCOc1ccc(NC(=O)CCCCCCC(=O)NO)cc1Cl,,6.48,6.48,6.254571762745671,5.938865174632205,0.22542823725432903,0.541134825367795
CHEMBL5415322,Cn1cc[n+](C)c1Br,,6.48,6.48,5.924462587674464,5.261710003679957,0.5555374123255366,1.2182899963200438
CHEMBL251011,COc1ccc(COC(CCCCCC(=O)NO)C(=O)Nc2ccccc2)cc1,,6.48,6.48,6.376202644572373,6.364977161681216,0.10379735542762702,0.11502283831878479
CHEMBL5561399,C[C@@H](COCCC(=O)N1CCN(c2ncc(OCc3ccc(/C=C/C(=O)NO)cc3)cn2)CC1)Nc1cn[nH]c(=O)c1C(F)(F)F,,6.5,6.5,6.573942309691757,6.581898902074228,-0.0739423096917573,-0.08189890207422756
CHEMBL4453121,O=C(NO)c1ccc(Cn2nnc(-c3ncccn3)n2)cc1,,6.5,6.5,6.271336211314494,6.1974155056415965,0.2286637886855063,0.3025844943584035
CHEMBL3621293,O=C(CCCCCCNC(=O)Cn1cnc2c(Nc3ccccc3)nc(Nc3ccccc3)nc21)NO,,6.5,6.5,6.55709882215445,6.298687146952176,-0.05709882215445017,0.2013128530478241
CHEMBL3694304,O=C(NO)c1ccc2c(c1)CC(Nc1nccc(-c3ccc(N4CCOCC4)nc3)n1)CC2,,6.5,6.5,6.47252022015597,6.5507911281644144,0.027479779844029828,-0.050791128164414445
CHEMBL4581057,CC[C@H](Nc1ncnc2[nH]cnc12)c1nc2cccc(CNc3ncc(C(=O)NO)cn3)c2c(=O)n1-c1ccccc1,,6.5,6.5,6.597750987807236,6.703258324511333,-0.09775098780723557,-0.2032583245113333
CHEMBL5803931,FC(F)(F)c1nc(-c2ccnc(OC[C@@H]3C[C@@H]3c3ncccn3)c2)no1,,6.5,6.5,6.399538918577441,6.139368396277475,0.1004610814225586,0.360631603722525
CHEMBL555906,O=C(/C=C/c1cccc(-c2ccc(O)cc2)c1)NO,,6.5,6.5,6.48333904711052,6.2888656590448315,0.016660952889480107,0.21113434095516848
CHEMBL5278816,O=C(CCCCCCNCc1ccc2ccccc2c1)NO,,6.5,6.5,6.296005680117801,6.343203136951134,0.20399431988219874,0.1567968630488661
CHEMBL521909,COCCCn1c(CCc2ccccc2)nc2cc(/C=C/C(=O)NO)ccc21,,6.5,6.5,6.445633177013947,6.465767992196998,0.05436682298605344,0.03423200780300206
CHEMBL5176705,O=C(NO)c1ccc(CN(C2CC2)S(=O)(=O)c2c(F)cc(F)cc2F)cc1,,6.5,6.5,6.63281596925303,6.6847345659015005,-0.13281596925302974,-0.1847345659015005
CHEMBL4749655,O=C(CCCCCCn1cnc2c(N3CCOCC3)nc(-c3cccc(CO)c3)nc21)NO,,6.5,6.5,6.472514049845669,6.709825787057262,0.02748595015433075,-0.2098257870572624
CHEMBL5209294,C#Cc1nc(C(=O)NCCCCCCC(=O)NO)cs1,,6.5,6.5,6.416651275423883,6.31203624518618,0.0833487245761173,0.18796375481382022
CHEMBL5746424,O=C(NO)c1ccc2nc(-c3cccc4cccnc34)sc2c1,,6.5,6.5,6.452980862946122,6.284439222937772,0.04701913705387817,0.21556077706222787
CHEMBL4299417,CC[C@H]1OC(=O)[C@@H](C)[C@H](O[C@H]2C[C@@](C)(OC)[C@@H](O)[C@H](C)O2)[C@H](C)[C@H](O[C@H]2O[C@@H](C)C[C@@H](N(C)Cc3ccc(-c4cn(CCCCCCC(=O)NO)nn4)cc3)[C@@H]2O)[C@@](C)(O)C[C@H](C)CN(C)[C@@H](C)[C@H](O)[C@@]1(C)O,,6.5,6.5,5.769630948737731,5.65449862473607,0.7303690512622687,0.8455013752639298
CHEMBL1095076,O=C(/C=C/c1cccc(-c2nc3ccccc3n2CC2CCNCC2)c1)NO,,6.51,6.51,6.722978720831291,6.795067999037906,-0.2129787208312912,-0.28506799903790636
CHEMBL556332,O=C(/C=C/c1ccc(-c2ccc(O)cc2)cc1)NO,,6.51,6.51,6.3340547950875195,6.164540348959875,0.17594520491248034,0.3454596510401249
CHEMBL3675758,O=C(CCCCCCN(c1ccccn1)c1ccc2ccccc2n1)NO,,6.51,6.51,6.230416764716226,6.354234774449585,0.2795832352837735,0.1557652255504145
CHEMBL3356927,O=C1NC[C@H](c2ccccc2)[C@@H]1C(=O)N[C@@H](CCCCCS)C(=O)Nc1ccccc1,,6.51,6.51,6.589198778510767,6.593079339692369,-0.07919877851076684,-0.08307933969236903
CHEMBL3736314,CC[C@H]1OC(=O)[C@H](C)C(=O)[C@H](C)[C@@H](O[C@@H]2O[C@H](C)C[C@H](N(C)Cc3cccc(-c4cn(CCCCCCC(=O)NO)nn4)c3)[C@H]2O)[C@@](C)(OC)C[C@@H](C)C2=NCCN3C(=O)O[C@@]1(C)[C@H]3[C@H]2C,,6.51,6.51,5.92977443904647,5.64616352595327,0.5802255609535294,0.8638364740467299
CHEMBL4095596,CC(CCCCCC(=O)NO)n1cc(-c2ncnc3[nH]ccc23)cn1,,6.51,6.51,6.441681981670399,6.379547689647126,0.0683180183296006,0.13045231035287408
CHEMBL95849,O=C(/C=C/c1ccc(NS(=O)(=O)c2ccc(Cl)cc2Cl)cc1)NO,,6.52,6.52,6.5731645184438,6.577103636235276,-0.053164518443800546,-0.05710363623527659
CHEMBL474152,O=C(/C=C/c1ccc2c(c1)nc(CCc1ccccc1)n2CCCO)NO,,6.52,6.52,6.490094706696472,6.450830386917245,0.029905293303527536,0.06916961308275482
CHEMBL3648268,O=C(/C=C/c1ccc2c(c1)nc(COCc1ccccc1)n2CCc1cccnc1)NO,,6.52,6.52,6.560499085151375,6.602684954373656,-0.04049908515137535,-0.08268495437365608
CHEMBL5401169,O=C(NO)c1ccc(Cn2c(=O)[nH]c(=O)c3ccc(C(F)(F)F)cc32)cc1,,6.52,6.52,6.484758312732875,6.488024621325294,0.03524168726712418,0.0319753786747059
CHEMBL5399106,O=C(CCCCCCNC(=O)c1ncc(-c2ccc(Br)cc2)o1)NO,,6.52,6.52,6.354791587149526,6.268881010247222,0.1652084128504736,0.25111898975277747
CHEMBL3694286,O=C(NO)c1ccc2c(c1)CC(Nc1nccc(C(F)(F)F)n1)CC2,,6.52,6.52,6.157269248376929,6.066332882916332,0.36273075162307045,0.45366711708366747
CHEMBL3357481,O=C(NO)c1ccc2c(c1)CC(Nc1nccc(-c3ccccc3Cl)n1)CC2,,6.52,6.52,6.111220024106406,5.935120318368982,0.4087799758935935,0.5848796816310173
CHEMBL317570,Cc1ccc(S(=O)(=O)Nc2ccc(/C=C/C(=O)NO)cc2)cc1,,6.52,6.52,6.681048255849961,6.949436021692575,-0.16104825584996174,-0.42943602169257566
CHEMBL5884740,O=C1CC[C@@H](c2nc(-c3ccccn3)no2)N1c1ccc(-c2noc(C(F)(F)F)n2)cc1,,6.54,6.54,5.965285296030316,5.743055481117246,0.5747147039696836,0.7969445188827544
CHEMBL6037028,CCCCOc1ccc(/C=C/C(=O)NO)c(-c2ccccc2)c1,,6.54,6.54,6.645769925075594,6.756782876130404,-0.10576992507559435,-0.21678287613040403
CHEMBL4087210,Cc1ccc(C(=O)NO)cc1NCc1ccccc1Cl,,6.54,6.54,6.52148695171347,6.459728630133299,0.018513048286529887,0.08027136986670147
CHEMBL4519499,O=C(/C=C/c1ccc(C(=O)NCCOc2no[n+]([O-])c2S(=O)(=O)c2ccccc2)cc1)NO,,6.54,6.54,6.473672913611651,6.305320808962328,0.06632708638834917,0.23467919103767176
CHEMBL5633657,O=C(NO)c1ccc(CNC(=O)[C@H]2Cc3c([nH]c4ccccc34)[C@H](c3ccc(Cl)cc3)N2)cc1,,6.54,6.54,6.39122512960649,6.3600076085946196,0.14877487039350967,0.17999239140538048
CHEMBL3800615,O=C(NO)c1ccc(Cl)c(NC(=O)c2ccc(Cl)cc2)c1,,6.54,6.54,6.408417981510594,6.290806472244858,0.13158201848940632,0.2491935277551418
CHEMBL1631912,O=C(CCCCCC1OCCCCCCCOc2ccccc2NC1=O)NO,,6.54,6.54,6.369956077299637,6.248967333598484,0.17004392270036295,0.2910326664015157
CHEMBL5181688,COc1cc(OC)cc(N(CCNC(C)C)c2ccc3ncc(-c4cnn(CCOc5ccc(C(=O)NO)cc5)c4)nc3c2)c1,,6.54,6.54,6.710197259785554,7.234135368578412,-0.1701972597855539,-0.6941353685784124
CHEMBL5892761,O=C(NO)c1ccc2nc(-c3cccs3)[nH]c2c1,,6.54,6.54,6.318973186016883,6.165232141265747,0.22102681398311663,0.3747678587342529
CHEMBL4295105,O=C(CCC(CCCC(=O)Nc1ccccc1)c1ccccc1)NO,,6.54,6.54,6.681857656979535,6.683230136619496,-0.14185765697953467,-0.14323013661949613
CHEMBL3694287,CCOc1cc(C)nc(NC2CCc3ccc(C(=O)NO)cc3C2)n1,,6.54,6.54,6.368094773587954,6.238081546396046,0.1719052264120462,0.3019184536039541
CHEMBL3648272,CN1c2ccc(/C=C/C(=O)NO)cc2NC1CCc1ccccc1,,6.54,6.54,6.381072331531412,6.166635190128964,0.1589276684685883,0.3733648098710356
CHEMBL2425952,CCc1nc2c(Cc3ccc(C(=O)NO)cc3)cccc2c(=O)n1CCc1ccccc1,,6.55,6.55,6.501847119706683,6.441730783721988,0.048152880293316436,0.10826921627801145
CHEMBL3793392,O=C(NO)[C@]1(F)[C@H](c2ccccc2)[C@H]1c1ccc(-c2ncc(F)cn2)cc1,,6.55,6.55,6.152168310849925,5.714162531599023,0.39783168915007483,0.8358374684009764
CHEMBL5416448,O=C(CCCCCCNC(=O)c1ncc(-c2ccccc2)o1)NO,,6.55,6.55,6.407624442598413,6.215765789496789,0.14237555740158658,0.3342342105032108
CHEMBL3353925,O=C1CC[C@H](C(=O)N[C@@H](CCCCCS)C(=O)Nc2ccccc2)N1,,6.55,6.55,6.473411146692786,6.387985588389826,0.07658885330721343,0.1620144116101736
CHEMBL4850958,COc1ccc(C(=O)NO)cc1C(=O)Nc1cccc(Cl)c1,,6.55,6.55,6.719631556557109,6.955848530042305,-0.1696315565571096,-0.4058485300423049
CHEMBL5193014,O=C(NO)c1ccc(CN(C2CC2)S(=O)(=O)c2ccc(F)cc2)cc1,,6.55,6.55,6.66631225436169,6.683951845171302,-0.11631225436169057,-0.13395184517130243
CHEMBL5864391,O=C1COC[C@@H](c2nc(-c3ccccn3)no2)N1c1ccc(-c2noc(C(F)(F)F)n2)cc1,,6.55,6.55,6.045745437325546,5.822721082393649,0.5042545626744541,0.727278917606351
CHEMBL5792904,O=C(Nc1ccccc1)c1cccc(NCc2ccc(-c3noc(C(F)(F)F)n3)cn2)c1,,6.55,6.55,6.1459448112025665,5.866373029160583,0.4040551887974333,0.6836269708394171
CHEMBL4765007,O=C(/C=C/c1ccc(CNC(=O)c2c(F)c(F)c(F)c(F)c2F)cc1)NO,,6.55,6.55,6.430313463482444,6.348688191833407,0.11968653651755545,0.20131180816659278
CHEMBL4644307,N[C@@H](CCCCCC(=O)c1ccon1)c1ncc(-c2ccccc2F)[nH]1,,6.55,6.55,6.52983447033121,6.230644585316779,0.02016552966879015,0.31935541468322093
CHEMBL5199279,COc1ccc(N(C)c2nc(C)nc3ccccc23)cc1/C=C/C(=O)NO,,6.55,6.55,6.456801949181694,6.297232721020743,0.09319805081830612,0.252767278979257
CHEMBL4592929,O=C(/C=C/c1ccc(C(=O)NC(Cc2c[nH]c3ccccc23)C(=O)Nc2cccc(Br)c2)cc1)NO,,6.55,6.55,6.62763823861287,6.56393046845146,-0.07763823861287023,-0.013930468451460065
CHEMBL2414098,O=C(CCCCCCc1nc2ccc(Br)cc2[nH]1)NO,,6.55,6.55,6.334469502951109,6.356656808380859,0.21553049704889116,0.1933431916191406
CHEMBL5413612,O=C(NO)c1ccc(Cn2c(=O)[nH]c(=O)c3c(Cl)cccc32)cc1,,6.55,6.55,6.520181214637576,6.429610674403245,0.02981878536242366,0.12038932559675519
CHEMBL5201529,O=C(NO)c1ccc(CN(C2CC2)S(=O)(=O)c2cc(F)c(F)c(F)c2)cc1,,6.56,6.56,6.63729534688825,6.627715274565568,-0.07729534688825002,-0.06771527456556825
CHEMBL1822042,CC(C)CCc1c(OCCCCCCC(=O)NO)ccc(CCC(=O)NO)c1O,,6.57,6.57,6.264255383925233,5.95562671995953,0.305744616074767,0.6143732800404704
CHEMBL4847732,COc1ccc(NC(=O)c2cc(C(=O)NO)ccc2OC)cc1,,6.57,6.57,6.769625539177076,7.031628254136965,-0.1996255391770756,-0.46162825413696496
CHEMBL4755326,CC(C)(C)c1ccc(C(=O)N(Cc2ccc(C(=O)NO)cc2)C2CC2)cc1,,6.57,6.57,6.623527308642027,6.6512408445822615,-0.05352730864202648,-0.08124084458226122
CHEMBL4744689,Nc1ncc(-c2nc(N3CCOCC3)c3ccn(CCCCCCC(=O)NO)c3n2)cn1,,6.57,6.57,6.677323729605042,6.899945876058624,-0.10732372960504133,-0.32994587605862336
CHEMBL5186798,C#Cc1nc(/C=C/CCCCCC(=O)NO)cs1,,6.57,6.57,6.186684291611272,6.004336649589222,0.38331570838872864,0.5656633504107784
CHEMBL4475077,S=C1Sc2ccc(Br)cc2C2=NCCN12,,6.58,6.58,6.023507233175394,5.937950010409395,0.556492766824606,0.6420499895906051
CHEMBL3415452,O=C(NO)c1ccc(NC2CCN(CCc3ccccc3)C2=O)cc1,,6.58,6.58,6.43119233609637,6.410801875179038,0.14880766390363043,0.1691981248209622
CHEMBL5986923,CC(C)Oc1ccc(-c2nc3ccc(C(=O)NO)cc3[nH]2)cc1,,6.58,6.58,6.731698870547613,6.7938137268574845,-0.15169887054761322,-0.21381372685748445
CHEMBL3645369,COc1ccc(-c2nc3cc(/C=C/C(=O)NO)ccc3n2CC(O)CO)cc1,,6.58,6.58,6.564110249611831,6.610583518254714,0.015889750388168977,-0.030583518254713837
CHEMBL3694289,O=C(NO)c1ccc2c(c1)CC(Nc1nccc(-c3ccc(F)cc3)n1)CC2,,6.58,6.58,6.187658847616198,5.9887320570451585,0.39234115238380163,0.5912679429548415
CHEMBL5219361,CN(CCOc1no[n+]([O-])c1S(=O)(=O)c1ccccc1)C(=O)c1ccc(/C=C/C(=O)NO)cc1,,6.58,6.58,6.525066137611617,6.589451154743129,0.05493386238838305,-0.009451154743128853
CHEMBL4472676,CNCCOc1no[n+]([O-])c1S(=O)(=O)c1ccccc1,,6.58,6.58,6.3586213396501705,5.857570623957064,0.22137866034982956,0.7224293760429363
CHEMBL3593407,CC(C)[C@@H]1NC(=O)[C@]2(C)CSC(=N2)c2csc(n2)CNC(=O)C[C@@H](/C=C/CCS)NC1=O,,6.59,6.59,6.498955415514136,6.235555396012138,0.09104458448586428,0.3544446039878615
CHEMBL4524784,CCCCCCCC(=O)SCC/C=C(\F)[C@@H]1CC(=O)NCc2nc(cs2)C2=N[C@@](C)(CS2)C(=O)N[C@@H](C(C)C)C(=O)O1,,6.59,6.59,6.64149503230244,6.935671817440784,-0.0514950323024399,-0.3456718174407838
CHEMBL4066734,O=C(NO)c1ccc(Cl)c(NCc2ccccc2)c1,,6.59,6.59,6.59683792279513,6.454944719104226,-0.006837922795130069,0.13505528089577368
CHEMBL5412013,O=C(NO)c1ccc(Cn2c(=O)n(CCc3ccccc3)c(=O)c3ccccc32)c(F)c1,,6.59,6.59,6.362835893387345,6.273139876011349,0.22716410661265485,0.3168601239886506
CHEMBL489332,O=C(/C=C/c1ccc2c(c1)nc(CCc1ccccc1)n2CCN1CCCCC1)NO,,6.59,6.59,6.4055609164181035,6.387599193086693,0.1844390835818963,0.20240080691330675
CHEMBL4516095,CC[C@H](Nc1ncnc2[nH]cnc12)c1nc2cccc(NCc3ccc(C(=O)NO)cc3)c2c(=O)n1-c1ccccc1,,6.6,6.6,6.352314273318662,6.181474780685953,0.24768572668133793,0.41852521931404674
CHEMBL5992372,Cc1nc2c(c(=O)[nH]1)CC(NCc1ccc(-c3noc(C(F)(F)F)n3)cc1)CC2,,6.6,6.6,6.26646072094697,5.686382636416488,0.3335392790530296,0.9136173635835121
CHEMBL5205385,CCCNNC(=O)c1cnc(N2CCN(C)CC2)nc1,,6.6,6.6,6.8297436668299305,7.3935163916429145,-0.22974366682993086,-0.7935163916429149
CHEMBL4087616,CN1C(=O)C2CN(Cc3c2c2ccccc2n3Cc2ccc(C(=O)NO)cc2)C1=O,,6.6,6.6,6.347295938593431,5.921290621168227,0.2527040614065683,0.6787093788317726
CHEMBL521431,CC(C)(C)Oc1ccc(C[C@@H]2C(=O)Nc3ccccc3N2Cc2ccc(C(=O)NO)cc2)cc1,,6.6,6.6,6.359881478692477,6.202810719556618,0.24011852130752231,0.3971892804433814
CHEMBL5207713,O=C(/C=C/C1CCN(CCc2c[nH]c3ccccc23)CC1)NO,,6.6,6.6,6.219393243177235,6.120143344108627,0.3806067568227647,0.47985665589137305
CHEMBL3098692,O=C(CCCCC[C@H](NC(=O)C1CCCNC1=O)C(=O)Nc1ccccc1)NO,,6.6,6.6,6.861871578653227,7.073367867240167,-0.26187157865322774,-0.47336786724016733
CHEMBL5558247,COc1ccc(C(=O)NO)cc1NCc1ccc(OCc2cn(CCCCCC(=O)Nc3cccc4c3C(=O)N(C3CCC(=O)NC3=O)C4=O)nn2)cc1,,6.6,6.6,6.612791135635663,6.671467887591883,-0.012791135635663586,-0.07146788759188372
CHEMBL4574697,O=C(/C=C/c1ccc(C(=O)NC(Cc2c[nH]c3ccccc23)C(=O)Nc2ccc(Cl)cc2)cc1)NO,,6.61,6.61,6.645398298906333,6.6862689394615575,-0.03539829890633239,-0.07626893946155722
CHEMBL3356936,Cc1cccc(CCNC(=O)CCCCCCS)c1,,6.61,6.61,6.43306882977353,6.21118624246958,0.17693117022646998,0.39881375753042025
CHEMBL4452620,CC(C)(C)c1ccc(C(=O)Nc2ccc(C(=O)NO)cc2)cc1,,6.61,6.61,7.231731772550434,7.652891245046048,-0.6217317725504339,-1.0428912450460475
CHEMBL5287581,Cc1c(NC(=O)NCCN2C(=O)S/C(=C\c3ccc([N+](=O)[O-])cc3)C2=O)c(=O)n(-c2ccccc2)n1C,,6.61,6.61,6.341425393643782,5.891150994745179,0.26857460635621866,0.7188490052548211
CHEMBL5612510,CCc1c(C#N)c(S[C@@H](C(N)=O)c2ccccc2)nc(N2CCC(CNCc3ccc(/C=C/C(=O)NO)cc3)CC2)c1C#N,,6.62,6.62,6.566194225983553,6.214462631062491,0.05380577401644704,0.4055373689375088
CHEMBL475145,CC(C)Cc1nc2cc(/C=C/C(=O)NO)ccc2n1CCCO,,6.62,6.62,6.4846934358936466,6.037644012987529,0.13530656410635356,0.5823559870124715
CHEMBL3798503,COc1ccc(C(=O)NO)cc1NC(=O)c1ccc(Cl)cc1,,6.62,6.62,6.766060689922279,6.818824106530621,-0.14606068992227872,-0.19882410653062088
CHEMBL5984818,O=C(NO)c1ccc2nc(Nc3cccc(OCc4ccccc4)c3)[nH]c2c1,,6.62,6.62,6.5298423518880915,6.249370128650728,0.09015764811190863,0.37062987134927194
CHEMBL5941931,O=C(/C=C/c1ccc2c(c1)ncn2CCc1ccccn1)NO,,6.62,6.62,6.377355155398219,6.2616485314006995,0.24264484460178082,0.35835146859930056
CHEMBL568151,N=C(N)NCCC[C@@H]1NC(=O)C[C@H](Cc2ccc(O)cc2)NC(=O)[C@H](CC(=O)O)NC(=O)[C@H](CCCCCC(=O)NO)NC1=O,,6.62,6.62,6.600942040286519,6.244045777905955,0.019057959713481232,0.3759542220940455
CHEMBL4073344,COc1ccc(C(=O)NO)cc1NC(C)c1ccc(Cl)cc1,,6.62,6.62,6.635824808905149,6.558790977792031,-0.01582480890514848,0.06120902220796953
CHEMBL564876,O=C(CCCCCC(c1c[nH]c2ccccc12)c1c[nH]c2ccccc12)NO,,6.62,6.62,6.262812352671452,6.096041854826956,0.3571876473285478,0.5239581451730437
CHEMBL5094501,O=C(NO)c1ccc(CN(Cc2ccccc2F)S(=O)(=O)c2cc(F)c(F)c(F)c2F)cc1,,6.62,6.62,6.516739827945926,6.415478931950981,0.10326017205407378,0.20452106804901948
CHEMBL3797455,COc1ccc(C(=O)Nc2cc(C(=O)NO)ccc2Cl)cc1,,6.63,6.63,6.718105547665928,6.829022399294846,-0.08810554766592826,-0.19902239929484633
CHEMBL5914638,N#Cc1ccc2c(=O)n(CCc3ccccc3)c(=O)n(Cc3cccc(C(=O)NO)c3)c2c1,,6.63,6.63,6.488482209623613,6.467591047772112,0.1415177903763869,0.16240895222788776
CHEMBL472631,O=C(/C=C/c1ccc(/C=N/OCCN2CCOCC2)cc1)NO,,6.63,6.63,6.643142262999701,6.691067639542709,-0.013142262999701337,-0.061067639542708996
CHEMBL3421753,O=C(NO)c1ccc(CNCc2nc(-c3ccc(F)cc3)no2)cc1,,6.64,6.64,6.275696929788902,6.092352536579594,0.36430307021109787,0.5476474634204056
CHEMBL4867041,CCOc1ccc(C(=O)NO)cc1NC(=O)c1ccc(Cl)cc1Cl,,6.64,6.64,6.4982521821431405,6.447515623461949,0.1417478178568592,0.19248437653805084
CHEMBL3764525,CN(C)c1ccc(C(=O)N/N=C/c2ccc(C(=O)NO)cc2)cc1,,6.64,6.64,6.562043904887932,6.655502366191445,0.07795609511206791,-0.015502366191445738
CHEMBL2371803,CC[C@H](C)[C@@H]1NC(=O)[C@@H](Cc2ccc(OC)cc2)NC(=O)[C@H](CCCCSCC(=O)C(F)(F)F)NC(=O)[C@H]2CCCN2C1=O,,6.64,6.64,6.521198044031209,6.125805048563542,0.11880195596879073,0.5141949514364574
CHEMBL388195,COC(=O)[C@@H]1Cc2cccc(c2)C[C@H](NC(C)=O)C(=O)N[C@@H](CCCCCC(=O)NO)C(=O)N1,,6.64,6.64,6.705163353237511,6.762500000245453,-0.06516335323751132,-0.12250000024545304
CHEMBL4784767,COc1cc(C(=O)NO)ccc1CS(=O)(=O)Nc1ccc2c(c1)cc(C)c(=O)n2C,,6.64,6.64,6.58531103017845,6.515704410815549,0.054688969821549804,0.1242955891844506
CHEMBL4563800,O=C(/C=C/c1ccc(C(=O)NC(Cc2c[nH]c3ccccc23)C(=O)Nc2ccc(I)cc2)cc1)NO,,6.64,6.64,6.537387052059602,6.517363984083023,0.10261294794039788,0.12263601591697704
CHEMBL5597435,CN(C)CCCn1c(SCc2ccc(/C=C/C(=O)NO)cc2)nc2ccccc21,,6.64,6.64,6.516091013091852,6.206489026813756,0.12390898690814733,0.43351097318624365
CHEMBL4075725,Cc1ccc(C(=O)NO)cc1NCc1ccc(-c2ccccc2)cc1,,6.64,6.64,6.678548844214818,6.568245147742058,-0.03854884421481852,0.07175485225794187
CHEMBL3884044,Cc1ccc(-c2cc(C(F)(F)F)nn2-c2ccc(S(=O)(=O)NCCCCCC(=O)NO)cc2)cc1,,6.65,6.65,6.183841727673352,5.980928553005292,0.4661582723266484,0.6690714469947086
CHEMBL4565392,CN(C(=O)CN(Cc1c(F)c(F)c(F)c(F)c1F)S(=O)(=O)c1ccc(F)cc1)c1ccc(C(=O)NO)cc1,,6.65,6.65,6.67153678995904,6.626861111737965,-0.021536789959039737,0.023138888262034918
CHEMBL5090447,O=C(CCCCCCNc1nn2c(=O)c3cc(Br)ccc3nc2c2ccccc12)NO,,6.65,6.65,6.820608120048496,6.833516942316505,-0.17060812004849524,-0.18351694231650484
CHEMBL5404245,O=C(NO)c1ccc(Cn2c(=O)[nH]c(=O)c3cc(F)ccc32)cc1,,6.65,6.65,6.547968434717854,6.531828579414397,0.10203156528214663,0.11817142058560304
CHEMBL5927936,O=C(NO)c1ccc2nc(-c3ccc4c(c3)CCO4)[nH]c2c1,,6.66,6.66,6.489654403886208,6.22238568425175,0.1703455961137923,0.4376143157482497
CHEMBL4780745,O=C(NO)c1ccc(NC(=O)c2ccc(C(F)(F)F)cc2)cc1,,6.66,6.66,6.931162582736809,7.1211930650609485,-0.2711625827368085,-0.46119306506094837
CHEMBL3827281,COc1ccc(-c2nc(N3CCOCC3)c3nc(CN(C)c4ncc(C(=O)NO)cn4)n(C)c3n2)cn1,,6.66,6.66,7.102547419496522,7.402235544365186,-0.4425474194965222,-0.7422355443651858
CHEMBL518821,O=C(c1ccc(-c2nc(COc3ccc(-c4nnco4)cc3)no2)s1)C(F)(F)F,,6.66,6.66,6.5782276386491985,6.164004435172867,0.08177236135080168,0.49599556482713325
CHEMBL5593634,CN1C(=O)CNC(=O)/C1=C/c1ccc(C(=O)NCc2ccc(C(=O)NO)cc2)cc1,,6.66,6.66,6.786335172545826,6.956695751684277,-0.1263351725458257,-0.2966957516842772
CHEMBL4870162,CCOc1ccc(C(C)=O)cc1NC(=O)c1cc(C(=O)NO)ccc1Cl,,6.66,6.66,6.632377603124011,6.747699309023421,0.027622396875988997,-0.08769930902342082
CHEMBL2023526,COc1cccc2c1C(=O)c1c(O)c3c(c(O)c1C2=O)C[C@@](O)(C(C)=O)C[C@@H]3O[C@H]1C[C@H](NCc2ccc(NC(=O)CCCCCCC(=O)NO)cc2)[C@H](O)[C@H](C)O1,,6.66,6.66,6.543456494069407,6.246624461031188,0.11654350593059348,0.4133755389688121
CHEMBL3798937,COc1ccc(C(=O)NO)cc1NC(=O)c1ccccc1Cl,,6.67,6.67,6.669498984372842,6.702775626957847,0.0005010156271580968,-0.032775626957847415
CHEMBL5192119,O=C(NO)c1ccc(CN(C2CC2)S(=O)(=O)c2c(F)c(Cl)c(F)c(Cl)c2F)cc1,,6.67,6.67,6.6546324465345865,6.522219678488746,0.015367553465413408,0.1477803215112541
CHEMBL3797939,O=C(NO)c1ccc(Cl)c(NC(=O)c2cccc(OCc3ccccc3)c2)c1,,6.67,6.67,6.5067616312666,6.216564168067791,0.16323836873340003,0.45343583193220915
CHEMBL4641904,N[C@@H](CCCCCC(=O)c1ccon1)c1ccn(-c2ccc(F)cc2)n1,,6.67,6.67,6.4116069247763505,6.250645353316168,0.2583930752236494,0.41935464668383204
CHEMBL5945074,COc1cccc(-c2cc3ccc(C(=O)NO)cc3o2)c1,,6.68,6.68,6.489388534168992,6.256648323191071,0.19061146583100808,0.42335167680892916
CHEMBL516600,O=C(NO)c1ccc(CN2c3ccccc3NC(=O)[C@@H]2Cc2ccccc2)cc1,,6.68,6.68,6.3030992554002285,6.257088585050701,0.3769007445997712,0.42291141494929896
CHEMBL4643791,CCN(c1ccc(C(=O)NO)cc1)S(=O)(=O)c1cccc(C(F)(F)F)c1,,6.68,6.68,6.55683028470459,6.494325487294729,0.12316971529540943,0.1856745127052708
CHEMBL2381519,O=C(NO)c1cccc(C(=O)NCc2ccccc2)c1,,6.68,6.68,6.485302561443059,6.497207114825351,0.19469743855694066,0.1827928851746483
CHEMBL4218825,CCOc1ccc(C2c3ccccc3CCN2CCC(=O)NO)cc1,,6.68,6.68,6.7792633525163275,6.813190769994307,-0.09926335251632779,-0.13319076999430735
CHEMBL4086093,O=C(CCCCCCC(=O)Nc1ccccc1CN1CC[C@H](O)C1)NO,,6.68,6.68,6.5444243643488615,6.391860052268195,0.13557563565113817,0.2881399477318043
CHEMBL3698524,O=C(Cc1ccc(CCCCc2ccc3c(c2)OCO3)cc1)NO,,6.68,6.68,6.409425994372116,5.905190030313349,0.2705740056278838,0.7748099696866504
CHEMBL3694314,O=C(NO)c1ccc2c(c1)CC(NS(=O)(=O)c1ccc(F)cc1F)CC2,,6.68,6.68,6.3833207929174645,6.2932687925078135,0.29667920708253526,0.38673120749218626
CHEMBL5171489,C#CCN(C)Cc1cccc(NC(=O)CCCCCCC(=O)NO)c1,,6.68,6.68,6.512334715402776,6.2556402295157865,0.16766528459722352,0.42435977048421325
CHEMBL522269,Cn1c(CCc2ccccc2)nc2cc(/C=C/C(=O)NO)ccc21,,6.685,6.685,6.4467378494088265,6.340089975749017,0.23826215059117306,0.34491002425098305
CHEMBL4443548,CC[C@H](Nc1ncnc2[nH]cnc12)c1nc2cccc(NCc3ccc(C(=O)NO)cn3)c2c(=O)n1-c1ccccc1,,6.69,6.69,6.5677214855759525,6.469315334125744,0.12227851442404791,0.2206846658742565
CHEMBL4170617,CC(C)CCN(CCCCCCC(=O)NO)c1ncc(C(=O)NCCCn2ccnc2)s1,,6.69,6.69,6.52304894723821,6.124441930757499,0.16695105276179056,0.5655580692425017
CHEMBL3797597,Cc1ccc(C(=O)NO)cc1NC(=O)c1ccccc1,,6.69,6.69,6.675747957753016,6.623349378241285,0.014252042246984509,0.06665062175871572
CHEMBL5983866,COc1ccc(/C=C/C(=O)OO)c(OCc2ccccc2)c1,,6.69,6.69,6.409383606674963,5.812912442644985,0.2806163933250376,0.877087557355015
CHEMBL474350,O=C(/C=C/c1ccc2c(c1)nc(C1CCCCC1)n2CCCO)NO,,6.69,6.69,6.578829578465341,6.455490207473217,0.11117042153465917,0.23450979252678383
CHEMBL3645375,O=C(/C=C/c1ccc2c(c1)nc(CCc1ccccc1)n2Cc1cccnc1)NO,,6.7,6.7,6.405318416151215,6.394571428233831,0.29468158384878507,0.30542857176616955
CHEMBL216641,COc1ccc2[nH]c(C)c(CC(=O)N[C@@H](CCCCCC(=O)NO)C(=O)NCCc3c(-c4ccccc4)[nH]c4ccccc34)c2c1,,6.7,6.7,6.838996868789094,7.083181819387311,-0.13899686878909367,-0.38318181938731044
CHEMBL317814,O=C(/C=C/c1ccc(NS(=O)(=O)c2ccccc2)cc1)NO,,6.7,6.7,6.9227675407081115,7.142295577432222,-0.22276754070811133,-0.4422955774322217
CHEMBL1095718,Cc1nc(-c2cccc(/C=C/C(=O)NO)c2)n(CCN2CCOCC2)c1C,,6.7,6.7,6.830013257050362,6.721875550695515,-0.13001325705036226,-0.02187555069551461
CHEMBL5181605,O=C(NO)c1ccc(CN(C2CC2)S(=O)(=O)c2c(F)cc(F)c(Cl)c2F)cc1,,6.7,6.7,6.619151772685628,6.6196810918116435,0.08084822731437225,0.08031890818835663
CHEMBL5757606,CC(C)c1ccc(Nc2nc3cc(C(=O)NO)ccc3o2)cc1,,6.7,6.7,6.6085385487747885,6.31595135118469,0.09146145122521165,0.38404864881530987
CHEMBL3309290,CC1(C)CC(=O)Nc2ccc(C(=O)NCc3cccc(/C=C/C(=O)NO)c3)cc21,,6.7,6.7,6.873381106391551,7.108155141169078,-0.1733811063915507,-0.40815514116907803
CHEMBL5863188,CCn1cnc2cc(/C=C/C(=O)NO)ccc21,,6.7,6.7,6.353742700760552,6.1427885324673674,0.3462572992394479,0.5572114675326327
CHEMBL1812334,N[C@H](Cc1cccc(Cl)c1)C(=O)N1CCN(C(=O)c2cc(F)ccc2F)CC1,,6.7,6.7,6.462304428723476,5.397286484778023,0.2376955712765243,1.3027135152219769
CHEMBL4081759,COc1ccc(C(=O)NO)cc1NCc1cccc(Oc2ccccc2)c1,,6.7,6.7,6.723967365099819,6.57332813730517,-0.02396736509981867,0.12667186269483022
CHEMBL3356526,CN1C(=O)CCC[C@H]1C(=O)N[C@@H](CCCCCS)C(=O)Nc1ccccc1,,6.7,6.7,6.534171792030186,6.318310105536348,0.16582820796981412,0.3816898944636522
CHEMBL3621292,O=C(CCCCCNC(=O)Cn1cnc2c(Nc3ccccc3)nc(Nc3ccccc3)nc21)NO,,6.7,6.7,6.415784599552667,6.1048547040768675,0.2842154004473336,0.5951452959231327
CHEMBL4080014,Cc1nc2ccccc2n1Cc1ccc(C(=O)NO)cc1F,,6.7,6.7,6.529541814281568,6.267642395837479,0.17045818571843174,0.43235760416252145
CHEMBL1094159,CN1CCC[C@@H](n2c(-c3cccc(/C=C/C(=O)NO)c3)nc3ccccc32)C1,,6.7,6.7,6.893720764789466,6.918061467730524,-0.19372076478946543,-0.21806146773052415
CHEMBL3421747,O=C(NO)c1ccc(CNCc2nc(-c3ccccc3)no2)cc1,,6.7,6.7,6.291913588771859,6.020740618156908,0.40808641122814127,0.6792593818430923
CHEMBL3745758,COc1ccc(-c2nc(NC(=O)NCCCCC(=O)NO)cc3c2[nH]c2ccccc23)cc1,,6.7,6.7,6.584026340509535,6.587011389675245,0.11597365949046523,0.11298861032475482
CHEMBL1096022,CC(C)N(CCn1c(-c2cccc(/C=C/C(=O)NO)c2)nc2ccccc21)C(C)C,,6.7,6.7,6.924736729171549,7.0836017531540465,-0.22473672917154897,-0.3836017531540463
CHEMBL5415232,Nc1nn(-c2ccccc2)nc1C(=O)NCc1ccc(C(=O)NO)cc1,,6.71,6.71,6.484297581733644,6.1978392017560395,0.22570241826635584,0.5121607982439604
CHEMBL6015395,COc1ccc(OCCOc2cc(OC)ccc2/C=C/C(=O)NO)cc1,,6.72,6.72,6.766577037514333,6.839764571603029,-0.046577037514333064,-0.11976457160302889
CHEMBL272613,CC(=O)SCC(=O)CCCCCCC(=O)Nc1ccccc1,,6.72,6.72,5.7043360451388425,5.3653828511035835,1.0156639548611572,1.3546171488964163
CHEMBL4214404,O=C(CCN1CCc2ccccc2C1c1ccc(C(F)(F)F)cc1)NO,,6.72,6.72,6.685019151511922,6.572541763565756,0.03498084848807803,0.14745823643424405
CHEMBL3800411,O=C(NO)c1ccc(Br)c(NC(=O)c2ccccc2)c1,,6.72,6.72,6.5085254416399865,6.437715745440082,0.21147455836001328,0.2822842545599178
CHEMBL5564541,CN1CCN(c2ccc(C(=O)NNCC3CCC3)cc2)CC1,,6.72,6.72,6.8308062260194475,6.8795167808359095,-0.11080622601944778,-0.1595167808359097
CHEMBL5619359,O=C(CCCCCn1c(=O)c(-c2ccc(Cl)cc2Cl)cc2cnc(NC3CC3)nc21)NO,,6.72,6.72,6.503235523624904,6.124202156170535,0.21676447637509533,0.5957978438294651
CHEMBL5979588,CCCCc1ccc(-c2nc3ccc(C(=O)NO)cc3[nH]2)cc1,,6.72,6.72,6.390527499589271,6.132042558884196,0.32947250041072884,0.5879574411158037
CHEMBL4082995,O=C(/C=C/c1cccn(CCCc2ccc3ccccc3c2)c1=O)NO,,6.73,6.73,6.354324734735076,6.427893831576922,0.375675265264924,0.30210616842307836
CHEMBL5594253,CN1C(=O)CNC(=O)/C1=C/c1ccc(OCc2ccc(C(=O)NO)cc2)cc1,,6.73,6.73,6.781320204202815,6.729071150457503,-0.051320204202814246,0.0009288495424977228
CHEMBL5910919,CCCCCOc1ccc(/C=C/C(=O)NO)c(-c2ccccc2)c1,,6.73,6.73,6.731619448676033,6.629733594617116,-0.0016194486760321425,0.10026640538288412
CHEMBL5619897,O=C(CCCCCN1C(=O)c2ccccc2/C=C\c2ccccc21)NO,,6.74,6.74,6.6239709925847565,6.532970918777608,0.11602900741524369,0.20702908122239183
CHEMBL5618708,O=C(CCCCCN1C(=O)c2ccccc2NC(=O)c2cc3ccccc3cc21)NO,,6.74,6.74,6.658254774833265,6.746333913331911,0.08174522516673477,-0.006333913331911134
CHEMBL5618919,O=C(CCCCCN1C(=O)c2ccccc2NC(=O)c2ccccc21)NO,,6.74,6.74,6.584213791330539,6.408985022459124,0.15578620866946125,0.3310149775408764
CHEMBL4074491,COc1ccc(C(=O)NO)cc1OCc1ccc(Cl)cc1,,6.74,6.74,6.768356106109407,6.845703632908332,-0.028356106109407087,-0.10570363290833207
CHEMBL3670661,O=C(NO)c1ccc(CNC(=O)c2[nH]c(-c3ccc(O)cc3)cc2-c2ccoc2)cc1,,6.74,6.74,6.6700082257541755,6.542796969859802,0.0699917742458247,0.1972030301401979
CHEMBL4785064,Nc1ccc(-c2nc(N3CCOCC3)c3ncn(CCCCCCC(=O)NO)c3n2)cn1,,6.74,6.74,6.6918835310638745,6.471450410460722,0.048116468936125756,0.268549589539278
CHEMBL5410666,COc1ccc([C@H]2[C@H](COC(=O)c3ccc(C(=O)NO)cc3)C(=O)N2c2cc(OC)c(OC)c(OC)c2)cc1O,,6.75,6.75,6.639229188438044,5.9996593648632,0.1107708115619559,0.7503406351367996
CHEMBL561483,COc1cccc2c(C(CCCCCC(=O)NO)c3c[nH]c4c(OC)cccc34)c[nH]c12,,6.75,6.75,6.524339205161636,6.363351329218666,0.22566079483836443,0.3866486707813337
CHEMBL4867661,COc1ccc(C(=O)NO)cc1NC(=O)c1cccc2cccnc12,,6.75,6.75,6.700841357647731,6.771865141776248,0.04915864235226941,-0.021865141776247654
CHEMBL4872913,O=C(/C=C/c1ccccc1Sc1ccc(Cl)cc1)NO,,6.75,6.75,6.5710429331520075,6.372912376241455,0.1789570668479925,0.37708762375854477
CHEMBL5561378,CN1CCN(c2ccc(C(=O)NNCC3CCCC3)cc2)CC1,,6.75,6.75,6.835468844566208,6.986087549583978,-0.08546884456620774,-0.23608754958397782
CHEMBL5172507,O=C(CCCCCCNC(=O)c1csc(Br)n1)NO,,6.75,6.75,6.428296082376809,6.139937016264552,0.32170391762319106,0.6100629837354479
CHEMBL5205415,O=C(/C=C/c1ccc(CNc2ccc3nc4n(c(=O)c3c2)CCCCC4)cc1)NO,,6.75,6.75,6.630367186336535,6.29475086059519,0.11963281366346479,0.4552491394048097
CHEMBL4093480,O=C(NO)c1ccc(Cl)c(C(=O)Nc2ccc(Cl)cc2)c1,,6.755,6.755,6.749759698773032,6.58050214804105,0.005240301226967503,0.17449785195895018
CHEMBL5889931,COc1ccc(/C=C/C(=O)NO)c(-c2ccc(Oc3ccccc3)cc2)c1,,6.76,6.76,7.078542363189181,7.3382541741121035,-0.31854236318918083,-0.5782541741121037
CHEMBL5824094,O=C(/C=C/c1ccc(Oc2ccccc2)cc1-c1ccccc1)NO,,6.76,6.76,6.681410219175234,6.437977406264924,0.07858978082476575,0.3220225937350758
CHEMBL5934650,COc1ccc(-c2cc(-c3ccsc3)c(C(=O)NCc3ccc(C(=O)NO)cc3)[nH]2)cc1,,6.76,6.76,6.849329953727615,6.5345470548338795,-0.08932995372761532,0.22545294516612024
CHEMBL4457790,O=C(NO)c1ccc(Cn2c(=O)n(CCc3ccccc3)c(=O)c3ccsc32)cc1,,6.77,6.77,6.27158098787916,6.146389132258598,0.4984190121208396,0.6236108677414016
CHEMBL191482,CC(C)[C@H](C(=O)Nc1ccc(C(=O)NO)cc1)c1ccccc1,,6.77,6.77,6.896857793664509,6.974849390703376,-0.12685779366450944,-0.2048493907033766
CHEMBL4583466,N#Cc1ccc2c(c1)SC(=S)N1CCN=C21,,6.77,6.77,6.15695854920882,5.871476628572072,0.6130414507911794,0.8985233714279275
CHEMBL5282117,COc1cccc(CN2C(=O)CN(Cc3ccc(C(=O)NO)cc3)C(=O)[C@H]2Cc2ccccc2)c1,,6.77,6.77,6.753750578601654,6.642915253765738,0.01624942139834573,0.1270847462342619
CHEMBL3798028,CCOc1ccc(C(=O)NO)cc1NC(=O)c1ccccc1,,6.77,6.77,6.791162266877335,6.692352783036389,-0.02116226687733569,0.07764721696361043
CHEMBL4516759,CC(C)[C@@H]1NC(=O)[C@]2(C)CSC(=N2)c2csc(n2)CNC(=O)C(F)(F)[C@@H](/C=C/CCS)NC1=O,,6.78,6.78,6.9148287812511775,6.897982688980939,-0.13482878125117725,-0.11798268898093855
CHEMBL5400896,CC(C)C(C(=O)Nc1ccc(/C=C/C(=O)NO)nc1)c1ccccc1,,6.78,6.78,6.4633184481398676,6.256082838115669,0.3166815518601327,0.5239171618843317
CHEMBL4068505,COc1cccc(CNc2cc(C(=O)NO)ccc2OC)c1,,6.78,6.78,6.799557190468997,6.646035460821514,-0.019557190468996843,0.1339645391784865
CHEMBL4799423,CC(C)(C)c1ccc(C(=O)NCc2ccc(C(=O)NO)cc2)cc1,,6.79,6.79,6.656935528637419,6.595730956787154,0.13306447136258104,0.194269043212846
CHEMBL4097353,Cc1ccc(C(=O)NO)cc1NCc1ccc(Cl)cc1,,6.79,6.79,6.595611954979983,6.558242321969685,0.19438804502001705,0.23175767803031544
CHEMBL5286689,O=C(NO)c1ccc(CN2CC(=O)N(Cc3ccccc3Cl)[C@H](Cc3ccccc3)C2=O)cc1,,6.79,6.79,6.574387933252645,6.607987627617913,0.21561206674735534,0.18201237238208723
CHEMBL3645374,O=C(/C=C/c1ccc2c(c1)nc(-c1ccncc1)n2CCCO)NO,,6.79,6.79,6.511000722897771,6.345239580546243,0.27899927710222894,0.44476041945375666
CHEMBL5408198,Cc1cnc(Nc2ccc(OCCN3CCCC3)cc2)nc1Nc1ccc(C(=O)NO)cc1,,6.8,6.8,6.63843004571496,6.103267727195124,0.1615699542850395,0.6967322728048755
CHEMBL1377382,Cc1ccc(-c2cc(C(F)(F)F)c(C#N)c(SCCC#N)n2)o1,,6.8,6.8,6.507485616404421,5.735822228195597,0.292514383595579,1.0641777718044025
CHEMBL3357485,O=C(NO)c1ccc2c(c1)CC(NS(=O)(=O)c1cccc(Cl)c1)CC2,,6.8,6.8,6.427417919681666,6.249726489499118,0.37258208031833373,0.5502735105008822
CHEMBL5405871,COc1cc(C(=O)NO)ccc1Cn1ccc2cc(C(=O)NCC34C[C@H]5C[C@@H](C3)C[C@@H](C4)C5)ccc21,,6.8,6.8,6.086483124320532,5.313650413298383,0.7135168756794679,1.4863495867016168
CHEMBL3747043,COc1ccc(-c2nc(NC(=O)NCCCC(=O)NO)cc3c2[nH]c2ccccc23)cc1,,6.8,6.8,6.582504579345152,6.467670335693287,0.2174954206548474,0.3323296643067124
CHEMBL4530273,CCCCCc1c(-c2ccccc2)nnn1[C@@H](Cc1ccccc1)C(=O)NO,,6.8,6.8,6.551768773096567,6.37074190941339,0.24823122690343258,0.42925809058661013
CHEMBL1094794,O=C(/C=C/c1cccc(-c2nc3ccccc3n2C2CCCNC2)c1)NO,,6.8,6.8,6.888091240802316,6.887842771594544,-0.08809124080231623,-0.08784277159454401
CHEMBL1095710,CN(C)CCn1c(-c2cccc(/C=C/C(=O)NO)c2)nc2ccccc21,,6.8,6.8,6.895923529338696,6.873339532561743,-0.09592352933869641,-0.07333953256174297
CHEMBL1094158,CN1CCCC(n2c(-c3cccc(/C=C/C(=O)NO)c3)nc3ccccc32)C1,,6.8,6.8,6.893720764789466,6.941701936592022,-0.09372076478946578,-0.14170193659202202
CHEMBL3415619,O=C(NO)c1ccc(NC2CCN(c3ccc(Cl)c(Cl)c3)C2=O)cc1,,6.8,6.8,6.454514895740756,6.070879604317621,0.34548510425924395,0.7291203956823784
CHEMBL1095135,CCN1CCC[C@H](n2c(-c3cccc(/C=C/C(=O)NO)c3)nc3ccccc32)C1,,6.8,6.8,6.92969195828213,6.946029226658911,-0.12969195828213032,-0.1460292266589116
CHEMBL4781368,COc1ccc(C(=O)NO)cc1CS(=O)(=O)Nc1ccc2c(c1)cc(C)c(=O)n2C,,6.8,6.8,6.680703937412563,6.7246320965789526,0.11929606258743686,0.07536790342104727
CHEMBL4160522,O=C(NO)c1ccc(Cl)c(NC(=O)c2cccc3ccsc23)c1,,6.81,6.81,6.560351821941294,6.312685519485294,0.2496481780587052,0.4973144805147056
CHEMBL3098606,Cc1ccc(NC(=O)[C@H](CCCCCC(=O)NO)NC(=O)[C@H]2CCC(=O)N2)cc1,,6.81,6.81,6.721097646096538,6.504484906120835,0.08890235390346124,0.30551509387916465
CHEMBL5403206,O=C(NO)c1ccc(Cn2c(=O)[nH]c(=O)c3ccc(F)cc32)cc1,,6.81,6.81,6.540140732845696,6.442328093915279,0.2698592671543034,0.36767190608472067
CHEMBL3957732,NCC(=O)NCc1nnc(-c2ccccc2)o1,,6.81,6.81,6.665960872208736,6.50486268177764,0.14403912779126404,0.3051373182223598
CHEMBL4067265,CCC(=O)CCCCC[C@@H]1NC(=O)[C@H](CCCCNC(C)=O)NC(=O)C[C@H](CC(C)C)NC(=O)[C@H](Cc2c[nH]c3ccccc23)NC1=O,,6.82,6.82,6.521544089957905,6.312947653931831,0.2984559100420956,0.5070523460681695
CHEMBL5266137,O=C(NO)c1ccc(CN2CC(=O)N(Cc3cccc(Cl)c3)[C@H](Cc3ccccc3)C2=O)cc1,,6.82,6.82,6.749112783628538,6.662500609032014,0.070887216371462,0.15749939096798649
CHEMBL3621287,O=C(CCCCCNC(=O)Cn1cnc2c(N3CCOCC3)nc(Nc3ccccc3)nc21)NO,,6.82,6.82,6.627395288126036,6.556273920652158,0.19260471187396444,0.2637260793478422
CHEMBL569946,CCC(=O)CCCCC[C@@H]1NC(=O)[C@H](CCCCCNC(C)=O)NC(=O)C[C@H](CC(C)C)NC(=O)[C@H](Cc2c[nH]c3ccccc23)NC1=O,,6.82,6.82,6.521544089957905,6.372046874828772,0.2984559100420956,0.4479531251712281
CHEMBL5183440,COc1ccc(N(C)c2cc(C#N)nc3ccccc23)cc1/C=C/C(=O)NO,,6.82,6.82,6.774791759941341,6.670069224313973,0.045208240058658866,0.14993077568602686
CHEMBL4105617,O=C(NO)c1cccc(-c2csc(CSc3ccccc3)n2)c1,,6.82,6.82,6.651004314198404,6.292194789237623,0.16899568580159663,0.5278052107623772
CHEMBL5265931,O=C(CCc1ccc(Oc2cccs2)c(O)c1)Nc1ccc(C(=O)NO)cc1,,6.82,6.82,6.522099407020571,5.93503229630392,0.2979005929794294,0.8849677036960806
CHEMBL4877604,COc1ccc(C(=O)NO)cc1NC(=O)c1cccc2c1/C(=N/O)c1ccccc1-2,,6.82,6.82,6.713296386187261,6.482744146976891,0.10670361381273885,0.3372558530231089
CHEMBL4283418,O=C(CC[C@H](CCCC(=O)Nc1ccccc1)Cc1ccccc1)NO,,6.82,6.82,6.830285545264289,7.023503623548081,-0.010285545264288487,-0.20350362354808116
CHEMBL2235255,O=C(CCCCCCCC(=O)c1cccnc1)NO,,6.82,6.82,6.572641817643332,6.363205861185435,0.24735818235666862,0.45679413881456554
CHEMBL3415456,O=C(NO)c1ccc(NC2CCN(c3ccccc3Cl)C2=O)cc1,,6.82,6.82,6.540023068714647,6.110947523902283,0.2799769312853533,0.7090524760977175
CHEMBL5274004,CN(CCc1ccccc1)S(=O)(=O)c1cccc(/C=C/C(=O)NO)c1,,6.82,6.82,6.889739306091445,6.858577457909707,-0.06973930609144485,-0.03857745790970668
CHEMBL3693786,O=C(CCCCCCNC(=O)c1cnc(N(c2ccccc2)c2ccccc2Cl)nc1)NO,,6.821429,6.821429,6.7692877800239835,6.735101322607537,0.05214121997601673,0.08632767739246283
CHEMBL4087897,COc1ccc(-c2cc(-c3ccoc3)c(C(=O)NCc3ccc(C(=O)NO)cc3)[nH]2)cc1,,6.825,6.825,6.916998745549348,6.961239052839115,-0.09199874554934784,-0.13623905283911508
CHEMBL1914706,CC(C)(C)OC(=O)Nc1ccc(Cn2cc(NC(=O)CCCCCCC(=O)NO)cn2)cc1,,6.83,6.83,6.711056456770946,6.182959958775745,0.11894354322905443,0.6470400412242547
CHEMBL4094005,COc1ccc(C(=O)NO)cc1NCc1ccc(Cl)cc1,,6.83,6.83,6.703285299816472,6.677307140869162,0.12671470018352782,0.15269285913083763
CHEMBL3799246,CCOc1ccc(C(=O)NO)cc1NC(=O)c1ccc(-c2ccccc2)cc1,,6.83,6.83,6.819740959309106,6.713513498314407,0.010259040690893784,0.11648650168559271
CHEMBL5289315,O=C(NO)c1ccc(CN2CC(=O)N(Cc3ccccc3)[C@H](Cc3ccccc3)C2=O)cc1,,6.84,6.84,6.577283804739896,6.566777564391655,0.26271619526010426,0.2732224356083446
CHEMBL442585,O=C(/C=C/c1ccc2c(c1)nc(COCc1ccccc1)n2CCCO)NO,,6.84,6.84,6.639778818042238,6.494127437680662,0.20022118195776173,0.3458725623193377
CHEMBL3799897,O=C(NO)c1cccc(NCc2ccccc2)c1,,6.84,6.84,6.496827594414883,6.299243268453731,0.34317240558511664,0.5407567315462689
CHEMBL1835420,CC(C)(C)OC(=O)N[C@@H](Cc1c[nH]c2ccccc12)C(=O)N1CC2(C[C@H]1C(=O)NCCCCCC(=O)NO)SCCS2,,6.85,6.85,6.539689559133666,6.343141440424268,0.31031044086633397,0.5068585595757318
CHEMBL3947530,COc1ccc(-c2nnc(CNC(=O)CN)o2)cc1,,6.85,6.85,6.824336936014342,6.645041666975505,0.02566306398565743,0.20495833302449462
CHEMBL3648263,O=C(/C=C/c1ccc2c(c1)nc(-c1ccccn1)n2CCCO)NO,,6.85,6.85,6.5615995204027975,6.393368039299395,0.28840047959720216,0.4566319607006051
CHEMBL5559210,CC(C)CCNNC(=O)c1ccc(N2CCN(C)CC2)cc1,,6.85,6.85,6.898075927332321,6.816014874878119,-0.04807592733232102,0.033985125121880344
CHEMBL3914471,Cc1ccc(-c2nnc(CNC(=O)CN)o2)cc1,,6.86,6.86,6.784131197649823,6.745175098819913,0.07586880235017723,0.11482490118008748
CHEMBL5561706,CCOc1ccc(-c2nc(C(=O)NCc3ccc(C(=O)NO)cc3)c3[nH]c(=O)n(-c4cccnc4OC)c3n2)cn1,,6.86,6.86,6.744058199707721,6.36166525000439,0.11594180029227896,0.49833474999561034
CHEMBL5438457,O=C(NO)c1ccc(Cn2c(=O)[nH]c(=O)c3cccc(Cl)c32)cc1,,6.86,6.86,6.478685470060921,6.288616376048409,0.381314529939079,0.5713836239515917
CHEMBL2364628,O=C(CCCCCCNC(=O)c1cnc(N(c2ccccc2)c2ccccc2)nc1)NO,,6.86375,6.86375,6.759578476355115,6.650809351024442,0.1041715236448848,0.21294064897555742
CHEMBL4077076,CCc1ccc(C(=O)NO)cc1NCc1ccccc1,,6.87,6.87,6.635366540325056,6.474899663815982,0.23463345967494398,0.39510033618401774
CHEMBL2235254,O=C(CCCCCCCCC(=O)c1ccccc1)NO,,6.87,6.87,6.986792382348404,6.955951696038486,-0.11679238234840383,-0.08595169603848607
CHEMBL3885174,COC(=O)Cc1c(C)n(Cc2ccc(-c3cn(CCCCCCC(=O)NO)nn3)cc2)c2ccc(OC)cc12,,6.87,6.87,6.559359655708139,6.096362416893841,0.31064034429186105,0.7736375831061588
CHEMBL443392,CCC(=O)CCCCC[C@@H]1NC(=O)[C@H]2CCCCN2C(=O)[C@H]([C@H](C)CC)NC(=O)[C@H](Cc2cn(OC)c3ccccc23)NC1=O,,6.87,6.87,6.472950539842351,5.915323687344942,0.39704946015764886,0.9546763126550584
CHEMBL3956223,NCC(=O)NCc1nnc(-c2ccc([N+](=O)[O-])cc2)o1,,6.87,6.87,6.77112784152093,6.547356573789589,0.09887215847906994,0.3226434262104112
CHEMBL1631917,COc1cc2cc(c1)COc1ccccc1NC(=O)[C@H](CCCCCC(=O)NO)OCCC2,,6.87,6.87,6.718943668634185,6.6935631092647165,0.1510563313658153,0.17643689073528357
CHEMBL5921007,CCCOc1ccc(/C=C/C(=O)NO)c(-c2ccccc2)c1,,6.88,6.88,6.740516675091284,6.605518978139123,0.13948332490871618,0.2744810218608773
CHEMBL4225063,O=C(/C=C/c1ccc(C(=O)NO)cc1)N[C@@H](Cc1c[nH]c2ccccc12)C(=O)Nc1cccc(Cl)c1,,6.88,6.88,6.8775366701354725,6.439078322540336,0.0024633298645273527,0.4409216774596638
CHEMBL3098687,O=C(CCCCC[C@H](NC(=O)[C@@H]1CCCC(=O)N1)C(=O)NCCc1ccccc1)NO,,6.88,6.88,6.99666329628991,7.1737521515278155,-0.1166632962899099,-0.29375215152781564
CHEMBL5087773,O=C(CCCCCCNc1nn2c(=O)c3ccccc3nc2c2ccccc12)NO,,6.88,6.88,6.830437109330278,6.685322312118135,0.04956289066972186,0.1946776878818648
CHEMBL4526387,CC(C)(C)c1ccc(-c2nnn([C@@H](Cc3ccccc3)C(=O)NO)c2C#CC2CC2)cc1,,6.88,6.88,6.951516418662125,7.221127728041319,-0.07151641866212533,-0.34112772804131897
CHEMBL4649514,CCN(C(=O)c1cccc(C(C)(C)C)c1)c1ccc(C(=O)NO)cc1,,6.885,6.885,6.845308281647414,6.663538135511672,0.03969171835258578,0.22146186448832772
CHEMBL5285323,O=C(NO)c1ccc(CN2CC(=O)N(Cc3ccc(Cl)cc3)[C@H](Cc3ccccc3)C2=O)cc1,,6.89,6.89,6.617817850904508,6.5744980434762095,0.27218214909549143,0.3155019565237902
CHEMBL4516558,S=C1Sc2cccc(Cl)c2C2=NCCCN12,,6.89,6.89,6.347872376236828,6.051319608403152,0.5421276237631716,0.8386803915968475
CHEMBL3763388,CN(/N=C/c1ccc(C(=O)NO)cc1)C(=O)c1ccc(N(C)C)cc1,,6.89,6.89,6.779050461603999,6.664929720919901,0.11094953839600041,0.22507027908009825
CHEMBL4553969,Cc1cccc2c1C1=NCCCN1C(=S)S2,,6.89,6.89,6.335015982841024,5.965487875479491,0.5549840171589757,0.9245121245205086
CHEMBL5435509,C[n+]1csc(Br)c1,,6.89,6.89,6.386394455978185,5.690302985538521,0.5036055440218146,1.1996970144614787
CHEMBL2396902,CN(C)CCCNC(=O)c1cc(NC(=O)c2cc(NC(=O)c3cc(NC(=O)c4nc(NC(=O)CCCNC(=O)c5cc(NC(=O)c6cc(NC(=O)c7cc(NC(=O)c8nc(NC(=O)CCNC(=O)CCNC(=O)CCCCCCC(=O)NO)cn8C)cn7C)cn6C)cn5C)cn4C)cn3C)cn2C)cn1C,,6.89,6.89,6.690936486381352,6.167920042595192,0.19906351361864782,0.7220799574048078
CHEMBL3973951,O=C(/C=C/c1cccc(S(=O)(=O)c2ccc3ccccc3n2)c1)NO,,6.89,6.89,6.656634952579944,6.48371457795667,0.23336504742005548,0.4062854220433296
CHEMBL585939,CC(C)C[C@H]1CC(=O)N[C@@H](C)C(=O)N[C@@H](CCCCCC(=O)NO)C(=O)N[C@@H](Cc2c[nH]c3ccccc23)C(=O)N1,,6.895,6.895,6.6467694071350065,6.443118131902874,0.24823059286499305,0.45188186809712594
CHEMBL5874368,Cn1nccc1-c1cccc2cn(C(Cc3ccccc3)C(=O)NO)nc12,,6.9,6.9,6.516280242393131,6.443394046597213,0.38371975760686894,0.45660595340278753
CHEMBL5986969,O=C(NC1CCOCC1)c1cccc2cn(C(Cc3ccccc3)C(=O)NO)nc12,,6.9,6.9,6.689440563909757,6.38530110286627,0.21055943609024297,0.5146988971337301
CHEMBL5976171,CN1CCN(c2ccc(-c3cccc4nn(C(Cc5ccccc5)C(=O)NO)cc34)cn2)CC1,,6.9,6.9,6.702169299194647,6.569390393681804,0.19783070080535303,0.33060960631819647
CHEMBL5869707,O=C(NO)C(Cc1ccccc1)n1ncc2cc(-c3cncnc3)ccc21,,6.9,6.9,6.716650083028791,6.6487316799915845,0.18334991697120895,0.2512683200084158
CHEMBL5989564,O=C(NO)C(Cc1ccccc1)n1ncc2cc(Br)ccc21,,6.9,6.9,6.659318403736481,6.639131295119754,0.24068159626351893,0.26086870488024605
CHEMBL5759364,O=C(NO)C(Cc1ccccc1)n1ncc2cc(C3CCC(N4CCCC4)CC3)ccc21,,6.9,6.9,6.780342658444853,6.386189636809681,0.11965734155514696,0.513810363190319
CHEMBL6053243,CN1CCN(c2ccc(-c3cccc4nn(C(Cc5ccccc5)C(=O)NO)cc34)cc2)CC1,,6.9,6.9,6.789705476940985,6.70703746608278,0.11029452305901533,0.1929625339172203
CHEMBL5994103,Cn1nccc1-c1ccc2c(cnn2C(Cc2ccccc2)C(=O)NO)c1,,6.9,6.9,6.669769150147266,6.609628951116719,0.23023084985273456,0.2903710488832809
CHEMBL5991470,O=C(NO)C(Cc1ccccc1)n1ncc2nc(-c3cncnc3)ccc21,,6.9,6.9,6.674671139094521,6.635057679760919,0.22532886090547954,0.26494232023908104
CHEMBL5777015,Cn1nc(C(Cc2ccccc2)C(N)=O)c2ccc(-c3cncnc3)cc21,,6.9,6.9,6.615203484081154,6.068068356763675,0.28479651591884636,0.8319316432363255
CHEMBL5806028,O=C(NO)C(Cc1ccccc1)n1ncc2nc(Cl)ccc21,,6.9,6.9,6.644634856594303,6.62604108222744,0.2553651434056974,0.27395891777256054
CHEMBL5996768,Cn1nc(C(Cc2ccccc2)C(=O)NO)c2ccc(-c3ccncc3)cc21,,6.9,6.9,6.742069090269165,6.680431480575431,0.157930909730835,0.21956851942456979
CHEMBL5948235,CC(=O)N1CCN(c2cncc(-c3ccc4cnn(C(Cc5ccccc5)C(=O)NO)c4c3)c2)CC1,,6.9,6.9,6.822040690736844,6.713911133793072,0.0779593092631563,0.18608886620692822
CHEMBL5753334,Cn1cc(-c2ccc3c(cnn3C(Cc3ccccc3)C(=O)NO)c2)cn1,,6.9,6.9,6.689830901714311,6.687133667702934,0.21016909828568942,0.2128663322970663
CHEMBL5907784,Cn1cc(-c2ccc3nn(C(Cc4ccccc4)C(=O)NO)c(C#CC4CC4)c3c2)cn1,,6.9,6.9,6.963660550115257,6.968164859640876,-0.06366055011525695,-0.06816485964087526
CHEMBL5946930,O=C(NO)C(Cc1ccccc1)n1ncc2cc(Cl)ccc21,,6.9,6.9,6.6370031798727585,6.604258125803708,0.2629968201272419,0.2957418741962927
CHEMBL6017230,Cc1ccc2c(cnn2C(Cc2ccccc2)C(=O)NO)c1,,6.9,6.9,6.630731330878846,6.546788790398423,0.2692686691211543,0.3532112096015769
CHEMBL5973664,NC(=O)C(O)(Cc1ccccc1)n1nc2ccc(-c3ccccc3)cc2c1C#CC1CC1,,6.9,6.9,6.713174951561005,6.109771050291573,0.18682504843899572,0.7902289497084274
CHEMBL5970850,O=C(NO)C(Cc1ccccc1)n1nc2ccc(-c3cccnc3)cc2c1C#CC1CC1,,6.9,6.9,7.015920163448758,7.086797720287244,-0.11592016344875766,-0.1867977202872435
CHEMBL5909696,O=C(NO)C(Cc1ccccc1)n1ncc2cc(-c3ccncc3)ccc21,,6.9,6.9,6.690429013371326,6.623434452965596,0.20957098662867413,0.27656554703440417
CHEMBL5792829,O=C(NO)C(Cc1ccccc1)n1nc2ccc(-c3ccncc3)cc2c1C#CC1CC1,,6.9,6.9,6.990623464981121,7.007486056252084,-0.09062346498112106,-0.10748605625208363
CHEMBL5954698,O=C(NO)C(Cc1ccccc1)n1nc(I)c2cc(Br)nc(Cl)c21,,6.9,6.9,6.800099765591398,6.957961166756867,0.09990023440860263,-0.05796116675686669
CHEMBL5818986,O=C(NO)C(Cc1ccccc1)c1cnc2cc(-c3cncnc3)ccn12,,6.9,6.9,6.497416932381313,6.437889665454592,0.40258306761868745,0.4621103345454083
CHEMBL6026890,O=C(NO)C(Cc1ccccc1)n1nc(C#CC2CC2)c2cc(Cl)ccc21,,6.9,6.9,6.932603697845304,7.117115587702269,-0.03260369784530326,-0.2171155877022688
CHEMBL5741880,O=C(NO)C(Cc1ccccc1)N1N=C(C#CC2CC2)C2C=CN=C(Cl)C21,,6.9,6.9,7.027312622607251,7.29165951434457,-0.12731262260725096,-0.39165951434456936
CHEMBL5759741,Cn1nccc1-c1nccc2c1cnn2C(Cc1ccccc1)C(=O)NO,,6.9,6.9,6.652145747624216,6.5728628287080735,0.2478542523757845,0.3271371712919269
CHEMBL5803803,O=C(NO)C(Cc1ccccc1)n1ncc2c(-c3cncnc3)cccc21,,6.9,6.9,6.683900609415442,6.612207276816566,0.2160993905845583,0.2877927231834345
CHEMBL5790514,N/C(=N\O)c1cccc(-c2ccc3c(cnn3C(Cc3ccccc3)C(=O)NO)c2)c1,,6.9,6.9,6.842171622531539,6.736787519140256,0.05782837746846159,0.1632124808597446
CHEMBL5740716,N/C(=N\O)c1ccc(-c2ccc3nn(C(Cc4ccccc4)C(=O)NO)cc3c2)cc1,,6.9,6.9,6.687674763042403,6.510362593961695,0.21232523695759742,0.38963740603830566
CHEMBL5982908,O=C(NO)C(Cc1ccccc1)n1ncc2cc(-c3cccnc3)ccc21,,6.9,6.9,6.688088036628679,6.669613192001506,0.21191196337132112,0.2303868079984941
CHEMBL5761179,O=C(NO)C(Cc1ccccc1)n1ncc2c(-c3ccncc3)nccc21,,6.9,6.9,6.663794727775288,6.573950827118175,0.2362052722247121,0.32604917288182556
CHEMBL3356915,O=C1NCCC[C@@H]1C(=O)N[C@@H](CCCCCS)C(=O)Nc1ccccc1,,6.91,6.91,6.9269752286901465,6.992220969871429,-0.016975228690146338,-0.0822209698714289
CHEMBL3670666,COc1ccc(-c2cc(-c3ccccc3)[nH]c2C(=O)NCc2ccc(C(=O)Nc3ccccc3N)cc2)cc1,,6.91,6.91,6.565419941259921,5.50497950915039,0.34458005874007913,1.4050204908496102
CHEMBL3415453,O=C(NO)c1ccc(NC2CCN(c3ccc(Cl)cc3)C2=O)cc1,,6.92,6.92,6.5386322762005875,6.4389667582999675,0.3813677237994124,0.4810332417000325
CHEMBL474746,CC(Cc1nc2cc(/C=C/C(=O)NO)ccc2n1CCCO)c1ccccc1,,6.92,6.92,6.748856622184517,6.324310043853895,0.17114337781548272,0.5956899561461046
CHEMBL1095765,CCN1CCC[C@@H](n2c(-c3cccc(/C=C/C(=O)NO)c3)nc3ccccc32)C1,,6.92,6.92,6.92969195828213,6.899238373594308,-0.009691958282130209,0.020761626405692013
CHEMBL1095764,CCN1CCCC(n2c(-c3cccc(/C=C/C(=O)NO)c3)nc3ccccc32)C1,,6.92,6.92,6.92969195828213,6.989420072495935,-0.009691958282130209,-0.06942007249593551
CHEMBL4635503,O=C(CCCCCCC(=O)Nc1cc(C(F)(F)F)ccc1Cl)NO,,6.92,6.92,6.801628479585801,6.56146893386137,0.11837152041419863,0.35853106613862984
CHEMBL4635825,CC(C)C[C@H]1CC(=O)N[C@@H](C)C(=O)N[C@@H](CCCCCC(=O)NO)C(=O)N[C@@H](Cc2cc3ccccc3[nH]2)C(=O)N1,,6.92,6.92,6.8422126983968825,6.537817923032389,0.07778730160311742,0.3821820769676112
CHEMBL4563723,O=C(NO)c1ccc(Cn2cc(Nc3ncc(Cl)c(Nc4ccc(F)cc4)n3)cn2)cc1,,6.92,6.92,6.572706802281585,5.713084326482969,0.3472931977184146,1.206915673517031
CHEMBL5924373,CC(C)c1ccc(-c2cc3cc(C(=O)NO)cnc3o2)cc1,,6.92,6.92,6.593650130158417,6.2467799299822335,0.3263498698415832,0.6732200700177664
CHEMBL3797843,O=C(NO)c1ccc(Cl)c(NC(=O)c2ccccc2)c1,,6.92,6.92,6.467298092841741,6.338678568051623,0.452701907158259,0.5813214319483766
CHEMBL4638505,CC(C)N(C(=O)c1ccc(F)c(C(F)(F)F)c1)c1ccc(C(=O)NO)cc1,,6.92,6.92,6.996612788770187,6.965984438862163,-0.07661278877018685,-0.0459844388621633
CHEMBL4077880,COc1ccc(C(=O)NO)cc1OCc1ccccc1Cl,,6.92,6.92,6.738515720262161,6.644316224437654,0.18148427973783932,0.2756837755623458
CHEMBL1631913,COc1cc2cc(c1)COc1ccccc1NC(=O)C(CCCCCC(=O)NO)OC/C=C\2,,6.92,6.92,6.855138058297552,6.6607691183449305,0.06486194170244808,0.25923088165506947
CHEMBL3970888,Cc1ccc(-c2nnc(CNC(=O)[C@@H](C)N)o2)cc1,,6.92,6.92,6.891887210671365,6.769765381016416,0.02811278932863459,0.1502346189835837
CHEMBL1095124,O=C(/C=C/c1cccc(-c2nc3ccccc3n2[C@@H]2CCCNC2)c1)NO,,6.92,6.92,6.888091240802316,6.821890324882425,0.03190875919768388,0.09810967511757518
CHEMBL1094152,O=C(/C=C/c1cccc(-c2nc3ccccc3n2[C@H]2CCCNC2)c1)NO,,6.92,6.92,6.888091240802316,6.887842771594544,0.03190875919768388,0.032157228405456095
CHEMBL3098693,O=C(CCCCC[C@H](NC(=O)C1CCNC1=O)C(=O)Nc1ccccc1)NO,,6.93,6.93,6.829012322608126,6.7237962690072255,0.10098767739187409,0.20620373099277423
CHEMBL5618254,COc1cc(-c2cccc(-c3ccc(/C=C/C(=O)NO)cc3)n2)cc(OC)c1OC,,6.93,6.93,6.639906883734371,6.562587737497976,0.29009311626562884,0.3674122625020235
CHEMBL4640415,O=C(O)c1cccc(-c2ccc(C3(C(=O)Nc4ccc(C(=O)NO)cc4)CCCC3)cc2)c1,,6.93,6.93,6.9742024643072025,6.919729496426086,-0.04420246430720276,0.010270503573913459
CHEMBL5631486,COc1ccc(-c2cccc(-c3cc(OC)c(OC)c(OC)c3)n2)cc1/C=C/C(=O)NO,,6.93,6.93,6.778074922603494,6.744290494875692,0.15192507739650551,0.18570950512430784
CHEMBL3884506,COc1ccc2c(c1)c(CC(=O)O)c(C)n2Cc1ccc(-c2cn(CCCCCCC(=O)NO)nn2)cc1,,6.94,6.94,6.640525468347999,6.177277152654588,0.29947453165200155,0.7627228473454126
CHEMBL3921280,C[C@@H](N)C(=O)NCc1nnc(-c2ccc(F)cc2)o1,,6.94,6.94,6.896836337874818,6.668977464426667,0.04316366212518208,0.27102253557333356
CHEMBL3098695,O=C(CCCCC[C@H](NC(=O)[C@@H]1CC(=O)N1)C(=O)Nc1ccccc1)NO,,6.945,6.945,6.850109345315214,7.005987713587178,0.09489065468478586,-0.060987713587177694
CHEMBL3098691,O=C(CCCCC[C@H](NC(=O)[C@@H]1CCC(=O)N1)C(=O)Nc1ccccc1)NO,,6.945,6.945,6.837777715457248,6.822408744578695,0.10722228454275218,0.12259125542130533
CHEMBL4790363,Cc1cc2cc(NC(=O)c3cc(C(=O)NO)ccc3Cl)ccc2n(C)c1=O,,6.95,6.95,6.706966520755268,6.425493932147019,0.2430334792447324,0.5245060678529816
CHEMBL4065863,Cc1ccc(C(=O)NO)cc1C(=O)Nc1ccc(Cl)cc1,,6.95,6.95,6.908136158023271,6.877147820932611,0.04186384197672943,0.0728521790673895
CHEMBL1089495,O=C(CCCCCCC(=O)Nc1cccc(C(F)(F)F)c1)NO,,6.95,6.95,6.753705815199568,6.625100210450899,0.19629418480043181,0.32489978954910104
CHEMBL5437683,COc1cc2c(cc1OC)C(=O)C(CC1CCN(Cc3ccc(/C=C/C(=O)NO)cc3)CC1)C2,,6.95,6.95,6.678151951468474,6.0892742897899845,0.2718480485315258,0.8607257102100156
CHEMBL5270958,O=C1CN(Cc2ccc(C(=O)NO)cc2)C(=O)[C@H](Cc2c[nH]c3ccccc23)N1,,6.95,6.95,6.512237599114196,6.393107398376704,0.43776240088580387,0.5568926016232965
CHEMBL4633299,Cc1cc(C)c(CNC(=O)c2cc(C)n(-c3cccc(NC(=O)CCCCCCC(=O)NO)c3)c2C)c(=O)[nH]1,,6.96,6.96,6.604621390737847,6.026681630057245,0.3553786092621527,0.9333183699427545
CHEMBL3764728,C/C(=N\NC(=O)c1ccc(N(C)C)cc1)c1ccc(C(=O)NO)cc1,,6.96,6.96,6.631204402700294,6.487431677779865,0.3287955972997061,0.4725683222201349
CHEMBL5189365,Cc1cc(C)c(CNC(=O)c2cc(-c3ccc(N4CCN(c5ncc(C(=O)NO)cn5)CC4)nc3)cc3c2cnn3C(C)C)c(=O)[nH]1,,6.96,6.96,7.002185736587899,6.999203467465906,-0.042185736587899036,-0.03920346746590564
CHEMBL5923936,O=C(OCCOCCCl)[C@@H]1CCC(=O)N1c1ccc(-c2noc(C(F)(F)F)n2)c(F)c1,,6.96,6.96,6.667862965863975,5.421094263680827,0.292137034136025,1.5389057363191734
CHEMBL3415618,O=C(NO)c1ccc(NC2CCN(c3ccc(C(F)(F)F)cc3)C2=O)cc1,,6.96,6.96,6.764705185375194,6.450420844371183,0.19529481462480636,0.509579155628817
CHEMBL4206571,COc1cccc(C2c3ccccc3CCN2CCC(=O)NO)c1,,6.96,6.96,6.831859838269668,6.366155082148883,0.12814016173033238,0.5938449178511167
CHEMBL3356922,Cc1cccc(NC(=O)[C@H](CCCCCS)NC(=O)[C@@H]2CCC(=O)N2)c1,,6.97,6.97,6.961570799772749,6.9278583201278146,0.008429200227250355,0.0421416798721852
CHEMBL5435925,COc1ccc(-c2cc(C(=O)NCc3ccc(C(=O)NO)cc3)ccn2)cc1,,6.97,6.97,6.776953556922036,6.776227222674427,0.19304644307796348,0.19377277732557285
CHEMBL5192945,O=C(NO)c1cccc(CN(C2CC2)S(=O)(=O)c2c(F)c(F)c(F)c(F)c2F)c1,,6.97,6.97,6.803267024125911,6.737353047112,0.16673297587408875,0.23264695288799953
CHEMBL487253,Cn1c(CCCC(=O)O)nc2cc(N(CCCl)CCCl)ccc21,,6.97,6.97,6.55114810581361,5.150369832773718,0.4188518941863899,1.8196301672262818
CHEMBL3356923,Cc1cccc(NC(=O)[C@H](CCCCCS)NC(=O)[C@H]2CCC(=O)N2)c1,,6.97,6.97,6.961570799772749,6.936096775294742,0.008429200227250355,0.03390322470525753
CHEMBL3798833,Cc1ccc(C(=O)NO)cc1NC1CCCCC1,,6.98,6.98,6.66424443533617,6.324866264792985,0.3157555646638306,0.6551337352070155
CHEMBL5408688,CCC(C(=O)Nc1ccc(/C=C/C(=O)NO)nc1)c1ccccc1,,6.98,6.98,6.517028390539716,6.254891186120101,0.4629716094602845,0.7251088138798991
CHEMBL5562387,CCNNC(=O)c1ccc(N2CCN(C)CC2)cc1,,6.99,6.99,6.910076536532535,6.896853858752032,0.07992346346746526,0.09314614124796794
CHEMBL1796689,CC(C)[C@H]1NC(=O)[C@]2(C)CSC(=N2)c2csc(n2)CNC(=O)C[C@@H](/C=C/CCS)OC1=O,,6.99,6.99,6.406807929166774,5.998329203282067,0.5831920708332259,0.9916707967179335
CHEMBL149606,O=C(CCCCCCN1C(=O)c2ccccc2C1=O)NO,,6.99,6.99,6.769717035989811,6.664116045975104,0.2202829640101891,0.32588395402489656
CHEMBL1096034,Cc1nc(C)n(CCc2ccccc2)c1-c1cccc(/C=C/C(=O)NO)c1,,7.0,7.0,7.1233131830564025,7.081325344727105,-0.12331318305640249,-0.08132534472710518
CHEMBL1098067,CCN1CCC[C@@H](n2c(Cc3ccccc3)nc(C)c2-c2cccc(/C=C/C(=O)NO)c2)C1,,7.0,7.0,7.0130462599790295,7.05209679500741,-0.013046259979029529,-0.052096795007409824
CHEMBL5846082,COc1c(C)cc(-c2nc3cc(C(=O)NO)ccc3n2C)cc1C,,7.0,7.0,6.6818189999956825,6.448289895192157,0.3181810000043175,0.5517101048078432
CHEMBL2425970,CCc1nc2ccc(Cc3ccc(C(=O)NO)cc3)cc2c(=O)n1CCc1ccccc1,,7.0,7.0,6.548195152151932,6.142059919593064,0.4518048478480683,0.8579400804069364
CHEMBL5188540,O=C(NO)c1ccc(CNC(=O)N2CCC(N3CC(c4ccccc4)(c4ccccc4)C3=O)CC2)cc1,,7.0,7.0,6.903667244518539,6.509704686877614,0.09633275548146081,0.4902953131223864
CHEMBL4755061,CC(C)Oc1ccc(C(C)(C)O)cc1-c1cn(C)c(=O)c2[nH]c(C(=O)NCCCCCCC(=O)NO)cc12,,7.0,7.0,6.9258213617738695,6.4947503946402705,0.07417863822613047,0.5052496053597295
CHEMBL3356924,Cc1cccc(NC(=O)[C@H](CCCCCS)NC(=O)[C@H]2CCC(=O)N2C)c1,,7.0,7.0,6.9045819118136125,6.698118112863751,0.09541808818638753,0.30188188713624875
CHEMBL4865911,COc1ccc(C(=O)NO)cc1C(=O)Nc1ccc2sccc2c1,,7.0,7.0,6.965968778528358,6.965159203007762,0.034031221471641615,0.03484079699223841
CHEMBL1095118,Cc1nc(-c2cccc(/C=C/C(=O)NO)c2)n([C@@H]2CCCN(C)C2)c1-c1ccccc1,,7.0,7.0,7.002385959746464,7.028082801878462,-0.0023859597464639393,-0.028082801878461794
CHEMBL1096033,CCN1CCC[C@@H](n2c(-c3cccc(/C=C/C(=O)NO)c3)nc(C)c2C)C1,,7.0,7.0,6.871449657218721,6.886767853278375,0.12855034278127864,0.11323214672162507
CHEMBL96966,Cc1cccc(S(=O)(=O)Nc2ccc(/C=C/C(=O)NO)cc2)c1,,7.0,7.0,6.923868628851323,7.1466007974440116,0.0761313711486773,-0.14660079744401155
CHEMBL4632775,CN1CC(C(=O)N[C@@H](CCCCCC(=O)c2ncco2)c2ncc(-c3ccc(F)cc3)[nH]2)C1,,7.0,7.0,6.7018795794221795,5.856528077280185,0.2981204205778205,1.1434719227198151
CHEMBL2235662,CC(C)(C)c1ccc(CS(=O)(=O)Nc2ccc(/C=C\C(=O)NO)cc2)cc1,,7.0,7.0,6.984272649440992,6.716001871956307,0.015727350559007647,0.2839981280436934
CHEMBL95195,O=C(/C=C/c1ccc(NS(=O)(=O)c2cccc(C(F)(F)F)c2)cc1)NO,,7.0,7.0,6.932284177240639,6.703783363376902,0.06771582275936083,0.2962166366230976
CHEMBL5592712,CN1C(=O)CNC(=O)/C1=C/c1ccc(NCc2ccc(C(=O)NO)cc2)cc1,,7.0,7.0,6.68940694400316,6.399433671903477,0.31059305599683995,0.600566328096523
CHEMBL5075515,Cc1ccc(CN(Cc2ccc(C(=O)NO)cc2)S(=O)(=O)c2c(F)c(F)c(F)c(F)c2F)cc1,,7.0,7.0,6.653598575514399,6.472070504668617,0.34640142448560063,0.5279294953313833
CHEMBL4552452,O=C(NO)c1ccc(Cn2c(=O)n(CCc3ccccc3)c(=O)c3ccccc32)s1,,7.01,7.01,6.6202544187098855,6.166510252262311,0.3897455812901143,0.8434897477376886
CHEMBL3098689,O=C(CCCCC[C@H](NC(=O)[C@@H]1CCCC(=O)N1)C(=O)Nc1ccccc1)NO,,7.01,7.01,6.756497160227287,6.776388607515965,0.2535028397727128,0.2336113924840344
CHEMBL5583825,COC(=O)/C=C/c1ccc(CN(C(=O)OC(C)(C)C)C2CC2c2ccc(F)cc2)cc1,,7.01,7.01,6.816493279022511,5.744358257001242,0.19350672097748856,1.265641742998758
CHEMBL5560146,CN1CCN(c2ccc(C(=O)NNCC3CC3)cc2)CC1,,7.02,7.02,6.969272684777347,6.968662738453451,0.050727315222652614,0.05133726154654816
CHEMBL5594414,CN1C(=O)CNC(=O)/C1=C/c1ccc(C(=O)NO)cc1,,7.02,7.02,6.718801914899812,6.7944296644770095,0.30119808510018764,0.2255703355229901
CHEMBL5092046,Cc1ccc2nc3c4ccccc4c(NCCCCCCCC(=O)NO)nn3c(=O)c2c1,,7.02,7.02,6.947966915549347,6.833929800642892,0.07203308445065293,0.18607019935710767
CHEMBL2235256,COc1ccccc1C(=O)CCCCCCCC(=O)NO,,7.02,7.02,6.935315707465726,6.735965140826789,0.08468429253427345,0.2840348591732109
CHEMBL4641613,CCN(C(=O)c1cccc(C(F)(F)F)c1)c1ccc(C(=O)NO)cc1,,7.025,7.025,6.625120367091343,6.378850880069242,0.39987963290865736,0.6461491199307581
CHEMBL5566022,CCCNNC(=O)c1ccc(N2CCN(C)CC2)cc1,,7.03,7.03,6.950255950283446,6.867043337700494,0.07974404971655424,0.16295666229950623
CHEMBL3828518,COc1ccc(-c2nc(N3CCOCC3)c3nc(CN(C)c4ncc(C(=O)NO)cn4)n(C)c3n2)cc1,,7.03,7.03,7.099473264396156,7.394960565432363,-0.06947326439615598,-0.3649605654323631
CHEMBL3311465,O=C(CCCCCCC(=O)Nc1ccc2c(c1)CCC(=O)N2)NO,,7.03,7.03,7.101505522197817,7.174898610556234,-0.0715055221978167,-0.14489861055623354
CHEMBL1631918,COc1cc2cc(c1)COc1ccccc1NC(=O)[C@@H](CCCCCC(=O)NO)OCCC2,,7.04,7.04,6.718943668634185,6.637148092105699,0.32105633136581524,0.40285190789430114
CHEMBL4563224,O=C(NO)c1ccc(N(Cc2ccccc2)C(=O)CN(Cc2c(F)c(F)c(F)c(F)c2F)S(=O)(=O)c2ccc(F)cc2)cc1,,7.04,7.04,6.866363873576358,6.561177387494222,0.17363612642364235,0.47882261250577773
CHEMBL5203725,COc1ccc(Cn2ccc3cc(C(=O)NO)ccc32)cc1,,7.04,7.04,6.631835612668263,6.278717814565232,0.40816438733173666,0.7612821854347684
CHEMBL5563126,COc1cc(OC)c(/C=C/S(=O)(=O)Cc2ccc(OC)c(NC(=O)CCC(=O)NO)c2)c(OC)c1,,7.05,7.05,6.833334641628646,6.545196584182502,0.2166653583713538,0.5048034158174977
CHEMBL4852075,CCC(=O)CCCCC[C@H](NC(=O)[C@H]1CC12CCN(CC)CC2)c1[nH]c2nc1C(=O)NCCC/C=C\c1cccc-2c1,,7.05,7.05,6.7022831399731615,5.418424827678239,0.3477168600268383,1.631575172321761
CHEMBL5185297,O=C(COc1ccc(CNCCc2c[nH]c3ccccc23)c(F)c1)NO,,7.05,7.05,6.626622935566661,6.026407079521276,0.423377064433339,1.0235929204787242
CHEMBL4636734,CN(C)c1ccc(C2(C(=O)Nc3ccc(C(=O)NO)cc3)CCCC2)cc1,,7.05,7.05,6.998805932414223,6.817791669124352,0.051194067585776715,0.23220833087564774
CHEMBL5633265,CSCC[C@@H]1NCC(=O)NC1=O,,7.05,7.05,6.921537217526089,6.203775391624523,0.1284627824739104,0.8462246083754765
CHEMBL4846424,COc1ccc(C(C)=O)cc1NC(=O)c1cc(C(=O)NO)ccc1C,,7.05,7.05,7.050303631660956,7.0624794407938705,-0.0003036316609561496,-0.012479440793870644
CHEMBL5563252,COc1cc(OC)c(/C=C/S(=O)(=O)Cc2ccc(OC)c(NCC(=O)NO)c2)c(OC)c1,,7.05,7.05,6.934391511737892,6.468484115410629,0.11560848826210801,0.5815158845893711
CHEMBL3798870,COc1ccc(C(=O)NO)cc1NC(=O)c1ccccc1,,7.05,7.05,6.934884825642028,6.893390161012235,0.11511517435797192,0.15660983898776504
CHEMBL191091,CC(C)C(C(=O)Nc1ccc(C(=O)NO)cc1)c1ccccc1,,7.06,7.06,6.896857793664509,6.772219976453302,0.1631422063354906,0.2877800235466976
CHEMBL4799406,O=C(NO)c1ccc(CN2C(=O)c3cccc(F)c3C2=O)cc1-c1ccccc1,,7.06,7.06,6.926673151710014,6.7015222041804465,0.1333268482899852,0.3584777958195531
CHEMBL5091856,Cc1ccc2nc3c4ccccc4c(NCCCCCCC(=O)NO)nn3c(=O)c2c1,,7.07,7.07,6.890477638557032,6.769615268097743,0.1795223614429684,0.30038473190225723
CHEMBL5185310,Cc1[nH]c2ccccc2c1C1=CCC(NCc2ccc(OCC(=O)NO)cc2F)CC1,,7.07,7.07,6.9251862496849705,6.3540560064603815,0.14481375031502974,0.7159439935396188
CHEMBL4565296,CC(=O)N(Cc1ccc(C(C)(C)C)cc1)c1ccc(C(=O)NO)cc1,,7.07,7.07,6.9538277505835016,7.052259449738001,0.11617224941649873,0.017740550261999388
CHEMBL5815059,COc1ccc(OCOc2cc(OC)ccc2/C=C/C(=O)NO)cc1,,7.08,7.08,6.913177581501563,6.690899643958471,0.16682241849843749,0.3891003560415287
CHEMBL5881234,CC(C)c1ccc(-c2nc3cc(C(=O)NO)ccc3n2C)cc1,,7.08,7.08,6.762452302840476,6.402937354216072,0.31754769715952413,0.6770626457839279
CHEMBL5565875,CCCCNNC(=O)c1ccc(N2CCN(C)CC2)cc1,,7.09,7.09,7.149659384923844,7.027367734361834,-0.05965938492384382,0.06263226563816549
CHEMBL4218293,COc1ccc(C2c3ccccc3CCN2CCC(=O)NO)cc1,,7.09,7.09,6.933633765986857,6.582537207820852,0.15636623401314242,0.5074627921791475
CHEMBL4640819,CCN(c1ccc(C(=O)NO)cc1)S(=O)(=O)c1cccc(C(C)(C)C)c1,,7.095,7.095,6.877622365333565,6.7332634741496395,0.2173776346664349,0.3617365258503602
CHEMBL3309288,COc1ccc2cc(C(=O)NCCCCCCC(=O)NO)ccc2n1,,7.1,7.1,6.583188403704334,6.002060511382801,0.5168115962956659,1.0979394886171985
CHEMBL5191350,C#CCN(C)CCCOc1cc(NCc2ccc(/C=C/C(=O)NO)cc2)ccc1Cl,,7.1,7.1,6.774167291064593,6.20381905695633,0.3258327089354065,0.89618094304367
CHEMBL5977093,O=C(NO)c1ccc2nc(-c3ccc(-c4ccc(CN5CCOCC5)cc4)cc3)[nH]c2c1,,7.1,7.1,6.643844959950133,6.255718644491326,0.4561550400498664,0.8442813555086737
CHEMBL598797,C#Cc1cccc(Nc2ncnc3cc(OC)c(OCCCCCCC(=O)NO)cc23)c1,,7.1,7.1,6.839425292415843,6.401468181209066,0.2605747075841567,0.6985318187909337
CHEMBL3338418,O=C(NO)c1ccc2c(c1)C[C@H](Nc1nccc(-c3cccnc3)n1)CC2,,7.1,7.1,6.264021204391572,6.187965721276177,0.8359787956084279,0.9120342787238229
CHEMBL1095450,Cc1c(-c2ccccc2)nc(-c2cccc(/C=C/C(=O)NO)c2)n1CCN1CCOCC1,,7.1,7.1,7.040181291924167,6.977483394848077,0.05981870807583256,0.12251660515192242
CHEMBL4218674,O=C(NO)c1cccc(S(=O)(=O)NCc2ccccc2)c1,,7.1,7.1,6.693522665516878,6.4213111092325255,0.40647733448312184,0.6786888907674742
CHEMBL5632044,CSCC[C@H]1NCC(=O)NC1=O,,7.1,7.1,6.921537217526089,6.203775391624523,0.17846278247391023,0.8962246083754764
CHEMBL1096432,Cc1nc(-c2cccc(/C=C/C(=O)NO)c2)n(CCN2CCOCC2)c1-c1ccccc1,,7.1,7.1,6.964235266745266,6.895925522223381,0.13576473325473337,0.20407447777661858
CHEMBL3799297,COc1ccc(C(=O)Nc2cc(C(=O)NO)ccc2OC)cc1,,7.11,7.11,6.964926888613412,6.808951729899125,0.14507311138658796,0.30104827010087565
CHEMBL5795916,COc1ccc(/C=C/C(=O)NO)c(-c2cccc3ccccc23)c1,,7.11,7.11,7.055133832920065,6.932414745808622,0.0548661670799353,0.17758525419137872
CHEMBL318642,O=C(/C=C/c1ccc(NS(=O)(=O)c2ccc(Cl)cc2)cc1)NO,,7.12,7.12,6.810116142359412,6.588588143776993,0.309883857640588,0.5314118562230075
CHEMBL3415628,CC1(Nc2ccc(C(=O)NO)cc2)CCN(c2ccc3ncccc3c2)C1=O,,7.12,7.12,6.719598699355705,6.141144700402184,0.4004013006442948,0.9788552995978161
CHEMBL1914703,O=C(CCCCCCC(=O)Nc1cnn(Cc2ccccc2)c1)NO,,7.12,7.12,6.970687211548453,6.57602833266735,0.14931278845154683,0.5439716673326505
CHEMBL4442562,S=C1Sc2cccc(I)c2C2=NCCCN12,,7.12,7.12,6.269101677011292,6.056091393884081,0.8508983229887077,1.0639086061159189
CHEMBL3670669,COc1ccc(-c2cc(-c3ccccc3)[nH]c2C(=O)NCc2ccc(C(=O)Nc3ccccn3)cc2)cc1,,7.13,7.13,6.776499210404646,5.781044535907471,0.3535007895953539,1.348955464092529
CHEMBL6018203,Cn1c(-c2ccc(-c3ccccc3)cc2)nc2cc(C(=O)NO)ccc21,,7.13,7.13,6.62587950084324,6.231155618613501,0.5041204991567598,0.8988443813864988
CHEMBL4755724,CC(C)(C)c1ccc(CC(=O)Nc2ccc(C(=O)NO)cc2)cc1,,7.13,7.13,6.946038959503794,6.820781383492467,0.18396104049620554,0.3092186165075326
CHEMBL4061831,O=C(NO)c1ccc(F)c(NCc2ccccc2)c1,,7.14,7.14,6.699841038996031,6.555630005988235,0.4401589610039691,0.584369994011765
CHEMBL3311471,O=C(CCCCCCNC(=O)c1ccc2[nH]c(=O)ccc2c1)NO,,7.14,7.14,7.021258837283902,6.74457533955187,0.11874116271609747,0.3954246604481293
CHEMBL3309284,Cn1c(=O)ccc2cc(C(=O)NCCCCCCC(=O)NO)ccc21,,7.14,7.14,6.8123900691339685,6.4357341420064,0.3276099308660312,0.7042658579936001
CHEMBL4748500,O=C(NO)c1ccc(CN2C(=O)c3ccccc3C2=O)cc1-c1ccccc1,,7.14,7.14,7.0225155375416755,6.932965550776562,0.11748446245832422,0.20703444922343728
CHEMBL325041,CC(C)C[C@H](NC(=O)[C@H](Cc1ccccc1)NC(=O)c1cnccn1)B(O)O,,7.14,7.14,6.721763536742662,5.9023413042649295,0.41823646325733765,1.2376586957350701
CHEMBL4761013,O=C(NO)c1ccc(CN2C(=O)c3ccccc3S2(=O)=O)cc1-c1ccccc1,,7.15,7.15,7.046928797063645,6.731355394478485,0.10307120293635563,0.41864460552151517
CHEMBL2235253,O=C(CCCCCCCN1C(=O)c2ccccc2C1=O)NO,,7.15,7.15,6.870276944206797,6.7967646846792125,0.27972305579320356,0.3532353153207879
CHEMBL4563838,CC[C@H](Nc1ncnc2[nH]cnc12)c1nc2cccc(-c3ccc(C(=O)NO)cc3)c2c(=O)n1-c1ccccc1,,7.15,7.15,6.575549570960526,6.315655327312788,0.5744504290394747,0.8343446726872124
CHEMBL3798268,CN(C)c1cccc(C(=O)NO)c1,,7.15,7.15,6.552038287020075,5.9459026954137295,0.5979617129799255,1.2040973045862708
CHEMBL4868510,CCOc1ccc(C(C)=O)cc1NC(=O)c1cc(C(=O)NO)ccc1C,,7.16,7.16,6.896045354829244,6.681574352991466,0.26395464517075595,0.4784256470085344
CHEMBL471042,O=C(/C=C/c1ccc(/C=N/OCc2ccc([N+](=O)[O-])cc2)cc1)NO,,7.16,7.16,6.780108195273948,6.421851089077346,0.3798918047260518,0.7381489109226544
CHEMBL561209,COc1ccc(-c2ccc(/C=C/C(=O)NO)cc2)cc1,,7.16,7.16,6.6636899894056185,6.2315444595511185,0.4963100105943816,0.9284555404488817
CHEMBL4649867,CC(C)N(C(=O)c1cccc(OC(F)(F)F)c1)c1ccc(C(=O)NO)cc1,,7.16,7.16,7.0382787494621075,6.879244489850714,0.12172125053789262,0.28075551014928646
CHEMBL5631346,O=C1CN[C@@H](Cc2ccccc2)C(=O)N1,,7.17,7.17,7.37571754291197,7.482734323291778,-0.20571754291197042,-0.3127343232917781
CHEMBL5085755,CC(C)(C)c1ccc(CN(Cc2ccc(C(=O)NO)cc2)S(=O)(=O)c2c(F)c(F)c(F)c(F)c2F)cc1,,7.17,7.17,7.054690391100853,6.812561018710204,0.11530960889914699,0.35743898128979623
CHEMBL5192518,O=C(NO)c1ccc(/C=N/NC(=O)c2cc(N3CCOCC3)nc(-c3cccc(O)c3)n2)cc1,,7.17,7.17,7.095865878940523,6.546946492064512,0.07413412105947703,0.623053507935488
CHEMBL4588104,O=C(/C=C/c1ccc(C(=O)NC(Cc2c[nH]c3ccccc23)C(=O)Nc2ccc3ccccc3c2)cc1)NO,,7.18,7.18,6.8188353239070185,6.489468197118208,0.3611646760929812,0.6905318028817913
CHEMBL6167072,O=C1CCC(N2C(=O)c3cccc(NCCOCCOCCn4cc(CCCCN(Cc5ccc(C(=O)NO)cc5)Cc5cccnc5)nn4)c3C2=O)C(=O)N1,,7.18,7.18,7.6237267750387225,8.036657647923196,-0.4437267750387228,-0.8566576479231962
CHEMBL99810,O=C(CCCCCCCC(=O)c1ccccc1)NO,,7.19,7.19,6.917410593774648,6.657013597127572,0.272589406225352,0.532986402872428
CHEMBL4789607,COc1ccc(C(=O)NO)cc1C(=O)Nc1ccc2c(c1)cc(C)c(=O)n2C,,7.19,7.19,7.045246320093122,6.838614546586416,0.14475367990687804,0.3513854534135845
CHEMBL5185889,O=C(NO)c1ccc(Cn2sc3ccccc3c2=O)cc1,,7.19,7.19,6.579327277964511,6.223092351885619,0.6106727220354893,0.9669076481143817
CHEMBL4643684,CC(C)N(C(=O)c1cccc(C(F)(F)F)c1)c1ccc(C(=O)NO)cc1,,7.195,7.195,7.050534509238091,6.938513960516598,0.14446549076190962,0.2564860394834021
CHEMBL1095972,Cc1nc(-c2cccc(/C=C/C(=O)NO)c2)n(CCN2CCOCC2)c1Cc1ccccc1,,7.2,7.2,7.168824261031292,7.17086181943152,0.03117573896870862,0.029138180568479832
CHEMBL1099058,O=C(/C=C/c1cccc(-c2nc3ccccc3n2CCN2CCCC2)c1)NO,,7.2,7.2,6.944801974327918,6.871190307138255,0.2551980256720823,0.32880969286174544
CHEMBL1098042,O=C(/C=C/c1cccc(-c2nc3ccccc3[nH]2)c1)NO,,7.2,7.2,7.1452617234745635,6.653703094890708,0.054738276525436724,0.5462969051092923
CHEMBL1099095,COc1ccc(-n2c(-c3cccc(/C=C/C(=O)NO)c3)nc3ccccc32)cc1,,7.2,7.2,7.209522814777742,7.1347106058087295,-0.00952281477774175,0.06528939419127067
CHEMBL1095711,CCN(CC)CCn1c(-c2cccc(/C=C/C(=O)NO)c2)nc2ccccc21,,7.2,7.2,6.950860609093233,6.860608999474291,0.24913939090676696,0.33939100052570925
CHEMBL1094094,Cc1nc(Cc2ccccc2)n(CCc2ccccc2)c1-c1cccc(/C=C/C(=O)NO)c1,,7.2,7.2,7.158326323915326,7.058671886828586,0.04167367608467387,0.14132811317141414
CHEMBL4637798,CC(C)(C)c1cccc(C(=O)N(CC2CC2)c2ccc(C(=O)NO)cc2)c1,,7.205,7.205,7.070232121690237,6.943786012128856,0.13476787830976278,0.2612139878711437
CHEMBL3356527,O=C1NCCC[C@H]1C(=O)N[C@@H](CCCCCS)C(=O)Nc1ccccc1,,7.21,7.21,6.9269752286901465,6.70874259741695,0.2830247713098535,0.5012574025830503
CHEMBL3356929,O=C1C[C@@H](C(=O)N[C@@H](CCCCCS)C(=O)Nc2ccccc2)N1,,7.21,7.21,6.748922077914129,6.470996713333517,0.4610779220858712,0.7390032866664829
CHEMBL4637226,O=C(NO)c1ccc(N(CC2CC2)C(=O)c2cccc(C(F)(F)F)c2)cc1,,7.21,7.21,6.914329082751095,6.688979511707272,0.2956709172489047,0.5210204882927281
CHEMBL4649651,CC(C)N(C(=O)c1cccc(C(F)(F)F)c1F)c1ccc(C(=O)NO)cc1,,7.215,7.215,7.063436054660315,6.942490494446174,0.1515639453396851,0.2725095055538258
CHEMBL2235664,COc1ccc(CS(=O)(=O)Nc2ccc(/C=C\C(=O)NO)cc2)cc1,,7.22,7.22,6.990042867922735,6.704048355779148,0.22995713207726443,0.515951644220852
CHEMBL5589652,C#CCN1C(=O)CNC(=O)/C1=C/c1ccc(C(=O)NCCNC(=O)c2ccc(C(=O)NO)cc2)cc1,,7.22,7.22,7.022966374922367,6.803686247982842,0.19703362507763256,0.4163137520171576
CHEMBL4517272,C=C(c1cc(OC)c(OC)c(OC)c1)c1ccc(OC)cc1/C=C/C(=O)NO,,7.22,7.22,6.703304796228593,6.333053928099444,0.5166952037714063,0.8869460719005557
CHEMBL5269123,COc1ccc(/C=N/NC(=O)CCCCCCCC(=O)NO)cc1,,7.22,7.22,6.77189843717233,6.31850249771485,0.4481015628276701,0.9014975022851495
CHEMBL4634521,O=C(NO)c1ccc(NC(=O)C2(c3ccc(Br)cc3)CCOCC2)cc1,,7.23,7.23,7.211629780219014,6.982054723996043,0.018370219780986297,0.2479452760039571
CHEMBL3356918,O=C1CC[C@@H](C(=O)N[C@@H](CCCCCS)C(=O)Nc2ccccc2)N1,,7.23,7.23,6.473411146692786,6.214739179262903,0.756588853307214,1.0152608207370974
CHEMBL3309286,CN1C(=O)CC(C)(C)c2cc(C(=O)NCCCCCCC(=O)NO)ccc21,,7.23,7.23,7.164976673006876,6.972692237244386,0.06502332699312419,0.2573077627556142
CHEMBL3800394,COc1ccc(C(=O)NO)cc1NC(=O)c1ccc(-c2ccccc2)cc1,,7.235,7.235,6.975041129257759,6.903616297546612,0.2599588707422411,0.33138370245338855
CHEMBL4284448,O=C(CCC(CCCC(=O)Nc1ccccc1)Cc1ccccc1)NO,,7.24,7.24,6.830285545264289,6.815051143606485,0.40971445473571144,0.4249488563935149
CHEMBL6195965,CC(O)COC[C@H]1O[C@H]2O[C@H]3[C@@H](O)[C@H](O)[C@@H](O[C@H]4[C@@H](O)[C@@H](O)[C@@H](O[C@H]5[C@@H](O)[C@H](O)[C@@H](O[C@H]6[C@@H](O)[C@H](O)[C@@H](O[C@@H]7[C@@H](O)[C@H](O)[C@H](O[C@H]8[C@@H](O)[C@H](O)[C@@H](O[C@@H]1[C@@H](O)[C@@H]2O)O[C@@H]8COCC(C)O)O[C@@H]7COCC(C)O)O[C@@H]6COCC(C)O)O[C@@H]5COCC(C)O)O[C@@H]4COCC(C)O)O[C@@H]3COCC(C)O,,7.25,7.25,6.968274526008804,5.717657744228494,0.2817254739911963,1.532342255771506
CHEMBL4208780,O=C(CCN1CCc2ccccc2C1c1ccc(-c2ccccc2)cc1)NO,,7.26,7.26,6.818596929547076,6.38777022088107,0.4414030704529237,0.8722297791189302
CHEMBL3311473,CC1(C)CC(=O)Nc2ccc(C(=O)NCCCCCCC(=O)NO)cc21,,7.26,7.26,7.4155198976636125,7.307363786097539,-0.15551989766361274,-0.047363786097538885
CHEMBL4779831,COc1cccc(-c2ccc3c(NC(=O)CCCC(=O)NO)n[nH]c3c2)c1,,7.27,7.27,7.498662837217095,7.570296295552659,-0.22866283721709557,-0.30029629555265913
CHEMBL3763386,C/C(=N\N(C)C(=O)c1ccc(N(C)C)cc1)c1ccc(C(=O)NO)cc1,,7.27,7.27,6.840617416468229,6.572165922725152,0.42938258353177083,0.6978340772748473
CHEMBL5569561,O=C(NO)c1cccc(-n2cc(CSc3ccccc3)nn2)c1,,7.28,7.28,6.978910040380825,6.548715115473953,0.3010899596191754,0.7312848845260476
CHEMBL1771315,O=C(NO)c1cccc(C(=O)N/N=C/c2ccccc2)c1,,7.28,7.28,6.816274856370944,6.1858846979575866,0.46372514362905637,1.0941153020424137
CHEMBL3098604,Cc1cccc(NC(=O)[C@H](CCCCCC(=O)NO)NC(=O)[C@H]2CCC(=O)N2)c1,,7.28,7.28,7.156846855273509,7.143652888174675,0.12315314472649153,0.13634711182532566
CHEMBL3311472,O=C(CCCCCCNC(=O)c1ccc2c(c1)CCC(=O)N2)NO,,7.28,7.28,7.069372259544043,6.928044492334575,0.21062774045595756,0.3519555076654255
CHEMBL5632399,O=C1CN[C@H](Cc2cc3ccccc3[nH]2)C(=O)N1,,7.29,7.29,7.158918608144333,6.307037308249272,0.13108139185566703,0.9829626917507284
CHEMBL4642821,CC(C)N(C(=O)c1cc(C(F)(F)F)cc(C(F)(F)F)c1)c1ccc(C(=O)NO)cc1,,7.29,7.29,7.0824860175062145,6.931772091684737,0.2075139824937855,0.3582279083152633
CHEMBL1095119,CCN1CCC[C@@H](n2c(-c3cccc(/C=C/C(=O)NO)c3)nc(C)c2-c2ccccc2)C1,,7.3,7.3,7.027134473854093,6.994689317395412,0.27286552614590676,0.3053106826045875
CHEMBL1095400,Cc1nc(-c2ccccc2)n(CCc2ccccc2)c1-c1cccc(/C=C/C(=O)NO)c1,,7.3,7.3,7.31811685931388,7.194576619288037,-0.018116859313880518,0.10542338071196244
CHEMBL1094077,CCN1CCC[C@@H](n2c(-c3cccc(/C=C/C(=O)NO)c3)nc(Cc3ccccc3)c2C)C1,,7.3,7.3,7.1560980347305865,7.050978880758231,0.14390196526941335,0.2490211192417684
CHEMBL1097369,O=C(/C=C/c1cccc(-c2nc3ccccc3n2C2CCCCC2)c1)NO,,7.3,7.3,7.161801646981944,6.973655581549439,0.13819835301805572,0.32634441845056106
CHEMBL1094085,O=C(/C=C/c1cccc(-c2nc3ccccc3n2-c2ccccc2)c1)NO,,7.3,7.3,7.210931380052672,7.106002206279338,0.0890686199473274,0.19399779372066206
CHEMBL1099094,O=C(/C=C/c1cccc(-c2nc3ccccc3n2-c2ccc(Cl)cc2)c1)NO,,7.3,7.3,7.141636290880394,6.88662813145695,0.15836370911960618,0.41337186854304964
CHEMBL1094648,Cc1c(-c2ccccc2)nc(-c2cccc(/C=C/C(=O)NO)c2)n1[C@@H]1CCCN(C)C1,,7.3,7.3,7.090742722831145,7.034849112733643,0.209257277168855,0.2651508872663566
CHEMBL4206936,O=C(NO)c1cccc(S(=O)(=O)Nc2ccccc2)c1,,7.3,7.3,6.907443767445178,6.764101974754424,0.3925562325548215,0.5358980252455758
CHEMBL3309291,CC1(C)CC(=O)Nc2ccc(C(=O)NCc3ccc(/C=C/C(=O)NO)cc3)cc21,,7.31,7.31,7.139075270649451,6.8235534600572265,0.17092472935054825,0.4864465399427731
CHEMBL5760765,COc1ccc(/C=C/C(=O)NO)c(-c2cccc3c2oc2ccccc23)c1,,7.32,7.32,7.056546916828085,6.896660677986223,0.26345308317191485,0.4233393220137769
CHEMBL3311464,O=C(CCCCCCC(=O)Nc1ccc2[nH]c(=O)ccc2c1)NO,,7.32,7.32,7.123986811106372,6.8337984610113995,0.1960131888936285,0.48620153898860075
CHEMBL4229142,O=C(/C=C/c1ccc(C(=O)NO)cc1)N[C@@H](Cc1c[nH]c2ccccc12)C(=O)Nc1ccc(Cl)cc1,,7.33,7.33,6.799160437082609,6.40891612104339,0.5308395629173912,0.92108387895661
CHEMBL4778826,COc1ccc(/C=C/C(=O)c2nnn(-c3ccc(Cl)cc3)c2C)cc1OC,,7.33,7.33,6.944660451092947,5.492634432187513,0.38533954890705324,1.837365567812487
CHEMBL5206011,CCCCCCNNC(=O)c1cccc(NCc2ccccc2)c1,,7.34,7.34,7.144312519275435,6.493606736257526,0.19568748072456454,0.846393263742474
CHEMBL2235258,O=C(CCCCCCCC(=O)c1ccc(C(F)(F)F)cc1)NO,,7.35,7.35,7.409062585526351,7.149717819389265,-0.059062585526351796,0.20028218061073488
CHEMBL5275184,CCCCNNC(=O)c1ccc(C(C)(C)C)cc1,,7.35,7.35,6.896304608001248,5.949991139559556,0.4536953919987514,1.400008860440444
CHEMBL4467713,CC(C)[C@@H]1NC(=O)[C@]2(C)CSC(=N2)c2csc(n2)CNC(=O)C[C@@H](/C=C/C(F)(F)CS)OC1=O,,7.36,7.36,7.3338069983187335,7.23386206821116,0.026193001681266814,0.1261379317888407
CHEMBL4209843,O=C(CCCCN1CCc2ccccc2C1c1ccccc1)NO,,7.36,7.36,6.680516969649639,6.115758315018548,0.6794830303503616,1.2442416849814526
CHEMBL4642874,O=C(NO)c1ccc(NC(=O)C2(c3ccc4ccccc4c3)CCOCC2)cc1,,7.36,7.36,7.271379361235786,6.862903602152924,0.08862063876421455,0.49709639784707615
CHEMBL4742241,CC(C)(C)c1ccc(NC(=O)c2ccc(C(=O)NO)cc2)cc1,,7.36,7.36,7.115694349912985,6.892791896734455,0.2443056500870151,0.46720810326554574
CHEMBL6152548,O=C1CCC(N2C(=O)c3cccc(NCCCn4cc(CCCCN(Cc5ccc(C(=O)NO)cc5)Cc5cccnc5)nn4)c3C2=O)C(=O)N1,,7.38,7.38,7.577951118066538,7.818893147729451,-0.19795111806653853,-0.4388931477294511
CHEMBL5434546,COc1ccc(-c2cc(-c3ccn(Cc4ccc(C(=O)NO)cc4)n3)ccn2)cc1,,7.38,7.38,6.9778885738944725,6.359758297401077,0.4021114261055274,1.0202417025989226
CHEMBL5862871,COc1ccc(/C=C/C(=O)NO)c(-c2ccc(C(=O)c3ccccc3)cc2)c1,,7.38,7.38,7.181664203406482,6.7142928121057786,0.19833579659351752,0.6657071878942213
CHEMBL5184498,O=C(NO)c1ccc(CNC(=O)N2CCC(N3C(=O)[C@H](c4ccccc4)[C@H]3c3ccccc3)CC2)cc1,,7.38,7.38,7.094898076550178,6.446855312737654,0.28510192344982155,0.9331446872623461
CHEMBL4640356,O=C(NO)c1ccc(NC(=O)C2(c3c[nH]c(-c4ccccc4)n3)CCCC2)cc1,,7.39,7.39,7.111389943364298,6.409289532263167,0.27861005663570193,0.9807104677368326
CHEMBL3356925,O=C1NC[C@@H](c2ccccc2)[C@@H]1C(=O)N[C@@H](CCCCCS)C(=O)Nc1ccccc1,,7.4,7.4,6.589198778510767,6.203131430100576,0.8108012214892337,1.196868569899424
CHEMBL1095120,Cc1nc(-c2cccc(/C=C/C(=O)NO)c2)n([C@@H]2CCCN(C(C)C)C2)c1-c1ccccc1,,7.4,7.4,7.187192174416994,7.1021438953532545,0.21280782558300615,0.29785610464674583
CHEMBL1097981,O=C(/C=C/c1cccc(-c2nc3ccccc3n2Cc2ccccc2)c1)NO,,7.4,7.4,7.350040799790769,7.311358678445274,0.049959200209231724,0.08864132155472593
CHEMBL4095643,COc1ccc(C(=O)NO)cc1C(=O)Nc1ccc(Cl)cc1,,7.41,7.41,7.138631420407707,6.804178957484874,0.2713685795922931,0.6058210425151263
CHEMBL5880875,O=C1CC[C@@H](CO)N1c1ccc(-c2noc(C(F)(F)F)n2)c(F)c1,,7.42,7.42,6.879620884516761,5.425355604570095,0.5403791154832387,1.994644395429905
CHEMBL4576056,CN(CC(=O)N(Cc1ccc(C(C)(C)C)cc1)c1ccc(C(=O)NO)cc1)S(=O)(=O)c1ccc(F)cc1,,7.42,7.42,7.413289061137682,6.873614475733702,0.006710938862317661,0.5463855242662978
CHEMBL6171267,O=C1CCC(N2C(=O)c3cccc(NCCN(Cc4ccc(C(=O)NO)cc4)Cc4cccnc4)c3C2=O)C(=O)N1,,7.43,7.43,7.598902149892735,7.715379047047886,-0.16890214989273566,-0.2853790470478863
CHEMBL5174998,CCCCCCNNC(=O)c1ccc(-c2ccc(CNC(C)=O)cc2)cc1,,7.44,7.44,6.996607975662279,6.321838141437252,0.4433920243377214,1.1181618585627486
CHEMBL5591493,CN1C(=O)CNC(=O)/C1=C/c1ccc(/C=C/C(=O)NO)cc1,,7.45,7.45,7.339052927267755,6.952418589973885,0.11094707273224547,0.49758141002611556
CHEMBL4552057,Nc1ccc(-c2nc(N3CCOCC3)c3cnn(CCCCCCC(=O)NO)c3n2)cc1,,7.45,7.45,7.364530070811166,7.240071904685864,0.08546992918883412,0.2099280953141358
CHEMBL2235659,O=C(CCCCCCCC(O)c1ccc2ccccc2c1)NO,,7.46,7.46,7.16279255320922,7.012782262267642,0.2972074467907797,0.44721773773235807
CHEMBL95273,O=C(CCCCCCC(=O)c1ccc2ccccc2c1)NO,,7.46,7.46,7.557247271559252,7.612290645981693,-0.09724727155925184,-0.15229064598169284
CHEMBL1835416,CC(C)(C)OC(=O)N[C@@H](Cc1ccccc1)C(=O)N1CC2(C[C@H]1C(=O)NCCCCCC(=O)NO)SCCS2,,7.46,7.46,7.2427905047251695,6.560898578264858,0.21720949527483047,0.8991014217351418
CHEMBL4638377,CC(C)(C)c1cccc(C(=O)Nc2ccc(C(=O)NO)cc2)c1,,7.47,7.47,7.185549817890069,7.023163998029554,0.28445018210993034,0.4468360019704454
CHEMBL3098602,O=C(CCCCC[C@H](NC(=O)[C@H]1CCC(=O)N1)C(=O)Nc1cccc(C(F)(F)F)c1)NO,,7.48,7.48,7.273987633621886,6.942767614829206,0.20601236637811482,0.5372323851707943
CHEMBL4792705,O=C(CCCCCCC(=O)Nc1n[nH]c2cc(-c3ccsc3)ccc12)NO,,7.49,7.49,7.881266569115514,7.924304358578013,-0.3912665691155137,-0.43430435857801264
CHEMBL3098688,O=C(CCCCC[C@H](NC(=O)[C@H]1CCC(=O)N1)C(=O)NCCc1ccccc1)NO,,7.5,7.5,7.165933464405084,6.914330622527221,0.33406653559491595,0.5856693774727786
CHEMBL4634501,CN1CC(C(=O)N[C@@H](CCCCCC(=O)c2ccon2)c2ncc(-c3ccccc3F)o2)C1,,7.5,7.5,7.465643653581971,6.960363145875877,0.034356346418029204,0.5396368541241232
CHEMBL1095719,Cc1nc(-c2cccc(/C=C/C(=O)NO)c2)n(CCc2ccccc2)c1C,,7.51,7.51,7.367520328009855,7.364227824219499,0.1424796719901451,0.1457721757805004
CHEMBL5273674,O=C1CN(Cc2ccc(C(=O)NO)cc2)C(=O)[C@@H](Cc2ccccc2)N1,,7.51,7.51,7.1155262270621265,6.771890722508453,0.39447377293787333,0.7381092774915468
CHEMBL1095136,CCN1CCC[C@@H](n2c(-c3cccc(/C=C/C(=O)NO)c3)nc(-c3ccccc3)c2C)C1,,7.51,7.51,7.135071736042746,7.04953980119509,0.374928263957254,0.46046019880490974
CHEMBL3338404,O=C(NO)c1ccc2c(c1)CN(Cc1ccc(-c3cccc([N+](=O)[O-])c3)o1)CC2,,7.52,7.52,6.883546755744286,5.942265860772929,0.6364532442557138,1.5777341392270703
CHEMBL594544,O=C(NO)c1cnc(N2CCN(C(/C=C/c3ccc(F)cc3)CO)CC2)nc1,,7.52,7.52,7.392408093387132,6.671616632710086,0.12759190661286723,0.8483833672899133
CHEMBL1771485,C#CCOc1ccc(/C=N/NC(=O)c2cccc(C(=O)NO)c2)cc1,,7.54,7.54,7.45444610433125,7.059848579910758,0.08555389566874982,0.48015142008924183
CHEMBL3800057,CC(C)Oc1ccc(C(=O)NO)cc1NC(=O)c1ccccc1,,7.54,7.54,7.295765145934588,6.883961896712009,0.2442348540654118,0.6560381032879912
CHEMBL5193507,O=C(NO)c1ccc(CN(C2CC2)S(=O)(=O)c2c(F)c(F)c(F)c(F)c2F)cc1,,7.54,7.54,6.750346133296494,6.51927933529821,0.7896538667035058,1.0207206647017903
CHEMBL3309298,CC1(C)CC(=O)Nc2ccc(C(=O)NC[C@H]3CC[C@H](CCC(=O)NO)CC3)cc21,,7.55,7.55,7.531430104668985,7.1282893922302115,0.01856989533101494,0.4217106077697883
CHEMBL5960394,CC(C)c1ccc(-c2nc3cc(C(=O)NO)ccc3s2)cc1,,7.55,7.55,7.169713753407212,6.489680055415768,0.38028624659278787,1.060319944584232
CHEMBL4560533,CC(C)(C)c1ccc(CN(C(=O)CNS(=O)(=O)c2ccc(F)cc2)c2ccc(C(=O)NO)cc2)cc1,,7.55,7.55,7.341923171101566,6.738546379757949,0.2080768288984336,0.8114536202420508
CHEMBL1914705,[N-]=[N+]=Nc1ccc(Cn2cc(NC(=O)CCCCCCC(=O)NO)cn2)cc1,,7.55,7.55,7.119004760528393,6.773959890473188,0.4309952394716072,0.7760401095268117
CHEMBL6160445,O=C1CCC(N2C(=O)c3cccc(NCCOCCOCCn4cc(CN(Cc5ccc(C(=O)NO)cc5)Cc5cccnc5)nn4)c3C2=O)C(=O)N1,,7.56,7.56,7.8605963417431575,8.030366884185131,-0.30059634174315786,-0.4703668841851316
CHEMBL4862549,Nc1nc2cc(-c3nn(CC4CCN(c5ncc(C(=O)NO)cn5)CC4)c4ncnc(N)c34)ccc2o1,,7.57,7.57,7.455816466284158,6.575454842015657,0.11418353371584189,0.9945451579843434
CHEMBL4078458,COc1ccc(/C=C/C(=O)NO)c(-c2ccc(-c3ccccc3)cc2)c1,,7.57,7.57,7.250737453715363,6.909114668886465,0.31926254628463724,0.6608853311135352
CHEMBL4446027,CC(C)[C@@H]1NC(=O)[C@]2(C)CSC(=N2)c2csc(n2)CNC(=O)C[C@@H](/C(F)=C/CCS)NC1=O,,7.57,7.57,7.475436497694003,7.216578794932213,0.09456350230599764,0.3534212050677876
CHEMBL4287851,O=C(CC[C@@H](CCCC(=O)Nc1ccccc1)Cc1ccccc1)NO,,7.57,7.57,6.830285545264289,6.680620572742793,0.7397144547357115,0.8893794272572073
CHEMBL3797516,COc1ccc(C(=O)NO)cc1OCc1ccccc1,,7.595,7.595,7.056828378953293,6.576004741780741,0.5381716210467067,1.0189952582192587
CHEMBL1096433,Cc1nc(-c2cccc(/C=C/C(=O)NO)c2)n(CCc2ccccc2)c1-c1ccccc1,,7.6,7.6,7.3763405135290405,7.273089375847858,0.22365948647095912,0.32691062415214134
CHEMBL2235658,O=C(CCCCCCCCc1ccc2ccccc2c1)NO,,7.6,7.6,7.203688434747759,6.93142013561196,0.3963115652522404,0.6685798643880396
CHEMBL1099096,O=C(/C=C/c1cccc(-c2nc3ccccc3n2CCc2ccccc2)c1)NO,,7.6,7.6,7.452538123442292,7.328179797722816,0.14746187655770804,0.2718202022771834
CHEMBL609583,O=C(NO)c1cnc(N2CCN(S(=O)(=O)c3ccc4ccccc4c3)CC2)nc1,,7.605,7.605,7.46777364566227,6.531678492470482,0.13722635433773078,1.0733215075295188
CHEMBL4792025,O=C(CCCCCCC(=O)Nc1n[nH]c2cc(-c3ccncc3)ccc12)NO,,7.61,7.61,7.991059116207885,8.076474899417425,-0.3810591162078847,-0.4664748994174248
CHEMBL3309300,CC1(C)CC(=O)Nc2ccc(C(=O)NC[C@H]3CC[C@@H](CCC(=O)NO)CC3)cc21,,7.62,7.62,7.531430104668985,7.1282893922302115,0.08856989533101522,0.4917106077697886
CHEMBL5592497,Cc1cc(/C=C2/C(=O)NCC(=O)N2C)ccc1/C=C/C(=O)NO,,7.62,7.62,7.785077586646389,7.9828389792639545,-0.1650775866463885,-0.36283897926395436
CHEMBL5198617,CCCCCCNNC(=O)c1cnc(N2CCN(CCc3cn(C)c4ccccc34)CC2)nc1,,7.64,7.64,7.922887535378768,8.01725004950853,-0.28288753537876854,-0.3772500495085298
CHEMBL3356933,O=C1CCC[C@@H](C(=O)N[C@@H](CCCCCS)C(=O)NCc2ccc(C(F)(F)F)cc2)N1,,7.64,7.64,7.365197187443592,6.612920757244713,0.27480281255640726,1.0270792427552866
CHEMBL6163227,Cc1cc2c(cc1C#N)c(-c1cccc(N)c1C)cn2CCCCCCC(=O)NO,,7.64,7.64,7.551328288631867,7.2876629874508545,0.08867171136813301,0.3523370125491452
CHEMBL1771486,O=C1CC/C=C/CCC(=O)N(Cc2cccc(/C=N/NC(=O)c3cccc(C(=O)NO)c3)c2)C[C@@H](c2ccccc2)O1,,7.64,7.64,7.491317227055427,6.229535679334392,0.14868277294457233,1.410464320665608
CHEMBL5633419,O=C1CN[C@H](Cc2ccccc2)C(=O)N1,,7.67,7.67,7.37571754291197,7.15601713313923,0.2942824570880296,0.5139828668607702
CHEMBL4757957,Cc1ccc(C(=O)Nc2ccc(C(=O)NO)cc2)cc1,,7.67,7.67,7.023671872395131,6.407569794708586,0.6463281276048694,1.2624302052914143
CHEMBL6160806,O=C1CCC(N2C(=O)c3cccc(NCCCCN(Cc4ccc(C(=O)NO)cc4)Cc4cccnc4)c3C2=O)C(=O)N1,,7.68,7.68,7.591974424207054,7.436811793592183,0.08802557579294579,0.24318820640781702
CHEMBL3309299,CC1(C)CC(=O)Nc2ccc(C(=O)NC[C@H]3CC[C@@H](/C=C/C(=O)NO)CC3)cc21,,7.68,7.68,7.446945949320256,7.132747070432693,0.23305405067974405,0.547252929567307
CHEMBL4747455,O=C(NO)c1ccc(NC(=O)c2ccc(C3CC3)cc2)cc1,,7.69,7.69,7.183980298592261,6.840050661412817,0.5060197014077392,0.8499493385871837
CHEMBL2235251,O=C(/C=C/c1ccc(Cc2ccc(CO)cc2)cc1)NO,,7.7,7.7,7.114524908866596,6.458289728075077,0.5854750911334046,1.241710271924923
CHEMBL1096705,Cc1nc(-c2cccc(/C=C/C(=O)NO)c2)n(CCc2ccccc2)c1Cc1ccccc1,,7.7,7.7,7.399225007355405,7.333484333071508,0.3007749926445955,0.3665156669284926
CHEMBL3800182,COc1ccc(C(=O)NO)cc1S(=O)(=O)Nc1ccc(C)cc1,,7.7,7.7,7.40295790978298,6.729641931279216,0.2970420902170199,0.9703580687207838
CHEMBL1095451,Cc1c(-c2ccccc2)nc(-c2cccc(/C=C/C(=O)NO)c2)n1CCc1ccccc1,,7.7,7.7,7.440824150254048,7.317512461089171,0.25917584974595176,0.3824875389108291
CHEMBL343448,C/C=C1\NC(=O)[C@H]2CSSCC/C=C/[C@H](CC(=O)N[C@H](C(C)C)C(=O)N2)OC(=O)[C@H](C(C)C)NC1=O,,7.7,7.7,7.354233266779964,5.497754389879516,0.34576673322003604,2.2022456101204844
CHEMBL5186290,CCCCCCNNC(=O)c1cnc(NCc2ccc(CNC(C)=O)cc2)nc1,,7.72,7.72,7.649936537931517,6.919358820290583,0.07006346206848235,0.8006411797094168
CHEMBL5276344,COc1ccc(CC2C=Cc3cc(C(=O)NO)ccc32)cc1,,7.74,7.74,7.3444759051932085,6.482935445688478,0.39552409480679174,1.2570645543115226
CHEMBL4460552,C[C@H](NC(=O)c1nc(-c2ncc(-c3ccccc3)s2)sc1C1CC1)c1ccc(C(=O)NO)cc1,,7.77,7.77,7.499966220195883,6.534006480363386,0.27003377980411614,1.2359935196366134
CHEMBL1914708,[N-]=[N+]=NCc1cc(Cn2cc(NC(=O)CCCCCCC(=O)NO)cn2)cc(N=[N+]=[N-])c1,,7.77,7.77,7.2311392118114615,6.4109202382804895,0.5388607881885381,1.35907976171951
CHEMBL3356937,Cc1cccc(CCNC(=O)[C@H](CCCCCS)NC(=O)[C@@H]2CCCC(=O)N2)c1,,7.77,7.77,7.494173205482468,7.011942099404151,0.2758267945175312,0.7580579005958485
CHEMBL5566253,CCCCCNNC(=O)c1ccc(N2CCN(C)CC2)cc1,,7.79,7.79,7.555641209562678,7.4088185427230675,0.2343587904373221,0.38118145727693253
CHEMBL5198176,CCCCCCNNC(=O)c1cnc(NCc2ccccc2)nc1,,7.8,7.8,7.487298057949225,7.1294969418845575,0.31270194205077484,0.6705030581154423
CHEMBL4637689,Cc1cc(C(=O)CCCCC[C@H](NC(=O)C2CN(C)C2)c2ncc(-c3ccccc3F)[nH]2)no1,,7.8,7.8,7.474491149200163,6.3296012159657815,0.32550885079983694,1.4703987840342183
CHEMBL6161573,Cc1c(N)cccc1-c1cn(CCCCCCC(=O)NO)c2ccc(C#N)cc12,,7.8,7.8,7.447476031484779,6.974847816697334,0.3525239685152206,0.8251521833026656
CHEMBL1094793,C[C@@H](c1ccccc1)n1c(-c2cccc(/C=C/C(=O)NO)c2)nc2ccccc21,,7.8,7.8,7.538160159678554,7.063960631766985,0.26183984032144547,0.7360393682330146
CHEMBL5590993,C#CCN1C(=O)CNC(=O)/C1=C/c1ccc(C(=O)NCc2ccc(C(=O)NO)cc2)cc1,,7.82,7.82,7.303513526081346,6.714809568344171,0.5164864739186541,1.1051904316558296
CHEMBL2235257,COc1ccc(C(=O)CCCCCCCC(=O)NO)cc1,,7.82,7.82,7.1861860655545815,6.719218562412014,0.6338139344454188,1.1007814375879859
CHEMBL5172376,CCCCCCNNC(=O)c1cnc(N2CCN(Cc3cn(C)c4ccccc34)CC2)nc1,,7.85,7.85,7.922887535378768,7.828732867417717,-0.07288753537876858,0.021267132582282855
CHEMBL4750701,O=C(NO)c1ccc(NC(=O)c2c(F)c(F)c(F)c(F)c2F)cc1,,7.85,7.85,7.270127861956343,6.482377317135423,0.5798721380436564,1.3676226828645763
CHEMBL5595662,CCOc1cc(/C=C2/C(=O)NCC(=O)N2C)ccc1/C=C/C(=O)NO,,7.88,7.88,8.06241785417446,6.989728434458085,-0.182417854174461,0.8902715655419149
CHEMBL4798826,CC(C)(C)c1ccc(S(=O)(=O)Nc2ccc(C(=O)NO)cc2)cc1,,7.88,7.88,7.8129926936468435,7.730064764001691,0.06700730635315644,0.14993523599830905
CHEMBL5177696,COc1cc(OC)cc(N(CCNC(C)C)c2ccc3ncc(-c4cnn(CCCCCCC(=O)NO)c4)nc3c2)c1,,7.89,7.89,7.47899400239114,6.207817253289807,0.4110059976088598,1.6821827467101924
CHEMBL5077171,O=C(CCCCCCCOc1cccc(-c2nc3ccccc3[nH]2)c1)NO,,7.89,7.89,7.489192512771877,6.296115485405242,0.4008074872281231,1.593884514594758
CHEMBL4782327,O=C(CCCCCCC(=O)Nc1n[nH]c2cc(-c3ccccc3)ccc12)NO,,7.9,7.9,8.11112824823105,8.11480201059052,-0.21112824823105036,-0.2148020105905193
CHEMBL4462577,COc1ccc(-c2cc(OCCN(C)c3ncc(C(=O)NO)cn3)c3ncnc(C)c3c2)cn1,,7.92,7.92,7.487246919610745,6.635747246585192,0.4327530803892552,1.2842527534148083
CHEMBL595227,N=C1Sc2ccccc2C2=NCCCN12,,7.96,7.96,6.9747569665922455,5.804027035121115,0.9852430334077544,2.1559729648788846
CHEMBL3827517,CN(Cc1nc2c(N3CCOCC3)nc(-c3ccncc3)nc2n1C)c1ncc(C(=O)NO)cn1,,7.96,7.96,7.419603012197113,6.858873533642496,0.5403969878028869,1.1011264663575036
CHEMBL4593948,O=C(NO)[C@H](Cc1ccccc1)n1nnc(-c2ccccc2)c1C#Cc1ccccc1,,8.0,8.0,7.127538758081793,6.746226682698511,0.8724612419182067,1.2537733173014889
CHEMBL2235265,O=C(CCCCCCCC(=O)c1ccc(N2CCCCC2)cc1)NO,,8.02,8.02,7.824825225400215,7.37469071603917,0.19517477459978494,0.6453092839608292
CHEMBL4760053,CC(C)(C)c1ccc(NS(=O)(=O)c2ccc(C(=O)NO)cc2)cc1,,8.03,8.03,7.700235337617308,7.635998962244441,0.32976466238269175,0.39400103775555806
CHEMBL5076728,O=C(CCCCCCn1cc(Nc2ncc3ccn(Cc4ccccc4F)c3n2)cn1)NO,,8.04,8.04,7.4124043573969,6.015350037429794,0.6275956426030991,2.024649962570205
CHEMBL4529140,CC(C)[C@@H]1NC(=O)[C@]2(C)CSC(=N2)c2csc(n2)CNC(=O)C[C@@H](/C(F)=C/CCS)OC1=O,,8.07,8.07,7.603262175937681,7.442813771749221,0.466737824062319,0.6271862282507792
CHEMBL2235261,O=C(CCCCCCC/C(=N\O)c1ccc2ccccc2c1)NO,,8.07,8.07,8.023291479106991,7.858959027727333,0.046708520893009364,0.21104097227266738
CHEMBL5171086,CCCNNC(=O)c1cnc(N2CCN(Cc3c[nH]c4ccccc34)CC2)nc1,,8.09,8.09,7.702538435764168,7.141001216290007,0.38746156423583145,0.9489987837099925
CHEMBL2235263,C=C(CCCCCCCC(=O)NO)c1ccc2ccccc2c1,,8.1,8.1,7.666337392612853,7.233940908285275,0.4336626073871468,0.8660590917147246
CHEMBL6152466,O=C(CCCCCCNC(=O)c1cc2cc(-c3cn[nH]c3)ccc2s1)NO,,8.11,8.11,7.4991452511305186,6.149345229415987,0.6108547488694809,1.9606547705840125
CHEMBL5561268,CCCCCCNNC(=O)c1ccc(N2CCN(C)CC2)cc1,,8.12,8.12,7.779161008275638,7.493398933312957,0.34083899172436105,0.6266010666870425
CHEMBL4776599,COc1ccc(-c2ccc3c(NC(=O)CCCCCCC(=O)NO)n[nH]c3n2)cc1,,8.14,8.14,8.013602036359435,7.805062076039958,0.12639796364056544,0.33493792396004274
CHEMBL4566086,O=C(NO)[C@H](Cc1c[nH]c2ccccc12)n1nnc(-c2ccccc2)c1C#CC1CC1,,8.15,8.15,8.041785297956544,7.414628204495381,0.10821470204345651,0.7353717955046193
CHEMBL6143586,O=C1CCC(N2C(=O)c3cccc(NCCCCCCn4cc(CCCCN(Cc5ccc(C(=O)NO)cc5)Cc5cccnc5)nn4)c3C2=O)C(=O)N1,,8.22,8.22,7.8202550926549765,7.292938986239037,0.3997449073450241,0.9270610137609641
CHEMBL2235657,O=C(CCCCCC/C=C/c1ccc2ccccc2c1)NO,,8.22,8.22,7.560953723717356,6.851796697636973,0.6590462762826448,1.3682033023630273
CHEMBL5195676,CCCCCCNNC(=O)c1cnc(N2CCN(Cc3c[nH]c4ccccc34)CC2)nc1,,8.23,8.23,8.104560769849659,7.925661670649271,0.12543923015034153,0.30433832935072935
CHEMBL5632078,COc1ccc(/C=C/C(=O)NO)c(-c2ccc(Br)cc2)c1,,8.24,8.24,7.474254973903304,6.679456276558042,0.7657450260966963,1.560543723441958
CHEMBL3633769,COc1cc2ncnc(Nc3ccc(Cl)cc3Cl)c2cc1OCCCCCC(=O)NO,,8.28,8.28,7.9341971497125865,6.0986681879758935,0.34580285028741287,2.181331812024106
CHEMBL6133911,O=C1CCC(N2C(=O)c3cccc(NCCOCCOCCN(Cc4ccc(C(=O)NO)cc4)Cc4cccnc4)c3C2=O)C(=O)N1,,8.29,8.29,8.022422381399874,7.569294664818313,0.2675776186001251,0.7207053351816866
CHEMBL2235260,O=C(CCCCCCCC(=O)c1ccc(-c2ccccc2)cc1)NO,,8.3,8.3,7.877606725791963,7.3233738241021324,0.42239327420803807,0.9766261758978683
CHEMBL4799886,COc1ccc(F)c(-c2ccc3c(NC(=O)CCCCCCC(=O)NO)n[nH]c3c2)c1,,8.31,8.31,8.317378607301746,8.130214625403369,-0.0073786073017458875,0.1797853745966318
CHEMBL2235266,O=C(CCCCCCCC(=O)c1ccc(N2CCN(c3ccccc3)CC2)cc1)NO,,8.35,8.35,8.143454797021967,7.700151857758708,0.2065452029780328,0.6498481422412921
CHEMBL4782988,COc1cccc(-c2ccc3c(NC(=O)CCCCCC(=O)NO)n[nH]c3c2)c1,,8.35,8.35,8.154754526550777,8.067647068900943,0.19524547344922283,0.2823529310990569
CHEMBL4776974,COc1cccc(-c2ccc3c(NC(=O)CCCCCCC(=O)NO)n[nH]c3c2)c1F,,8.36,8.36,8.33416132052,8.203807023339719,0.025838679479999627,0.15619297666028054
CHEMBL4788942,COc1cc(OC)cc(-c2ccc3c(NC(=O)CCCCCCC(=O)NO)n[nH]c3c2)c1,,8.36,8.36,8.335912584820838,8.265621720381763,0.02408741517916191,0.09437827961823686
CHEMBL4782066,O=C(CCCCCCC(=O)Nc1n[nH]c2cc(-c3cccc(C(F)(F)F)c3)ccc12)NO,,8.39,8.39,8.25992827855283,7.89140164941303,0.13007172144717138,0.49859835058697044
CHEMBL2235262,O=C(CCCCCCC/C(=N\O)c1ccc(-c2ccccc2)cc1)NO,,8.4,8.4,7.894238873918537,7.054808758235294,0.5057611260814632,1.3451912417647067
CHEMBL4476253,O=C(NO)[C@H](Cc1ccccc1)n1nnc(-c2ccsc2)c1C#CC1CC1,,8.4,8.4,8.369339611865938,8.209242437967262,0.0306603881340628,0.1907575620327382
CHEMBL4792567,O=C(CCCCCCC(=O)Nc1n[nH]c2cc(-c3ccccc3Cl)ccc12)NO,,8.4,8.4,8.340680249596504,8.420284431187959,0.05931975040349613,-0.020284431187958418
CHEMBL6151525,O=C1CCC(N2C(=O)c3cccc(NCCOCCn4cc(CN(Cc5ccc(C(=O)NO)cc5)Cc5cccnc5)nn4)c3C2=O)C(=O)N1,,8.41,8.41,7.915364381017662,7.628837871355708,0.494635618982338,0.7811621286442918
CHEMBL4792980,O=C(CCCCCCC(=O)Nc1n[nH]c2cc(-c3cccc(Cl)c3)ccc12)NO,,8.42,8.42,8.27228178644145,7.823443276910572,0.14771821355854975,0.596556723089428
CHEMBL4788954,COc1ccc(-c2ccc3c(NC(=O)CCCCCCC(=O)NO)n[nH]c3c2)cc1,,8.426667,8.426667,8.378072329298348,8.365950429327846,0.04859467070165202,0.06071657067215419
CHEMBL4776328,CCOc1cccc(-c2ccc3c(NC(=O)CCCCCCC(=O)NO)n[nH]c3c2)c1,,8.47,8.47,8.316669320312025,8.155514302762079,0.15333067968797565,0.31448569723792197
CHEMBL4786350,O=C(CCCCCCC(=O)Nc1n[nH]c2cc(-c3ccc(Cl)cc3)ccc12)NO,,8.48,8.48,8.178769790689616,7.936968996446239,0.30123020931038447,0.5430310035537618
CHEMBL4793650,COc1ccc(-c2ccc3c(NC(=O)CCCCCCC(=O)NO)n[nH]c3c2)cc1OC,,8.49,8.49,8.288955597072375,8.161956819405244,0.20104440292762504,0.3280431805947561
CHEMBL4790137,COc1cccc(-c2ccc3c(NC(=O)CCCCCCC(=O)NO)n[nH]c3c2)c1,,8.52,8.52,8.378286590667356,8.308716521567213,0.14171340933264354,0.2112834784327866
CHEMBL4529036,COc1cc(OC)cc(-c2nnn([C@@H](Cc3ccccc3)C(=O)NO)c2C#CC2CC2)c1,,8.52,8.52,8.398310604031206,7.86476256601055,0.12168939596879369,0.6552374339894493
CHEMBL5619281,CCCC(CCC)C(=O)N[C@@H](Cc1ccccc1)C(=O)NO,,8.54,8.54,7.936072856087165,6.487737005932569,0.6039271439128342,2.05226299406743
CHEMBL6108953,Cc1oc2ccc(OCC(=O)NN)cc2c1C(=O)OC(C)C,,8.57,8.57,8.258290108289,6.1361529497975,0.3117098917110006,2.4338470502025
CHEMBL3577694,CN1c2ccc(NCc3ccc(-c4noc(CCCCCCC(=O)NO)n4)cc3)cc2C(=O)N2CCc3c([nH]c4ccc(O)cc34)C21,,8.6,8.6,8.249989339200038,6.179323116838759,0.35001066079996157,2.4206768831612404
CHEMBL4786031,O=C(CCCCCCC(=O)Nc1n[nH]c2cc(-c3ccccc3F)ccc12)NO,,8.62,8.62,8.563681989923886,8.07211260168884,0.05631801007611337,0.5478873983111594
CHEMBL4067006,COc1cc(NC(=O)NOCCCCCC(=O)NO)c2nc(OC)cc(C)c2c1,,8.76,8.76,8.416248324802426,6.030060776492865,0.34375167519757355,2.7299392235071345
CHEMBL4532398,C[C@@H]1CN(C(=O)Nc2ccc(-c3nc(N4CCOCC4)c4cnn(CCCCCCC(=O)NO)c4n3)cc2)CCO1,,8.89,8.89,8.623676704969082,6.731235810720119,0.26632329503091867,2.1587641892798812
CHEMBL6173091,O=C(CCCCCC(=O)N[C@@H]1C[C@H]1c1ccccc1)NO,,8.89,8.89,9.036530907553804,9.05462075099224,-0.14653090755380305,-0.16462075099224016
CHEMBL5274330,O=C(CCCCCC(=O)N(Cc1ccc(Br)s1)c1ccc(OCCN2CCOCC2)cc1)NO,,8.94,8.94,8.687449012182414,6.123332966330837,0.25255098781758534,2.8166670336691624
CHEMBL5632276,O=C(NO)[C@@H](Cc1ccccc1)n1nnc(-c2ccccc2)c1C#CC1CC1,,9.1,9.1,8.426247914521957,7.952211670282609,0.6737520854780428,1.1477883297173905
CHEMBL6169315,O=C(/C=C/c1ccc(S(=O)(=O)N[C@@H]2C[C@H]2c2ccccc2)cc1)NO,,9.12,9.12,9.063360601145076,7.957189136202207,0.05663939885492297,1.1628108637977919
CHEMBL6133082,O=C(CCCCCCCC(=O)N[C@@H]1C[C@H]1c1ccccc1)NO,,9.24,9.24,9.215854718054466,9.084334023451026,0.024145281945534336,0.15566597654897407
CHEMBL6145619,O=C(CCCCCCC(=O)N[C@@H]1C[C@H]1c1ccccc1)NO,,9.29,9.29,9.169341798428333,9.0820332781221,0.12065820157166662,0.20796672187789866
CHEMBL6173928,O=C(NO)c1ccc(CN2CCC(S(=O)(=O)N[C@@H]3C[C@H]3c3ccccc3)CC2)cc1,,9.39,9.39,9.118138005805083,7.604223115602483,0.27186199419491786,1.7857768843975173
CHEMBL4441774,CC(C)[C@@H]1NC(=O)[C@]2(C)CSC(=N2)c2csc(n2)CNC(=O)C[C@@H](/C=C(\F)CCS)OC1=O,,9.39,9.39,8.085039130122498,7.216238479110925,1.3049608698775028,2.1737615208890757
CHEMBL98245,O=C(/C=C/C#Cc1cccc(NS(=O)(=O)c2ccccc2)c1)NO,,9.43,9.43,9.02616862001813,6.978676170552839,0.40383137998187024,2.451323829447161
CHEMBL5595114,COc1cc(/C=C2/C(=O)NCC(=O)N2C)ccc1/C=C/C(=O)NO,,9.92,9.92,9.300772357283032,7.19163151204055,0.6192276427169681,2.7283684879594503
